video_id,url,title,channel,duration_sec,upload_date,view_count,gather_status,transcription,clean_version,keywords,sentiment_score,semantic_chunks,acoustic_metadata,embeddings,key_points,sentiment_analysis
ftbgcarkxS0,https://youtu.be/ftbgcarkxS0?si=7aNTyRDvGJk1FQTS,الدحيح - الطب النفسي,AJ+ كبريت,1122,20190316,8576802,metadata_only,,,,0.0,,,,"الأمراض النفسية زمان كان يُساء فهمها
في عصور قديمة الناس كانوا يفسروا الاضطرابات النفسية على إنها مسّ أو سحر أو عقاب.
تطور الطب النفسي مع تطور العلم
مع الوقت بدأ العلماء يربطوا الأمراض النفسية بوظائف المخ والعوامل البيولوجية والنفسية.
العلاج النفسي مر بمراحل قاسية
الفيديو بيعرض بعض الطرق القديمة الصادمة في العلاج النفسي قبل تطور الأساليب الحديثة.
الصحة النفسية مهمة زي الصحة الجسدية
الاضطرابات النفسية أمراض حقيقية تحتاج تشخيص وعلاج، مش ضعف شخصية.
المجتمع أحيانًا يوصم المرض النفسي
ناس كتير بتخاف تطلب المساعدة بسبب نظرة المجتمع، وده ممكن يزيد المشكلة سوءًا.",محايد/ توعيه
HG3xQjwenTc,https://youtu.be/HG3xQjwenTc?si=F2AhmGneDIsHP0Dq,ألف  سنة من الإنهيار | الدحيح,New Media Academy Life ,3079,20250603,7650967,completed, بخبارت كرباترة  اللي هاجة سكول لرعلماء إنه هم علاوها  محن برده ما لا ينهاش  مستقل على إيه  هستكي  مكتو بحنا في البردية  إنه دي ما قبارت تبقى كرباترة  وريني كده الفتاني بتقول إيه  مش ممكن  مش معوه  يرد اكتور في إيه  ده ممكن يبقى هم يكش في فقارنة 17  17  سحنا فقارنت الواتي واحد وعشين  الزبتة همغفل  انتيوسلس  انتيوسلس  يموزككرات تبقى الأصف  مش ممكن التبقى ده شف حاجات محدة الشفة  هتاني في الأصف  تشتها فهلا  بقول انتبقين الفرانة زمان  كرب شف المستقبل  أكيد شف فبتكتئيلة  نكتور باك فاية تحزير  هتأرها  مكتوب هنا ياماً تقرى موزكراتي  شكراً لأنك تحتم  شكراً لأنك أحتم  بيقول  كنت أتمنى أضعيفك  في مقبار أحسن من كده  لكن للأسف  أنا طبق على أد حالي  أشكركم على الزيارة  وكامك يا فاية  لكما سأمنحكم سر الخلود  يا  يا  يا  إنكت  يا دكتور هشام  ومساعد فروق  مش مك  دبي شف المستقبل فعلن  سر الخلود الأباد يكما وعين علي  أيها  يا  يا  ألعب لي  يا حيوان يا حقير  بتصطح تربية  وبقود العين من محدود مسبايا  يا دكتور حرفين  يا دكتور حرفين  والله دل المكتوب  معرسة الرياضة  التي تجبي  ما نعرفه  وان تارجيمه  الآن بالبلي  وأول خطوة  بالخلود الأبادي  تقبارتو  رياضة فعله مفيدة  ويتاني  تاني خطوة  يا  يا مش مكتوبة بوضوع  بس خلنحة والكده  مستحيل  يا  يقولي  قلبص بجني  قلبص بجني  الزهي  فيش حاجة بجنيد الواتي  دكتورنا مستقينه  خريبة  للطبخ بيادم لستالك  ايزال مشادي أستطفورك تعلن بك في حالة قدن جديدة  نبرن مجدحية  عزل مشادي الجميل أرجوك أربط أحزمت العاجة الحربية  عشان أمنا مشوار طويل  خلينا عزيزي أخدك من إيدك ونروح الصين  فقنل صعطوش  ونتحده يداً تحدد في نحيط  لو بهذا سألئة  أد ورسا وريف البحلتة في الميني  هي عزيزي المزارعين هناك  بيأمن المشطعلين جديدة  بعمل إيه  بيدوورو في نقلي بزيبل  وعرفي كويس ومبيض ورعلي  بيدوورو على روح  على اللفة البردي من نطورة في المنطوارة  وى بحمد بقلاء والبنزة  كنا عزيزي بلاب سولة جديدة  يخدوها ويتحموها  ويخلو طوعة مع السماد  مخلص ودع بحضمات  مش كانوا قلوا محدة عمين يصرفهم  عزي المضوع بسيطه  مكانوا شافين انها بتحسن من مستوات الزراعة  خبر عزيزة بيوصل القارة  فيتحارك اتنين من علاماء البرديات  البرطانيين  واحد اسم برنا الدجرام بالوحة  وحتان اسمه ارثر هنط  احتاجفوا سواء  ان البردياتي بتشمل طوثيق لنشاط السكان  اللي عشوف في مدينة اسمها اكسرين خس  او بالمسري برمجد  وديها عزيزي مدينة قديمة كانت مكان البحنسة  واسم عبعة وتحصر  ترسيق في البرديات  لوصاء اكتوجارية  رساء الغرامية  عوود بيع  شاعر ونصوز دينية  كل جواني بالحياة  حيات المصل القديم كلها مرمية  فبعسل الأمح في المينية  طبعاً على مندول  حتى جوز الأزم القلبية  وهي انقحوا الحمد لله في القاذ  خمسين الفلفافة البردي  اللفادي  هدرسها مئات العالماء حول العالم  وانشروع عزيزي في المجلدات على مضر عقود  أخيرها المجلد رقم 87  يتم تصدر أن تعزيزي كام  23  فبقالهم أكتب مند سنة بمشرو 87 مجلد  من هاولاء البرديات  أنا عزيزي دواتي بكلمة خلاة كنزة حقيقي  لنات تكشف لك النشاءة اليوم  للمصرين القدماء خلال الحمد بتين  الحياقة البطلماية والرمانية  من القرن الثالث أبل ملاد  لحد القرن الثسبة الملادية  الف سنة غريب عزيزي  إنه اغلب البرديات مكتوبة بليونانية  طب وحبين معلشي  ماذا يتسبب وعجيه  مهديا كفاطة تحكم البطلما  الفطر اللي بعد ما كلو بطل فرعي  طبعا جدا يكونوا بالكلمة واناني  يا عزيزي  أنا بكلمة على برديات كتابة مصريين  عشاني وستقوموا عملت بينهم وبين بعض  تتير من البرديات لي  له هو حكومي ولا هو رسمي أسلن  فسوالي هنا  الزيه المصريين غيروا لغيتهم  من المصر الطديم لليوناني  أو بمعنى أضق بأوباي لنجوال  بيكلموا لغيتهم مع بعض  والزيه الزمن طرقا  بلحد مصرنا القرمت سعطاشر  وشوفنا بل مصريين دول  نسين تريخوا  مش عرفين اللغة لكلمواها  فلحن البحنة عزيزي  بتعملوا مع البردي كسبالة  حب مهم عزيزي  مش مهم بلح تقار  اوما بلح السزاجة  لا  هم مبساطة  ما كانوا شئ ديني يرون المكتوب  الحضارات بتتوليد وتنهار  هي دي سونا الحياة  ولكن بيفضل منها كل شوية  حجد بتستمير  السنين مساهم  وحتى الفورس  دي مساهم نظر أرديانت  بس يلغيتهم فودة موودة  ولكن المسيل التأمل  إن حضارة  زل حضارة المصرية  تختف كل ين  حضارة بهزي العظمة  وهزل حب  وهزة التاريخ العريق  بتختفت ماما  كأنها لم تكن  وتختف معها  كل سمتها المميزة  زي دين  واللغة  دي عزيزي  لغس  ملزي حدس  للحضارة المصرية  مبداً عزيزي  إنهار الحضارة المصرية  محصل شف يومين  حضارة بهزي العظمة  تراشب الصرعدي  حضارة مصرية  إنهارت إنهار بطي  استمر العلف سنة  العلف سنة دول  تأريباً  العلف الأولة  أبل الملين  دعس حاجة عزيزنا  نقربها علف سنة  فعلف سنة  ما تضرش تراجع  سبب للنهار لحاجة واحدة  ما تضرش تقول  أهي يديه  لو كان عملوها  بلد العقس  عوامل إنهار الحضارة المصرية  كتكتية  وكتم تشابكة  ومجموها كله معباد  هل سبب للنهار  وطبعاً  عشان أعمان نظغيارة  والحلائة مع كومة  فصحة بنا عددت كل العوامي  أو مغطي ألف سنة كمليل  ولكن عزيزي  فهزي الحلقة  لقد تمتد مددتها  اقتم من خمسين ديئة  أم حاول  تريح العصرات  الحقنة  مصفي تأسم العصو  مقد بلك  ترخل ركال فيه  هذه التواريخ تقريبية  إحنا خطرنا  الارجح مننا  دل إنه علماء المصرية  نفسهم  مختلفين عليها  فلوحسن في مشكلة  عده من الأول معباد  وبعدين بطالح سبب  إحنا عزي شفنا  ما يمكن أنه سبب لناه  الإجماء  شان شاف ستحلتها  دعاً دعاً  نبدأ عزيزي  بالمملاك القديم  مهبونات الأهرام  زي زوصر  وخوف  بعدها  بتيجي الفترة لنتقليل  بعدها  المملاك الوصر  بعد كده  بتيجي فقط لنتقليل  مدتها  150 سنة  عيوان تقليوم  مدتها 150 سنة بتاع سلعاتي  وده عزي كن سبب  وده  البكسوس  بعدها زل حص  بتيجي المملاك حديثة  تهازيزي العصر الزهبي  لمس القديمة  وليفاع عزيزي  الزهر الوصر  البلوك بصدر أصر  خد با عندك أحم  سونا خانشي بسوود  وأخنا تون  وتطعون خامون  تحزير حق با عندك تفر في كل حال  ما سلت ما عبي التنسيل مقابر مهيبة  مصر كمان كنتمبرطورية  مصر طرع الشام  وخدث حياتة من الغنضول  وبوزء من العراء  وده تساعد لحد النوبة  وإجزاء من الليبي  بسحنا عزيزي  زي ما كتلع  أنا بأم عددين  أنا كلمة فطرين بس  الفطرة لنتقليل السلسة  والعصر المتأخ  مش محنا بحمد اغططة فطرة تنده البزاة  قلدي لسبب معين  والذي لا هو اكل حياتياني  زي قلتها في المنهة بلازيزي  لا زي قلتها  أنا كلمة على الفطرة تنده البزاة  تشنوها وقرننا  الفطرة لنتقليل السلسة  بالفطرة لنتقليل أولة  لمدة مستعشين سنة  ويتاني  زي مالتالك لمدة مخمسين سنة  حن لي أن في الفطرة تنده  مصر كذب بكمور البنفس الحكتة  حياتي عريباً  السلطة المركزئة مهار  الأقليم بتنفاصل  السر أو نابيًا تشو  هبال أوضع طبحل  هبالي يحاجم قوي  ينه الفوضة ويوحد مصر من جديد  يعني مثلاً بعد الفطرة لنتقليل أولة  قلت المملكة لونستة  كله إنجازتها  زي مثلاً أخرامات الليش  ومعبد سنة سرط الأول  وبعد الفطرة لنتقليل الثانية  قلت المملكة الحديثة  المملكة زي مالتالك  الفاة العظامة كلها  مع بضلوء سر  والقرنة  ود الملوء  بسيم بل برنمي جرح لأساتل آياني  يولة إنجازت الفطرة لنتقليل الثانية  ومعالنا بلقل حديثة  كان رحلت كلها عرمتك جزة بس  وخلق أصر ربعة فاعة  بتدي بها عزيزي  اللي تعويد نعلي بقى  إنه لما تجلنا الفطرة لنتقليل السلسة  نكون متعودين  وفهم إنه زمئي  ومستنين البطل لا يجيخ  اللسنا من كل ده  أولاً بسم الله  حتى الفطرة صر  من مية لم تنساني  الحدار عن داشة  أنا تعب شوية  المشكلة  بعدها تجي مرحل عظيمة  قل عادة  هل نعمل أحلى أصرف القونا  بيحصل عزيزي  إن الفطرة لنتقليل التلتة  بالتعود شوية  والأوضاء  بتفضل مش أدكدة  حول رب عومية  وربعة تشار سنة  أرمع رشي زن تقليل  ومع عزيزي  بتنتهي رب عمر بعطشة سنة  نبيج بعدها مرحل عظيم  نبيجي العصري متأخر  مرحلت موت  موت الحدارة المسرية  يا نجزة مستالح  فطرة تقليلها  غلطة  الحساب قليلة  عالمي مسريات  كليل في كتشن  فمحادي لم تكن ملحلة فوضوية  كفياء عام قسام  وحكام أجاني بقاء  وعتها  تجيش المسي كان مفاكك  ولكن الأوضاء نسبية  ينكرت مستقرة  إنه سكتدة التسافر  وتتحرق  والتاجر  هل يختارح اسمتيني  أنسب لعزي الفطرة  عص مبعد الإنبروطورية  هل عص؟  الحدارة المسرية  كلها  خصوصًا إنه فوات الفطرة التالتة  العالم حرفية  كان كله بدغائر  ربوان الفطرة تين  الأولى والتانية  مص مكنتش متحوطة  بجران أكوية  جران مستانيانها تضعف  عشاني القادة عليها  ولكن اللي بيحصل في الفيال أولة أبل ملادة  إن شاء الأوصة بدأ يسهم  امبروطورات بالستويلة  وإمبروطورات بتموت  وكله  بحرف كله عشاني سترى منطاء  عشورين على إخمينين  فبالتالي  مص متخصب ممتلكة  عال أمبروطورية  فما عددت على خير وقت في الصغ  لا  دمعنا إن الدور جاي عليها  وهي نفسها  اتبا محتالة  إنه غير أي حضارة  مش بس بيارجة  العوامل داخلية جوه  كمان بيارجة  العوامل خارجية  ودى من الصفت اللحظة  محلالة المسرية  هتستضم بأسباب  وعوامل برهة  فتأسر على العالم كله  زي مسلاً  اللحاسة في القرنة  فترة إنهار العسل بروند  دي عزيزي  كلنا قول لك  واحدة من أكسر الفطراض وموضن  في التاريخ البشري  حضارات كاملة  التاريخ مسك أسيكة  ومسحة عمي نوقف الأرض  الطراء التغراء بين الدول  أطعت إنهيار كبير في معدلت السكان  المحصلة الزرعية شاحت  وحتى الحضارات  اللي نجيت من هذا الفناء  زي مساً مص مص القديمة  قرغيت من الفطر دي  دعيفة جدا  قبلك عزيزي  إنه بداية إنهار الحضار مصرية  كفق القرن الحضوشار  أبل الميلاد  يعني اللحاسة في القرنة  اللي 12 أبل الميلاد  عصر بشكل مباشر  على بداية حزل إنهار  من اللي عزيزة عصر بروندزي  كان زماني بيي إبني بيي  وحماد لو سمحت دي الليدي  أخبرني إهل اللحاسة  إهل يتسبب فنهار العالم بشكل ده  إنهار العاني  لحصل وتهى مفي السيج اللي التاريخ يختيير  بتوصدق أسبابو  لك في العادي  فينهار جمعي الحضارات كده  حالت إغباء وسط الحضارات  فناذا نقول إنه كده ما فيش حضارة خيبة  وحضارة شاطرة  اللي انتحان كنت عب  عدثاً لما فينهار جمعي الحضارات بشكل ده  او الحاجة بيفكر فيها عالمات تريغي  هي المنيغ  مصر في عادر عمسيز التاليت تدربيتها معي  يا عاني فا  بعض عالمان مصريوت  يرقع سبب المجادي  لنفغار بوركاني  هيكل التاليت فأيس لنده  اعلى قطر عمسيز بايس لنده  والعشان ده تاليت وده تاليت فسن معه  الفغراء بوركاني عزيزي حدث عالمي  لائم من توابع عزل مفغر العميف  يخرج اطنان من السخو والغبار في الخلف الجو  والغبار ده عزيزي بيطلع في السما  ويفضل يلف في فكرة الأرضية  فايحجي بالشمس لفطرة الطويلة  احياناً منك التانتدل سنين  فمسل في فكرة المكلمة عن وداة فكرة التاليت  حصل سنة 1500 أبل ملاد  وتسابب في شتاء بوركاني قارس  بو عزيزي في دل سائع لمدة قد ادئي  تهم انتشر سنة  أنا هنا عزيز مش مقارب بكرة لمكرة على شتاء قاسي  لا تهم انتشر سنة  تهم انتشر سنة  في شامس  تهم انتشر سنة  في شامس  تهم انتشر سنة المحصول متأصر  معناء ببصوطة مجاعة  وبلعب شوية  كانت العصف الشتوية في المحيط الأطلان  تبادئ التغار مصرها نحيط الشمال شوية  وبالتالي صغب المنترى  تبادئ التغار حركة  وتروه الوصد قروب  أما في الحوض المتأصد  فما في شعزيزي  ولا نقطة مطر نزل  فلي بحكلك عنه ده  تسبب في ما يعرف بالبيفافة العظيم  ببيفاف بدأ  سنة الف مية  تمانية وتسين قبل الملاد  وتسبب في تغير  وناخل بحر المتأصد  بشكل درامة تشيكي  بحماد وحنا محتاجل المطر لي  مش مصد يهبت النز  بشحنا حتى كنت مسامينو  إلي لحبي  يا عبيت  يا عبيت المشكلة مش مصد  يفرحيتي بيكل  حنفعيش غالة  بس الماء أطع في بيت العمارة  الحضة راتل لحولي  كنتها قفيف  ومشلات كل دلواتي  هتعمل لي  هتات في بيتها  تيجف  ومتلعيش تاكل  لا  هتتطر تعمل حاجة من حكتيه  يمت حاجرة عندك  كنتها غزو  كمانة بحبش هدي غزيني  والبؤان المشتطلع ومبرضات  هتقدم دغاز بعننا  غراء عزيزي  نقدر نور اللحصل في عهد رمسي ستالي  لما كان معادة من الشووض  ضمره بالجفيف  على غزو مصح  الشوضي عزيزي  النصوين سموها شوه بالباحث  مثلاً شعبتك  دول جيين من صقلية أو كري  كمان شوه بالدنيان  اللي جيين من أضم  في الأناضول  وتحالفه  معالبيين  كمان الفلستيين  دول عزيزي  استوطان موضن  زي غزع  عسقلان  مصرئيض للتصوض هذا الغز  ولكنها  دفاعي تتمنخ لكي تنه  إنه يرخ تصوضي عنيف  الخزينة أو شاكت على الفلس  بالتالي  الدولة معليش عرفة تتفاع  مرتبات  رمسي سل الرابع بيوصل الحق  ما يليش القصاد  يدور علي ما يليو  في شالص ما قصد موجودة  اللي قصاد وأتاكن بيهت داع  ما انصف عدي جداً لن تشوف قطان  بيين  الشوهن تحبوب لمعبد  وينهابها  وبسرها مع كان فاس  قبتلاقي كمان كهنا  بيسراء المقدسة  ليرور  المعجدي كبت عدد تكسيد  للإلا أمور راعة  ما الواقع  بدأ التحصل إن حرفات كتير  خصطة لبين موزضفين الدولة  في المنطقة البعيدة  المنطقة النائية  لها بيدة عم مركز الحق  ويه عزيزي كتمن أوية  الحلامات اتفاكوك في مصر  لما تلاقي كل مكتماع محالي  بيضبر أمور بنفسه  بدون أي حترامل السلطة المركزية  على رمسي السادس  الموضوع بألا يحتامل  تراية عزيز فرمسيز خامس  تسح عسادس  تلاقي الوضع بأس و  التفاح صغروخي  لا صغر الحبوب  ما بأش في  حتى اسمام والتباية  حتى غزوة النبين عاطيبة  محدش بائدر  النوف الدمه  والأس وقوى  والأس وقوى النمرض  مصر كبتي كمصحرة  زي مسل النحياس  اللي تم بيجي من واضي تمنا  تفلسطين  والفايروز اللي بينسين  كل ده طاقة فرمان  حميات عسكرية مصرية  كتيرة كتماودة في الشم  يتأمر بالرغوة بشكل فور  عشان يحمو  الأمن الداخلي فمص  على المصرية الطبيول كنسة  بيوصف في كتابه  صعود الفرعينة  وصقوتهم  بول عن الفتر دي  انتهت الامبرطورية المصرية  القديمة  دون دقيق  ولكن بنشيق منتصل  من الأنين  انخفضت بلاد الفرعو  من أعظم قوة  في شاطق المطاصف  إله أمه ضعيفة  ومحاصر  وذلك خلال مجرد 4 أجهة  كلها عزيزة حيية لك على أكثر  مش هد لاكي سزل النهار  مش هد سارقت المقابر الملاكية  وحطت نفسك  مكان عم مال  الدولة ما تفعله همش  وردت بات  وتحت رجليهم  نسمي يتة مع أكنوز  بشوف عزيزة  بردية  بتسجل فيها تحقيق  اللاجم ملاكية  اللاجم عمالها رمسيستيسة  بتكشف عن فضاء  بتلاقي مثلاً  ان اللصوس  لما سارة ومخبارة الفرعوون  صبق إنساف  حراء و مسمان  الدروي الحوالي  لما كانش مغرى السرقة  لا  دك من تدنيس  مستحيل تتخيل نفي مصر القديم  وتدايين  يعمل كده  إلا كنت كشفت النقائد اللصوس دول  هو نفسه  اللي مسؤول عن منطقة الطيبة الغربية  فعويرا  ينهر رسودة بحمد  أنا رغم محتارهم  لا أسوى عزيزيه  من كل هذا  إنه متحسبش  لأنه المتحقيق بدأي رسودة ويكشفه  استعام بصديق كل وزير  خائم وعسد  وتبخ العملية سوى  وعسد يبلغ  لو فيعن هنا عزيز  العزيز مرحلة  هيكون بصاطة  فقضاً أثقاف الدولة  الفساد  ضرب الدولة  والكهنة  اعتدقات الليبيين  زاد الأكلة أل  وعاجش في القنون  ولاعت في حماية  مصداخلت في حيز الفوضة  وعشن اللي ينهر  يبقى كامل  أو بيوبرو  فحيات ميت تتوكه عزي الفوضة  فحربة أهلية  وقد اللي كان نائص  ففنوصة العزيزي  العدر عمسيد الحداشر  وانا من رائي  إن نحن كنة معتجين  نشوف الأحسن من رمسيس  أنا حسنا نحن نساعد  مساعد من الأس من أبعد التاني  وحن في حالة من نعس الدائم  نفيش الدخلس  نساعد بيتين رمسيس  وعمل انت كرارض غيرار قم  هل حسارف  نهن عزيزي  فعادة رمسيد الحداشر  سوك كنتيبة  هيا صورو  هيا صورو على الكبير كهنة آمن  أمن حوتي بوحي خلعو  من نصيبو  أمن حوتي الدائع عزيزي  مغرق شيس  مغرق شيس مغرق أمن  دروب الدهية  بيساعد على ألف الأفدنة  بيزراها  ألف الفلاحن المستقرين  ونهن عزيزي  مش بقل مقل أخطعية  أنا بقل مقل عصر عبلي  من كلا بكتير  أمن حوتي بعزيزي  كن بيساعد على أراضي  التعطبر  هي الاحتياطي الرئيسي للحبوب  في مصف العلي كلها  وبرش فيها مئاة الحرفيين  رمن عزيزي  كم نصيطة على روسط صد مصد  وكمان عزيزي  المنصب بتاع كان الأعلى  كان مسكوان عيلة  بتطرارة سلمنصب  لأرب القرم التعريب  دكل عزيزي  بيبقين مدى فسادر جلدين  واتهة مبسحة عداشة  لما وصدل الأغباردي  يتعمل لأن نصورة الناس  بالشكل ده  وخلع الكاهن  حلام مخيفة  على ضعياء  حبت الدولة  الكاهن هنا  مش بنسب ديني باس  ولا منسب سياسي باس  نعبين لتنين  شرعيطه جايا من حتطين  فلما نزدي  ما تجبرلوش  فدامعنا أن تديخل للرمسيسة  اللي تمشع دي ساخر  عشانها ينزل  لمسيس الحداشر في محول آخر  بيامرنا إبه في النوبة  بعناحسي  أنه استحيد النظام فطيب  ويرجع كاهن  أمن حطه  لما نصيب بعناحسي  بيتحرر بالفعل  وستحيد النظام  ولكنه زمت أقول كده  بيلي شخص لانتكهل آلدي  شولانا لزيزة  ووجب طيط الحل  نسبة تحترمني  وبدنادي لبقى القواب  مع آرد وبتاح  طبعا نعني  تنظر القرار  أن يكون قائده  جوج في الجنوب  وبين تزع  الأشرف على صامع الحبوب دي  من الكاهن الأعلى  من الأخذ كده عزيزي  بعناحسي  بعرمسيس الحداشر  وبقى هو الحكن  الفيعلي لمصر العلي  طبعا نعزيزر  عمسيس الحداشر  وقرر  يبعد كشم الشبال  القيادة بعي عمخ  والذي بالفياة  بينجح أن يطرد بعناحسي  من طيبة ويكبر  أن يتحرق في التجاجة جنوب  لكن اللي بيحصل  النبان حسي  بيطرد مع قواته  وهستان طردها عزيزي  بولغ فيها لخفيها  بيحرأ طيبة بالنار  بيوالع في المدينة  وبيضمر المعابد  واتمسيل  حلو لك عزيزي  أنه مفيش والحربة حلية من الحصر  وفي مصر الأديمة  تسببت فحرأ طيبة  طيبة خلق عزيزي  الخربية مصر  ميضنه لده  مش بيضن عده  المهم إنه بعي عم  حيطة عزيزي  أوحش من بعناحسي  ميطمرة  عي نفسه  قائل الجوش  إن فرد بالسلطة نفسه  بها هو المششف على صغم على الحبوب  ويكمن بها  باكاهم أمون الأعلى  يعني عزيزي  بعناحسي  خد صلاحيات الكاهد  بس أنه عزاء بضزي  مش عايزي باسمي كده  بها عم خبا  رغل عزيزي  خد السلطة الدينية  والسياسية  كمبتنين فواحي  جو اسميان آة  مؤية دي الملك رمسي  الحداشة  ولكنه فعليا  نفسه قلب عسكري مباشر  باعن  بدأ يحكم طيبة  بالحديد والنار  وينفس اختيالات سياسية  ضد اخصومه  يسا إده في المقبل ملكية  عشاني يصرف عن كروب توع  سرأة بتعيني عينك كده  بشكل راسمي  مش محتاجين نزور أوراء  ولما مد باعن  اخطار قد تجيشه  واحد منه  واحد يسمى حاري حور  رجد عاملين  هيا خود نفسه من نظبه  فمسر العليا  اما باعن  في مصر السفلة  أو الدلتة  رمسيس الحداشة  كان نهة  تعدس سنسلة من الغدر  والخيانة والبيعى  واستام مكانه عزيزي  جوز بنت  نسبعة  نبجدت  الله كبار بحمد  ونحب النسبة  رنع عزيزي  ودول أسمهم سابا جدا  هلستصحاب الإس  واسموه  حكام سنة 1770  قبل الملات  تبكد عزيزي  بتكون انتهت الأصرع 20  وبتتولت الأصرع  الواحد وعشين  وهنا عزيزي  بتبدأ الفترة  الانتقليسة  السالسة  اللي كورنا بنبدأ بيعل حالقة  استنى صنع المحتوى  الله لانت  يا آر حال لتصنع المحتوى  احنا كل هذا  ببدأ مش الفترة لانتقليسة  عزيزي اللي فدأ  كان لازم نقوله بالتفسيل  لأنه مهن مجدن  وتأسيسي في اللي جاي  القصم مص  الأول في الشمال  ده عزيزي  لم يكن انتصم مؤقت  ده كامل  لا اقتر من ربعمت سنة  الفترة  اللي مصحة انقسم فيها  خلال ربعمت سنة دول  حتكون اقتر بكتير  من الفترة الواحدة  ممكن انت قصم مص  باهوقع ده  تول الفترة لانتقليسة التلطة  حتك مصنة عزيزي  الاسرى  الواحد وعشين  الاسرى ده عزيزي  حتك مية  430 سنة  خلالهم  مصرفة اللي ينهتكون  عزيزي  حتك مجنوب  بيعترفه  بسلطت حكام الشمال  إلا انهم  بردل السبيض  للفسوم  القب ملاكية  فرمع طرف أسطة من تمالك  بس سميته  وكمن كانوا بيكمل  في سرئة مقابر  ملوك الماضي  يرمسها مقابل جنوب  خدم ميوات ملاكية  وحشروها  فواحدة من غرف مقبارت  امنا  بحجة  انحنا جماء بطرام من المقابر الملاكية  هنخلص تمام من عجاها تاني  فلوقع عزيزي انهم مكنوا بيرجات  بسرحة بحماد  انحسن ما صحيش  حقام الجنوب  ديان تاكوا قداسة الموت  الحاجة  اللي بتنعيز المصر القديم  ها عزيزي كان في معلومة  أنا كنت بخبه عليك  كتوسودة بحمد  تعرفني عزيزي  اموت في الإصارة الدرامية  وبناء الحتكة  المفاجاء  انحقام الجنوب  عزيزي عزيزي  يكون مصرين  بسودة بحمد  وحبت خدالك من كلمدة  تصيصة خطير مننا  عيوى عزيزي  بعيعان  وحرحور  وخلافاءهم  جيين عزيسة من اللبية  الناس دي  استطعطان الثمص  ويتراء ووغيشة المصر  ولن محكمه  رجع الوصولهم تاني  خودة عزيزيزيز مفاجأة كبيرة  بحمد ألى ميهات في قسة  دي مهودة على مفاجاتك  خودة بس  يسميها المؤرخين  بمرحلة الهيمان الليبية  ودالعين  التغييد العملون حقمه الليبية  ينجد أن تغيير كبير  ومؤسل في المكتمع  المعاتل الليبية في بس  تبدأ تتباح  بأسلها العيوة  وحن شوف قبرات القبائل  وهم لبسون قبعة الرشل مما يزاق  كعلامة على الفخ  مده حاجة  بتميز الليبية  كمان حقم مصر  مع دشمع تجنية لقبو  باسمها مصرية  زي القد الأواء  حرحور  تغيير من خلالها  شكل الهوية المصرية  الأباد حقق الأولى عزيزي  هما إدنهم بدأوا يكتبون  نصوص في البردية  بلوقع عمية  ومن توقف  قواعد مشاوها  وبفرضض بسيطة  قواعد بعيدة عن الشكل الفصيح  للمصرية القديمة  تمع عزيزي  الليغة استخدامتها الضقيقة  كنليها  مغزاخاص  للعرش المصري  يعني ملوقل مصريين  بيخطروا أساميهم  عشاني عبار  وعني الألاء  لبتديوم الشرعية  مسألة من اسم الملوقف  هو خنم  خوا في أو  الألاء خنم  يحمين  ولكن فاحد الأوسطة  وحد العشين  كان الأسماء بتاخد الصيطة  غطموا عقضة  ومالحش معاعدة  زي مسألة من اسم الملوق  بسيب أخن يوت  اللي معناء النكم  مع اللذي  يبزوخ فوق المدينة  المعالاتة استخيفة ديانيزي  للدعاء الأصالة  لم تخدى أي حد  حمزي حد للسامة  تعلم عربي جديد  لمن نساعد  ولممن نساعدون  لا نشف حمدين حلوة  فالياخد  الحاجة تاني عزيزي  هو أن الحكام اللي بين  يعني ما تمش أو موضوع المده  مده وتجنبوا المقبل الفردية  باتبار إنها مضياء على الموارد  بأو ابن مقبل عائلية  بس خارف أال  مرصوع يسكام ملوقف  كان يدفن  كيجوس مرصوصة  ديان بارايبه  فمقبل اقتصادي  تكلفت معقول  فشوف عزيزي محاية  وليل ابد فيكرة الأضرحة الملكية  المسهلة  وليم عابد جناء عزيب بخمة  يمكن عشان شفو مخبر الملوقف الأديمة  ويرطبيب  اللقيدة  أمشاء زعم المقبارة  يمكن استساعة  ويمكن كمان  عشان طبع الليبيين  الرعوي  اللي بيعمل أكثر  لفكرة البسطة في الدفن  مما عزيز إن المصري تحررر من فيكرة  إن أغلب موارد  تروح  لبيناء مقبارة وفخمة  باتبار إن الفخامة  هي اللي بتحدد المكانة  خلاص معتش في الفكادي  بين كلنا البسمني مني  بعس مني مني  هو بالتالي من شوف لوسر عدع عشرين  إن محدش إدبنال  مخبر فخمة  غير مولوك العظم فقط  أمه  التغيير التالي والأهم  اللي بين في مص  إنهم حكم مص  بالعقلية قبلية  اللي بتشوف الملك بنظام  اللي الأول بين متسويين  بريمس انتر بارس  يعني الملك والقادة  والتكامل معلين  متسويين  في الحول والجبات  لكن اللي بيفري  إن الملك عنده قيضة شرفية  بس أوليات أعلى  إنه رئيس أوزرة  بين الوزرة  تطبعني عزيزي  على عكس النظرة المصل القديم  اللي بيشوف الملك توارامس  واحدة البلاد  والتجسد الحقيق  قليل إله في شخص  العقلية الرعوية  بتاميل إلا التفاتة تسيزي  بحافظ  إن كل المكتامة مع محالي  يصرف أمور بنفسه  لكن العقلية المركزية  تعتى المصل القديم  بتعمل مع الحاكم  على أنه الدولة  الستيت  فشان اللي بيين  يحل مشكلدي  في اللهوة المصر  فخلوا أمون  بس إله  لكن الملك الفعل المصر  وحطوا إسمه في خرطش ملكية  لما الإله  بيكون ملك  حالت أمون زي ما اللي بيين عملو  فدامعني  إن أنت ممكن معاك أكثر من حاكم دنيا  كلام بيسرف أمون  كلام بيخدم أمون  يعني مشلازم  واحدة العرش المصري  يكون متبسدة  في ملك  من لحمو دم  لا بيننا  بين بعد  كلنا منعكم  بس ودام المصل القديم  أمون هو البحق  في الحق مديني  كان هو رأي تتوت  اللي تستر ما تبقى  من عرش ملكي مفتد  لكن في الوقت نفسه  كان مهمة لستمرار  الوهة  وليقنى على المصري المتدينيين  إن مصر لست مواحدة  شايفك مصر قديمي على الآن  تخذ  مش حق مغريبة عبيبي  دامون  مشي تبتحبه  براب  من إن الحق مي اللي بي  استمر لستين طويلة  تخليأ أولك  إن المصريين تعملوا مع اللي بيين  بزدراء  فأحفاً لحوال مرتظق  وفأسوة الأحوال  نسمى لهم شئاسك  يحتلوا بلدهم  ولكن عزدك كان كل كلام سوش المدية  المصريين لم يتخذوا أي إجراءات  ولا أي خطوات جداية  عشان استعيدوا بلدهم  خصوصة إن ما كان شديو مدور في الجيش  وبالرغم إن إن في سنة 42  قبل الملاد بيزة  حك مقاوي اسموش شنط الأول  بواحد مصر من تاني  وبيأسس الأصرى 820  يعمل إنجازات عسكريف الخارج  وبنخلصها في الفترة  لنطقليها أوام  واسمك راجعة 2  عرام سيزة 2  ولكن عزدك  لنقول لك الحلمي بيموت بموته  لكن يفسي بحمد  يشوف رمسيس اللطموش  عدد شاء عزده  عزده من الميت سنة  ومصة قسم المراضي  فعلي  الأصر 820  يتغكم في الشمال  والأصر 820  يتغكم في الجنوب  لالتنعش مقارر  ولستتنع رائب  ولكن مصمت أسما بينهم  وحتاج والأصر 820  يتغكم في الجنوب  حتى الشتحة الحربة  يموتتها واحد  وتلاثين سنة  بين الملوكة  عالمين  هل يحكم تيبة  وبين هاي تعزي عزي عزي الحرب  هاي تكون الدنيا يخيل بكتما  لنشوا عزيزي نروح على جنوب مص  في جنوب جنوب  هل هي عايلا تانية  من العقام النبيين  يمكن يكون حتى أكثر  إخلاصة في عبادة أمون  العلالي تفارق على الألالي بيحصل الفتيبة  وجنوب المنقاسم  وبتفكر الزيت الداخل  أتدخل بغرض يا بحمان  أرجع مسل النصريين  لا عزيزي  جنوب مقاسم  ما ناخده  قصد الحقام النبيين  وهي مجدّن أن نحن نحكيها  انا مدين  الحظر مصرية  وإحظر عمومن  ليس مغارض مزمسياسي  أو شاية إنجازة معمرية  ولكنها كمان  كوانا عامة عبر الحدود  زي إيه اللغة  والأهم  إذين  شنفة معزيز لفين نبيين  يبدو أمون محتىينيين يبل في تسعى الار  أرجع ما كم أصر  أهد العاجة لك على أصر التمانتاشة  وبأسيب المفريح بس  عشانة في مسللها تطلع للحاجة  في الأصر التمانتاشة  المنشوف تحط مستلت  وهو بياغزو  بالهد النوبة  وتابي يروح معا  كانت أمون يبدو ان شروع  عقدته  بينشروع عقدته منيك  وستل نبيين  وبيبنه  نعبد لأمون  نعبد اللي بيعتبر  المقابل الجنوب  نعبد أمون فلأصر  ملأصر من نسبة للنوبة  هي الشمال  وهل نفينتو في قبل بركل  يوجب المخضص عن النبيين  شبحت عبانا قبر  تحبانا قبر  أنه هو حام الملوق المصريين  والنجابل له  هو المصدر الحيه  لسولال الملوق مصر  وراماً حسار المرتورة المصرية  وكمان إنسعبها من النوبة  إلا أن المعتقدة الإمانية  دي فضلت موجودة  عند الأصر النبي الحكام  لحتى بيصر الملك النوبة  بعن  وهي بدأ في حدود سبعمات  30 أبل الملأد  يتوسى شمال النوبة  ويستعيط طيبة  الارض المخضصة  لا مون  حركة العزيزي  حتى استفزوها  تستمفر ملوق مصر  حسناً رب شعزيز  كلمة ملوق مصر  لأنه مصر وتاكتنا السما  بين ملوق كتير  زمن تشيف كده عزيزي  ما شهد عباسي  أربع أصراط موجودين  في نفس الزيت الوقت  زيت ننوى الشيوم  وتتعر شيوم ورشين ورشين ورشين  ورشين ورشين ورشين  دولازي مش حكام  دول تترات  يزقود وخاضعين  لبعى عنخي  فيني عزيزي  في منذ  حجي  أنا هايزك تخد بلق معايا  من المفارق  إنه واحدة مصر  اللي ما بتتحاق أخيرا  بتتحاق بإيد ملك نوبي  اللي بتحرق عبلاية حاجة  المشاعر الدينية  اللي أساسة  دولة من مصرين  صحيحة الوحدة تحاقات  ولكن مشاكل الزاهيري  سبر فشال  ودالعين لبعى عنخي  سابلها وقام المحلين  يظهره هم  نبات في الجنوب  وحاش في تباته  ونباته  ومجاش مصر تيني  جو حر أو عده  وصحيحة إنه ستو الأسر 5.20  كنت بتحافظ على التقاليد الملكية  وكنه حرسين  على تقديم نفسهم  فصورة أكسة المسرية  من المصرين ذاتهم  ولكن داع عزيزي  لم يكن مرية  للشعب المصر  الأسر 5.20 إهتمد بتقاليد المملكة  القديمة  فبدأ إكتبه  بلغة مصرية قديمة  عدد على وقتها  اقتر من 15 سنة  ودائبين مداء الإفتعال  اللغة  كنت حديوات عزيزي  بحول تعلم عربي  فكاللمك  بمفرادات الشرق جهيل  اللغة نزيستهم  تفسيح  بعد نيوزت تلسب شارتك  كلمة عرم  كمان  الأسر 5.20 إهتمه  ببناء الأهرماء  وقلية عزيزي  أفاظ أقل بمهلومة عامة  أكتر دولة فيها عرمات  مش مصر  مش المكسي  أكتر دولة فيها عرمات  السدان  عدومة عزيزي  بس عزيزي كلها الحبي ميل  مش القوب ببتعنا  الأسر 5.20  بين الأرمد  يتكريم الحضلة مصرية  اللي الزدار  عمرتها وصخفتها  خيرك حلودها  بس داخل حلودها عزيزي  قبل تنهار  حملت بأنخي على مص  لن تكون مقارل غزو  وكان شيفها  جهيد لططير مص  نضال لستعاد الدنة الحق  وحتى معدموته  يحتاجت مصركزة سنة  عشان تستعيد  وحتى تسياسية  وفعادة أيضا  يحتوى مصر لستها  تشم منها فاسها  ينصار معانا  شرغي في الحدودة  رحب مع عزيزي  بالفلنة جديد  لداخل معالة  مملاكة عشور  مدرسة عشور  لا عزيزي مملاكة عشور  فكرة عزيزي المواصل  لكن نمان  حيار العاصل برونزي  بدأت مهاجت الحضرة المصرية  حيارك بها  عن العاصل برونزي  العصور التارخيل أديمة  متأسمة  ثلاث فطرة رايسي  العاصل الحجري  البرونزي  العاصل الحديد  البرونزي ملاس مكدى  البشر في استغضم  البرونز  مزيج من السبائك  البشر بيعمل بي  أدواتهم وأسلحتهم  مثل انتحياس  والأصدير  الأصدر في المستمر  لحد سنة الفومتين قبل ملاد  بيه بعد كدى  العاصل الحديد  عدد البشر استغضم الحديد  يعني أسلحة  متطبور أكثر  والذكر برعيم فدا  كانوا الأشوري  كانوا وتبدر على فكرة  إن العاصل الحديد هو  اللي بحال مرلعي  فتلاعا دول  أعربات مصفحة حديدية  أدرنا ناطح الطم  الصور أقوى المدن  بمحديدية  تقصر أي عجل حربية  دروع وخوز  متينة  بسخفيفة  سيوف صعب الناتك كسر  والأسوى من دى  تروعهم في التعزيب  والأتك كناس  ليبل المقول في البشاع  بدأ الصضاب  بالمصفين والأشوريين  سنة ستتمية  سبعة وسبعين أبل الملاد  بدأ في محاولة من الأشوريين  للسيطرة على مدن  مدن موجودة في الشام  وموالي المص  الملك تهارق في هذا الوقت  زي يو زي يقول لحكم مص  عارف إن أم مص  بدأ من الشام  بدأ بساطة  لأنه سينا صحر مفتوحة  فبالتالي كان لزميدة في عام علفة مص  خصوصاً  اللي متمركزين  في السورية  واليبنان  وفرصتين  وداء إنه تارخير المعضوحة  أي عدوه بيقدر سيطر على الماتي  دي تكون الخطوة جاية  إنه احتى المصر نفسها  وداء لحصل للأسف  لما الملك الأشوري  أشور بنيبال  قد حملت على مص  سنة 1667  أبل الملاد  وحشاني عزيزي  فزار في 3 سنوات  يكتح مصري بالكامل  ويستول على من فوطيبة  العصمة جديدة والأديمة  وعين ولا أشوريين  على أقل مص  مصكلة بأتحبار  عن ولاية أشورية  وداء عزيزي  أفموا لحتلال عسكري  لمصري بالكامل  في تاريخة  سياست أشور بنيبال  كانت شديدة البشاع  مع الأماراء المصري  اللي كانوا بحاوله  اللي قوموا  وتمارد علي  يتعلق جسسهم  على أصوار الموضن بعد  نتسلخي الغروضهم  الحكب المصري الوحيد  اللي إيبل المتعاية  مع الأشوريين  كان هو نخيو  حكب مدينة السيس  ويبنوا بسمادي  اللي حياء  يكون مدينة تحور تريب  اللي مكانها بانها لألوبيا الهدوات  هيها بحمد بانها  أنا حشات العسام العرفة  وهجة كعزيزي تفتكر كوش أوي  ويبنوا بسمادي  تدولي عزيزي  ابطال المرحلة جايا  الملك عزيز تهارق  هي موت من الآخ  سنة ستتمارب عشتيين أبل ملاد  تعب وحمل كرحن دوية  عزيز كان عندو احتلاء شوري  كان عندو حضرة من هارة  بي موت تهارق  وبتولى مكان  خلف تتاع نتأمون  اللي بحاول جديد إنه حارر مص  ورامن إنه ملك نوبي  إلا إن شاب المصري  تواحد وراء  ويدري حاررة  مسحات واسحة  فاكد الملك الخيين  اللي تعاون مع الأشورين  ولكن الأشورين مش هزك  وهي بحاته جيش غرور لطيب  وينجحه في احتلالها المرة التانية  سنة ستتمارب ثلاثة وستين  أبل ملاد  بس المراضي عالم مروع بالكامل  هيشى وهم عبدها  ويحرى بيوتها  هيزل نرجل مصريم  ويخطاصب المصريات  ويقول إنهما يتولى أطفال بوحشية  في حاديسة  يعتبرها المعارخين  أعظم ضمار  لما دينا عريقة  في تاريخ العالم القديم  ويعتبرتك الستو  كاريسة من الحمية في الحلارات التانية  كذليل على بطش الأشورين  بنحفزنا  بنال عزين دي عزيزي  بتنتهي الفطرة  الانتقالية الساليسة  نبدأ دائما نهار  الفطرة  الانتقالية التلفة  اللي بدأت بطمار تيبة  على إدب عناحسي  انتهت بطمار تيبة  على إيد الأشورين  دي فطرة عزيزي  اتحكى متفيها مصر من الأجاني  سواء اللي بيين  أو نبيين  ولكنهم في نفس الواتي عزيزي  كانوا بيحترموا الحضار المصرية  بيحترموا لغتها  وبيحترموا  دي عناتها  ظهر منهم ملوك  زي ششانك وبعنخ  وحولوا واحدوها  فطرة إضغارت فيها اللغة المتتوبة  عند المصرين  إما تجاه  التبسيط المخل  زي معامل الليبيين  أو تجاه اللغة المقارة  المهقورة  زي نبيين معامل  فطرة إضغير فيها  نظام الديان  امون  به هو الملك الحي  بحيس  المصرين  ووجود أكثر من ملك  في نفس الوقت  كل حاجة عزيزة غير  الملابس والاسماء  وحتى طريق الدفر  أكثر من رووعمت سنة  من التغييرات المستمر  والإطربات السياسية  والمجاعة  فطرة إنتهي  بحتلال عسكاري شامل  وسخوط مص في إيذ الأشوري  حدي عزيزي  محمد اللي بسلامة  خلصنا الفطرة لنتقلي  نفضى في مرحلة العاصل المتأخير  متاملة بحمد برخة مزداء  ريح لأسوطين وغيلة  كاتنة بحمد عاصل متأخير  أنا محترميش المحترميش مع عيد  عزيزي  أتلاع أجلك من روحة العاصل متأخير  البس  أخلى بالعاصل متأخير عزيزي  كان اهتلال عسكاري مباشر لمص  أو موجود أقلية عرقية  بتحكم مص  بدغاير في مهتقداد المصيين  بشكل مباشر  وزم بدأ العاصل متأخير  بالإحتلال الأشوري  هيخلاص برضو  بالإحتلال الرمان  قدى بحمان  هو الأشوري مطولوش معنا لان  الحياة ليزي إن  إحتلال الأشوري  مشاستميلي كتير  لان الملك بسمتك الأول  أبن نخاول خيين  مشهاتل على بو  لا  جين الندالة  كم متناحي  خلسانة بعلم وراسة  بسمتك الأول  حياس عى بحركة صعى  إن وحب نص  ويطرد الأشوري منها  هيفاع المبدال الحتروف  هياس تعيب مرتزقة أجاني  بسمتك كان شايف إن نسنين الحكم التويلة  تحت الليبيين  والنبيين  فقدت المصرين فكرة اللي تسمى العسكاري  هو محتاج محربي ملتزميين  ورحفهم في العسادة  يلاي محربي ملتزميين  الحضارات الإغرقية  بروحة عزيزي على سحة الأنوضول  الحضارات اللي زيليونيين  والكاريين  وسحة لقاته كمان مع ملك  لديها كل دول  هي حرب وتحت رائد بسمتك الأول  عشان في النهية ينتصر على الأشوريين  وهي أسس الأسسة توعشين  وفي سنة تشكل ناسة توخمسين قبل الميلاد  ينجع إميزيح الأسر النوبية  الخمسة وعشرين  إيزاي عنطري المفاضات والحيال الساسي  عشان أخيراً  البلت تتواحة كلها  تعطييد ملك واحد  وصلطة مركزية واحدة  نعون مرة عزيزي  مني خمسومي تسالة  الوحدة دي  هتسمى حلماص  النهاة تفصد للأطمال خارجية  فنشوف ما وزين القوة في الشر  وأتضغار من جديد  والأشوريين أخيراً بوقع  وبهنتهي حكم الرعبة في المنتاء  وبتزار عزيزي إمبراطورية كديدة  البابلي  ومليكم الأشهر  مبوخز نصر التاني  وكال عادة  هياح صلبين وبين المصريين  صراء على مدن الشام  الصراء البكساب  مبوخز نصر  بمنتاج سهولة البابليين باخد الشام  تكن لما بحاول  يغزوا مصر  سنة خمسومي تنو سبعين أبل الميلاد  بيوافلوا الملك المصري  واحد براء  والبابليين  أبي عرفوا شخص مصر  وشغيها عزيز الأساد الواتي  هو انجيش المصري مش مصري  وانما عمل كده زي المملي  مجموعة مرتزقة أغريق  وخدين مناسب عالية  بالجنود المصريين تحت منهم حسين بالتحنيش  عشان في النهية  نشوفهم بيتمارض ودد المالي  واحد براء  اللي بيضعت لأبرض القادة بتوع  عشان يواقف هذا التمرض  القائد أحمس  وأبل عزيزي ما تعالى التعليز سخيف بتاع  دغير أحمس الأول  لر أحمس لطالد الوقسوس  أحمس جديد عزيزي  اللي جمد أخر تمنى قصر  ما تلاش سالي غزاء أحمس الأولين  هل هكبقًا سمي اسمي يمكن يشتغل المراضي  لما عزيزي بيروح يضع التمرض  متمارضين بيقوله بولك  تشف شعب الاسمي  مسيبك من المالي بدا  بولكي احنا متمارضين بالقائد  تحمنت بقائد تعال  تعمل قدنا  بيشوف عزيزي قدد التمرض  وهم يعلنوا أحمس ماليك على مص  وبتسمى أحمس السالي  طب بحمد والماليك اللي جاب  تقدمي الحياة يا رب دلوات  الماليك واحد إبراع  بيه رب من التمرض وأحمس الثاني  وبيستنجد بميين عدو ومص  الببلوني  نبوخص نصة  بولكها ببلوني  مزيتش من دجلة والفرط  مش عزيزي قراب الدنيا  تغطوا باية  نبوخص نصة عزيزي  ما هي سده  ويقوله أنا ممكن أن يكس لحور جالة  وترجع تحارب أحمس الثاني  وترجع عرشة  وحكزة في حام  في مصوان 1967  بتحصل هدم عسكرية قبارة  من البر والبحر على مصيش  بيه قدها  واحد إبراعا بنفسه  تغلق عزي المفارق معنا  ماليك مصيسة سابق  بيه قد جيش من الببلين  ضد ماليك مصيحة  حالي  ما هي جيش من الغريق  مش هدع عزيزي  لأول مرة بيه حصل في التاليخ المصيح  جيش من الأجانب  بيه قدهم منوك مصريين  وبتنفسه على البالد  ونتيغ عزيزي  إن الحملة بتنتهي  بتنتهي بن تصار عح مصيستاني  لكن آخر ملوك مصر الأققية  وصحيح  إن مصر فعاده  قد مستقرة  وشافت نهضحي  إلا إني ما لمح المكتماع المصيح  بدأ التضغير بالكامل  بدأ إيذي عدد الأعراق  إلا عيشين فوق دمين  مصر عمراء بتصطدي في الأجانب  بتاعرف تخليه  ينسهر بوها  وذلك المرتازقة الإغريق  هي قرر النهما  يعني عزلوا واحدهم  وبالفعل  إليهم الملك أول مستطعطانة خاصة بهم  بنوك راتيس  منتهي عزيزي  بأجهبها السور حورة كده  والمرتازقة  ورجال أعمال  يستورد الفادة  وزد الستون  والنبيين من بلدهم  ومسداره  لبلد الإغريق  تحوه المصرية  كل هذا من غير ما يتفعل مصر درائم  تغشى عزيون وك راتيزدي  بتحشجن تفماص  بكليئ مثلا  من عابد العبادة لإلاها  أفردت  والإلاها هير  وكمان  فابد عارة  وتغارة الرقخة الأبيهة  كل عنوع المبخة المكة تتخالها بي  مشو مدول مصرينة  بحماد ودمش مصر  ناسه السوريال  انت ايتش بي  لا أه  تبتسخم سول علي  أركب لك مروحة  كممكن حزيزي  الحضالة مصرية  تكامل بشكل طبيعي  ولكن زي معونا  الواضع في شاكل أوسى ثلوقت ده  لم يكن مستقر  ولا فأي وقت تاني وغلوة  تكتول عمر ولا بتم بيتش بي  فقل أوسى ثلوقت عزيزي  كان في الوقت ده  بياغ اللي وبعوج بالأمبرطورياض  والأمبرطور اللي بتاع  بحل مكانها البدل عباطو  والمراضي  زهة الأمبرطورية الإخمينية  في بلد فارس  ولكن مصر  فقد تقويتها في بلد الشم  وكيش هكمان  بعد امعتامت على الأغريق العجاني  فتطريع عزيزي  بعسك ودوغر مفتوح  عشانيه للملك الأخميني  قام بيزي التاني  يحتى المصر بيسمو  ممتاز السؤولة  بخلق قبض  كسب  يطول مصر  25 أبل الملاد  حنانها التانية  بنشوف  قاعد المرتازق الأغريق  فمص  فنص  ده المدارب الخواقع  اللي جايبون من برعي درعب الجيش  ده جازف عن التعنى  رحمة ليعزيزي  خطوشة من فرسون ضميلهم  معاول يوم في الملكت  ودفع شفتك جزاء وخلع  وبهد الرش وعزيزي  ما بقش في أي قوف مص  تحميها  كده عزيزي  تحديث مصر تحت الهتلال الفياريزي  حقا بسي تكده عزيزي  ما هو عزيزي سنة  عافظة رن تقلية سريعك  حسنية جاي عزيزة تعمل حضارة  ومعده على مصوطات شوية  وتبدأ تشوف بعد كده وضع  ده عزيك تأول مرة  مصر تؤع بالكامل  تحت الهتلال أجنبي المدة تتجاوز القرن  تغيرات طالت كل حقا فمص  لكن أهم هذه تغيرات  إن طبعت إلى الدريين المصريين  الصحاب الوزيف العلية  يحاول انتماعاتهم بسهولة  من خدمة الملوق المصريين  لخدمة الملوق الفرس  ولوق الفرس اللي راعد كده  بأسبوهم  الوصفة 27  عنتك مثلا  قاعد الوصفة المصري  واجهة حر رسن  الهال مفروض مصري  ابن مصري  ولكن مدلحة من تمساله  المحفوص في البيتكان  عبارات  بتمجد الهتلال فارسي  وهي مقابل متيزات  هو خده  زي مثلا إنه هو بقاف مستشار ملوق فارس  يحن راء خمس فر  وأعيش وأحد معهم  طبعه  إذا إداري المصريين  والمنتفعين  الحكام الأجانب دول  مأجبر مسال على بداين  تحاول  لغة المصريين  من لغيتهم الأم  للغات أجبه  باللغات المحتال  وتعه مهد الأمية  حن حالي جداً  بالمصريين  وليعرفوا يقروا يعتبوا  بالمصال قديمة  هذا تحت جداً  وكان أغلبهم  من طبعه إذا إداريين دول  الليهم فحاليتنا دولت  لم يعود مغرض موظفين  ولكنهم حاملين  ترسل على البلد  باتبارهم  القلل المحزوزة  اللي بتعرف تقروا تكتب  بالمصريين الأديمة  فلا يدول حول انتماءته  وبادا  ويستعمله  لغة ديدة  هيا علموها لولادهم  من بعضهم  فهي بشعب التدريج  يستعمل هذه اللغة  باتبارها إي  اللغة المصالة الرسمية  اللغة اللي بمتنسعدنا  في الطرق  الإكتماعي  مصر عاشت فترة جميلة  ناخليفة قمبي الزارة الأول  اللي احترم  في فترة جوود  عادات المصريين  ورم من معبدهم  صلح الطرق  وشاء الترع  مسجيمين بعدهم  ولوك أو حش بكتير  يبسببهم صار المصريين  أربع سوارات  طبرة  أربع سوارات  بانته  بانتصار المصريين  وترد الفرس سنة  ربه ميه أربعة  قبل ملاد  وينا عزيزي  مصري بتعيش حرة  ومستقلة  لمدة تستين سنة  اللي أنا عزيزي  لم يكن هناك استخرار داخل  خلسة تنسان دول  بنشوف حق مثالة أسراط  التمانية عشرين  تتسعى عشرين  والتلاتي  لحد نبيار جعل احتلال فارسي  ثانة تلتمية  ثاثة واربعين  قبل الملاد  بس الفرسة المراضي  نبيو عدوز بعد ما يوحل عشرين سنة  لان كبير  في الأغبر منه  بيزار عزيزي  لسقندر الأغبر  بيجي خنت تلتمية تنتلاتيين  قبل ملاد  ونطول الإخميني  عزيزي مرحلة جديدة  من عمر مصر  العصر الهلنستي  العصد عزيزي فترة  من التاريخ اليونان  انتشارت فيها  صقافة اليونان  خارج اليونان  بدأ عزيب في  جريك بو بزالكي بو بك  تشوفها في مصر  الشام  وأسى الصغرة  الصقافة اليونانية  اختارة تتبى الصقافة المحلية  بتاعت كل بلد  أصبح عزيزي سوص بتحطع الحضرات  عندك بسها لان مصر  كاما بطلاً  مصر الأول احط  الاسكامدر في الحكب مصر سنة  تتبى اللخام سابل الملاد  وفضل عوب وعالت  بها كم مصر تلتوميت سنة تعريبا  تلتوميت سنة العزيزي  رقم مهول  يعزي مدة اطوال  بينك في عزي اللحظة  وبين الحمل الفرنسية  شوفي كاما حاجة حصلت  بين الحمل الفرنسية  حضلات  اهو تغيرت الحصر في العصر  في العصر بطلاً مبقى  أغبر منها  مثل مع تلك عزيزي  العصر الهلنستي دا  عزيز من الصقفة المحلات  تأكل بها  انا الصقفة الهلني  وتبعا مصر بخص بها لحسة  تحبوا الهلن الموت في الاندام  والانصهار  أمر عزيز دا  اللي عادة  ان تأسيمت التاريخ المصري  لشكل اصرات  واب المناسبة  التأسيم الماء بول في عالم المصريات  كان كنبوا كان مصري  اسمه ملتون السمنودي  كتبوا خلال  فترض بطلاي مستتاني  باللغة اليونامية  تخلع عزيزي  تاريخ  فكرة الأصر  اللي احنا منا هرد شرغة لنبي هذه  كتبها كاهد مصري  بالليونانية  فعص البطالمة  وكان أصلا مكتوب  لما لتمسل اليوناني  اشني فهمه  تاريخ البالد اللوى بحكمها  تاريخنا عزيزي  كنمني واللبطالمة  فدى ساتف باشة  فدل  سمنودي عزيزي كتب كتاب  بعدما البطالمة  توالل وحكم مصحة  بحوالة 30 سنة  يعني تعودة  كان شريع جدا  كل حاجة  قد أصالب بشكل مه  بنضرت اليونان  احنا عرفنا مص  من خلال وجهة نظر يونانيين  فينا  يعني مثلا  أسماء المنوب  زي أمزيز  بدل أح مصبتيني  أسماء الموضن  زي يهر مبولس  بدل خممه  وحتى اسمه هر مبولس  بشيس مجايك ده من فراغ  لاندين مدينة  اللي كامت مقارر عبادة الإلاة  تحوت  سنة بوحماد من خلال قراط البصيطة  فالمصريات  تشادة لفدوات الفنان محمد خميس  وتعرف مؤخرا  على زباد اليوناني  أضر أولك بشكل واضح  إنه هو مبولس دي  مع نهة مدينة الإلاة  كرمس  ثالاقة تحور مص  بتحوت  دكتور زائب نفس مفرق عليها  هي الحلقة للعزيزي  مي سابح مدس  ما تشكل فيكتير  أركوك  قامنا السعل بسرعة  يوناني عزيزي  دمقل إله المصرية  مع اليونانيية  أصبح هناك  إله في وجن  يجب لك تنين أزرق  و تنين أحمر العنان  يبا معك تنين الأزرق أحمر العنان  لا شيء يتنين تنين تنينه ضرع عليك  باه من كانوا نعينه  دفع الزبت اليوناني  عملوا عشاني وحب الشعبي  يعني إله المصرية تحوت  يبقى ههههههة  الإله حرس  وسمك كبير الألها  سربيس  إله خليد بن أزوريس  وزيس  وابيس  شوف التبتببر لاني واعت فيهم  أتلاف سربيس  حتى الألية المصرية نفسها  ووزوريس بالمناسبة عزيزي  بنانتها باليوناني  ولا يسل مصري  وانها عزيزي  نرجع البداية الحالقة  فكر مدينة تكسل نخس  والبردية بتعيتها  اللي كانوا في اللحيين  بحروها فكرة بحماد  ما يلفت علينا الفتوحدة  احيالبردية عزيزي  اتكتبت في عزي الفترة  وذلك العاصل بطلامي  اهتم بالتعليم نزبيين  بالتالي ادر المصري  انها اكتب باليونانية  بسهولة نزبيية  رمانها ممكن يبقلم بالمصري علي جدا  بس بيكتب بيوناني  حاجزي ان الحضلة مصريع كتم  مغلق على نفسها  الدين لم يكن يواكب اططورات  مناسبة الكانة  كمبيا تم توريسها  محصورة فوصر محددة  الاسرار الكانوتي  محد الشيارة فعنها حاجة من عامة الشعب  الكانة المصريين  حولوا مقومت صلتة البطاليمة  ولكن في النهية طبعة الكانة  طبعة معزولة  ادر ملوك البطاليمة  انهم يضعفوها  سواء بالدرابي كتير  أو بساحبين تيازت المعابد  طبعا عزيزي البطاليمة عامة  رحركة سيكي يكتبنوا  معابد فخمة في الصيد  معابد كنت خضاءة لسلطة كانود جديد  معابد في بمبرة  معابد مصريق  ولكن نهى في الحياة  مختلفة عن معابد الزمان  مختلفة في النؤوش  والألوان  وحتى استخدمات المعابد  المتعابد في العاصل بطلامي مسلاة  كان ممكن يبت في المعابد  ينمي هناك عشان يضلت عاصل مع الألاء  ويجيل في صور الترؤية مقدسة  ده ده ما كانش موجود جمان  فكري عزيزي الزيزة مان  إدين فعاة  فتحط مستال كان من أداوات القناعمة  لإذن من خلالها  إنه يقنع النوبين  إنهم مجوزة من مصر  قرد ده باع عزيزي  بعاصل البطاليمة  الهاصل  الذين في بأنسيج وشاوة  تابع للسلطة السياسية  ولزم يدغاية  عشان يارفي ويكب  قماني عزيشوفنا اللغ المصرية  اللي مكانش بتعلمها  خلال عادد معدوه  لما لعادد المعدودة  بدأ غير لولائات ونتمائاته  لسلح السلطة العجنبي  البطالمة  فكريت النتيجة  إنه تقليد اللغ نفسها  بتاع التنهار  وبالتالي عزيزي  كان يسهل أن تنهار  الحضارة بالكاملة  لما تعزيزي  وصنى اللحزة النهي  التاريخ المصرية القديم  النهية كما يعرفها علماء المصرية  ثلاثة تنتين قبل الملاد  قليوباترى سبعة آخر  ملكربطلمية  بتنتهي عن طريسة  تلمشهاد الشيير لنتعرفة  أن تنه يسروح  وكتب يزدخل  ومصر بايترومانية  هنا عزيزي  بيانتاي استقلال مص  وتفضل مصر خضاعة  لثقى الامبراطوري  خارجها  لحوالي عزيزي  تسعوميت سنة عريباً  مصر الأديمة  بشكلة النعرفة  بيانتاي  صحيح عبادة الألياء القديمة  بتفضل المستمرة ومكاملة  وتنظل مصر تكتب وتقرى بياننية  لكن مصر في دوهرة فضل خضاعة  تماماً لمحتل عجنبي تعتقرها  دراكة عزيزي  إنه أخلا بالأباطورة الرؤمن  مزروش مصر عاصلا  ومع زالك  أساميومك بتتنيش  قال خارطيش الملاكي  بأعتبرهم  فرعاناً  بنشوف نوشهم على المعابد  وهم بأددموا القربيين  للأهلاء المصرية  كل داع عزيزي خطاب الإستهلاك  والدام المصرين بس  أنه بار مصر  فالأباطورة الرؤمن  مش بيعترفوا أسلم بالقبل ملاكيى المصرية  وأعتبروا كمان مصدر للتنظر والسخرية  مش بحب يؤلوها  والدامواطين الرؤمن  دراكة داع عزيزي  بدأ التصحر ديانة جديدة  وتنتشر وست المصرين  الديانة المصرية  اللي كانت بصيطة  ومفو مأكتر بكتير  عن القانوة المصرية  اللي كان محصور في يدكانة  قالوا لك عزيزي  ولا بقولك كلمدة  إنه دي مش معناء  إن المصيحين مصرين  كانت ريوم سهة  لا  دلت عرد والموقت  انتقب شع  من بعد الأباطورة الرماء  وخصطة من دقل ديانو  اللي من قتر الشهداء المصيحين  فعنده الكنيسة الخطية  اعتبرت بداية التقومها  بسنة 2480 ملايدي  لا سنة التوليه الحق  بسموعة عزيزي  تقوم الشهداء  ودع عزيزي حفد الكده  لحد بما يتولى  الامباراتور  كستنتين الحق  هي عزيزي  ويهل انتسام  محل الامباراتورية  محل المصيحي  حيث محل المصيحين  إنه هم يمر سموعة قدته  وانتها عزيزي عادو  بأنه يكون مصيحي  والامباراتوري  الرماني  ينفسها  قديم بديانة المصيحية  ودع عزيزة عسرعة مصحة  يكونت عزيزي  حيث يكونت عزيزي عزيزي  محابة المصرية  حيث يتم محاقرها بتدريب  بعد المحابة عزيزي  بتتفكر  عشاننا استفيد من الحجارتكم  ومعب التانية  بناخدها الحولة القنايز  رجع يشوف حالات الترميم  في معبد في كنيسة  فماز جد بتبتبا كمان عملت التطهد عكسية  من المصيحيين  المصرين  تجايا المؤمنين  بديانة المصرال قديمة  زي الحصد في عهد الامباراتور  سديس فيه عزيزي  كانت رصاصة الرحمة  تجايا الحضارة المصرية  القديمة  نشوف الأنباء في الفولس  تترارقل إسكندرية  وهو بيوء مرأتباع  بتدمير المعابد  وأتل الواثانيين المصرين  وتدمير ما تحفمك تبتس كندرية  وتهيد كتب آخر نص  بالخطة الحرغلي في الأديم  على قدران مع بفيلة  فعصوان  اسم فيلة عجيز مشفالة  اللي كتبوا الكاهن  اسمت أخوم  عشاني يتعبت فيه  لحورة سلتة التمية  أربعة وتسعيد ملادية  وبعدها  هيندسر الخطة الحرغليفي  بتدريق  وعتب عبار  كد عزيزي حتى حصل حاجة مؤسرى جدا  المصريين  يبقوا ينسوا لغتهم  اللعاشة ألف السنين  وسنة تخمسوني 37 ملادية  حيث إفى الآخر  مع بد مصر كان مفتوح لغرات العبادة  مع بد إيزيس في جزير التفيلة  داع عزيزي  اللي كسير المؤرخي بيشفو  النهية الفعلية  للحضار المصرية القديمة  رعب عزيزي  وصلوا على أبواب مصر سنة تسكتمية  واحد واربيين ملادية  وعتاع عزيزي  عزيزي  حدر مصر قديمة عزيزي  خدت وقت طويل جدا عشان تمهار  بدأ لنهار بحقان أجانب زيلي بيين  والنبيين  اللي غيروا آه  شكل مكتماع المصري  ولكن برده احتراموا عاداته  واطقليده  مصر بتعدده  بغزاوات أجنبي  العشورين  وعشورين  عزيزي  عزيزي  عزيزي  عزيزي  عزيزي  عزيزي  عزيزي  عزيزي  عزيزي  عزيزي  بعده قد حيانه  مصر بتعدده  بغزاوات أجنبي  العشورين  وفورس  غير الغريق  إلا عملوا مزGE بحضارات  دوentlichة قد يب إحضارة الإغرقية  بالحضارة المصريقة  وبهده  جروا من  اللي ما حترة مش الإحضارة المصريقة  والدينة المصريقة  القد to عزيزي  قد to عزيزي  إلا قد to عزيزي  قد to عزيزي  وبى عزيزي  عزيزي  قد to عزيزي  عزيزي  قد to عزيزي  حبارة او فسا من تقوز بنعملها تقوز بنعملها من غير ما نعرف ومحسل معنى اللواراهة الحظارة ما بتعيش بتحيش بكل جواني بها  كونك بتلاقة الكلمات اللواصلها مصري بالعادة دوحدة واحدة واحدة كده تاقوة دليل ان الاسف فزي الحظارة انهارت بل ماته  وكل ما تبقه هو جستها تهازي لو قد تعمل ان قوش اللي يرغل فيه دي ما كل نش نعرف معناءها من متين سنباس  والله عديك تشفها كان الأجانب مش احنا احنا عزيز من الأجانب عرفنا اللوغة التعيطنا لو احنا نعتبر نفسنا مصريين يعني يعني ده عزيزي لو مش تعرف ان قطاع  اد انتماقه السلالة التعاطم ده اللي خليا نشوف واحد زي واحد ابرع بها تحايا لفمعل احتل اجنبي ضد بلده وبنشوف نوبي زيباع انخي بواحد مصر عشان سلالته  اما ده الواتي فانتماعنا القومي للبلد ولا يكسل السلالة وده عزيزي مفهم عديز جدا للباشر مفهم امر ما عديشت الفلتويت سنة تلتويت سنة دول عزيزي تكف التريح  المفهم الخاص بمصر والنصطين ده الواتي مختلف جدا فيتناغنا ويمكن ده الواتي يبقى اكسة افتخد دمية ده اندر نبنى علي نصخة افضل المستقبل  وبتل من قول قومي زيباع سلال الحضال المصرية مثلا فحنا ضمنين بنا اعترف بموت حفلناع عزيزي احنا ممكن ندرس الماضي عشان يتعلم من نوعا والحلأ دي اظن نعمل يانا دروس على قيام ونهر الحضارات ولكن مين فعش عبادا نوعيت تكرر الماضي لان من الواضح عبر التاريخ ان الماضي عبيرك عشتاني  شنوات النسامي كل شوار عمسيز جديد على امل انيجر عمسيستاني لان النبصاطة مش عيجر عمسيستاني بس كده عزيز خيرا ولا ساة خيرا وسنشوف الحلأة اللي فيتد شوف الحلأة اللي فيتد شوف الحلأة اللي تنسط بصحة مصاطر لوحنا هل يوتيوب اشتركها لقمانة  تعرف عزيزي يدبالك مينة هل كافر لي لا بحمد كنكاس عشان كم واحده قطرين بواحده قطرين مش بواحد الله,بخبارت كرباتره  اللي هاجه سكول لرعلماء انه هم علاوها  محن برده ما لا ينهاش  مستقل على ايه  هستكي  مكتو بحنا في البرديه  انه دي ما قبارت تبقى كرباتره  وريني كده الفتاني بتقول ايه  مش ممكن  مش معوه  يرد اكتور في ايه  ده ممكن يبقى هم يكش في فقارنه 17  17  سحنا فقارنت الواتي واحد وعشين  الزبته همغفل  انتيوسلس  انتيوسلس  يموزككرات تبقى الاصف  مش ممكن التبقى ده شف حاجات محده الشفه  هتاني في الاصف  تشتها فهلا  بقول انتبقين الفرانه زمان  كرب شف المستقبل  اكيد شف فبتكتئيله  نكتور باك فايه تحزير  هتارها  مكتوب هنا ياما تقرى موزكراتي  شكرا لانك تحتم  شكرا لانك احتم  بيقول  كنت اتمنى اضعيفك  في مقبار احسن من كده  لكن للاسف  انا طبق على اد حالي  اشكركم على الزياره  وكامك يا فايه  لكما سامنحكم سر الخلود  يا  يا  يا  انكت  يا دكتور هشام  ومساعد فروق  مش مك  دبي شف المستقبل فعلن  سر الخلود الاباد يكما وعين علي  ايها  يا  يا  العب لي  يا حيوان يا حقير  بتصطح تربيه  وبقود العين من محدود مسبايا  يا دكتور حرفين  يا دكتور حرفين  والله دل المكتوب  معرسه الرياضه  التي تجبي  ما نعرفه  وان تارجيمه  الان بالبلي  واول خطوه  بالخلود الابادي  تقبارتو  رياضه فعله مفيده  ويتاني  تاني خطوه  يا  يا مش مكتوبه بوضوع  بس خلنحه والكده  مستحيل  يا  يقولي  قلبص بجني  قلبص بجني  الزهي  فيش حاجه بجنيد الواتي  دكتورنا مستقينه  خريبه  للطبخ بيادم لستالك  ايزال مشادي استطفورك تعلن بك في حاله قدن جديده  نبرن مجدحيه  عزل مشادي الجميل ارجوك اربط احزمت العاجه الحربيه  عشان امنا مشوار طويل  خلينا عزيزي اخدك من ايدك ونروح الصين  فقنل صعطوش  ونتحده يدا تحدد في نحيط  لو بهذا سالئه  اد ورسا وريف البحلته في الميني  هي عزيزي المزارعين هناك  بيامن المشطعلين جديده  بعمل ايه  بيدوورو في نقلي بزيبل  وعرفي كويس ومبيض ورعلي  بيدوورو على روح  على اللفه البردي من نطوره في المنطواره  وى بحمد بقلاء والبنزه  كنا عزيزي بلاب سوله جديده  يخدوها ويتحموها  ويخلو طوعه مع السماد  مخلص ودع بحضمات  مش كانوا قلوا محده عمين يصرفهم  عزي المضوع بسيطه  مكانوا شافين انها بتحسن من مستوات الزراعه  خبر عزيزه بيوصل القاره  فيتحارك اتنين من علاماء البرديات  البرطانيين  واحد اسم برنا الدجرام بالوحه  وحتان اسمه ارثر هنط  احتاجفوا سواء  ان البردياتي بتشمل طوثيق لنشاط السكان  اللي عشوف في مدينه اسمها اكسرين خس  او بالمسري برمجد  وديها عزيزي مدينه قديمه كانت مكان البحنسه  واسم عبعه وتحصر  ترسيق في البرديات  لوصاء اكتوجاريه  رساء الغراميه  عوود بيع  شاعر ونصوز دينيه  كل جواني بالحياه  حيات المصل القديم كلها مرميه  فبعسل الامح في المينيه  طبعا على مندول  حتى جوز الازم القلبيه  وهي انقحوا الحمد لله في القاذ  خمسين الفلفافه البردي  اللفادي  هدرسها مئات العالماء حول العالم  وانشروع عزيزي في المجلدات على مضر عقود  اخيرها المجلد رقم 87  يتم تصدر ان تعزيزي كام  23  فبقالهم اكتب مند سنه بمشرو 87 مجلد  من هاولاء البرديات  انا عزيزي دواتي بكلمه خلاه كنزه حقيقي  لنات تكشف لك النشاءه اليوم  للمصرين القدماء خلال الحمد بتين  الحياقه البطلمايه والرمانيه  من القرن الثالث ابل ملاد  لحد القرن الثسبه الملاديه  الف سنه غريب عزيزي  انه اغلب البرديات مكتوبه بليونانيه  طب وحبين معلشي  ماذا يتسبب وعجيه  مهديا كفاطه تحكم البطلما  الفطر اللي بعد ما كلو بطل فرعي  طبعا جدا يكونوا بالكلمه واناني  يا عزيزي  انا بكلمه على برديات كتابه مصريين  عشاني وستقوموا عملت بينهم وبين بعض  تتير من البرديات لي  له هو حكومي ولا هو رسمي اسلن  فسوالي هنا  الزيه المصريين غيروا لغيتهم  من المصر الطديم لليوناني  او بمعنى اضق باوباي لنجوال  بيكلموا لغيتهم مع بعض  والزيه الزمن طرقا  بلحد مصرنا القرمت سعطاشر  وشوفنا بل مصريين دول  نسين تريخوا  مش عرفين اللغه لكلمواها  فلحن البحنه عزيزي  بتعملوا مع البردي كسباله  حب مهم عزيزي  مش مهم بلح تقار  اوما بلح السزاجه  لا  هم مبساطه  ما كانوا شئ ديني يرون المكتوب  الحضارات بتتوليد وتنهار  هي دي سونا الحياه  ولكن بيفضل منها كل شويه  حجد بتستمير  السنين مساهم  وحتى الفورس  دي مساهم نظر ارديانت  بس يلغيتهم فوده مووده  ولكن المسيل التامل  ان حضاره  زل حضاره المصريه  تختف كل ين  حضاره بهزي العظمه  وهزل حب  وهزه التاريخ العريق  بتختفت ماما  كانها لم تكن  وتختف معها  كل سمتها المميزه  زي دين  واللغه  دي عزيزي  لغس  ملزي حدس  للحضاره المصريه  مبدا عزيزي  انهار الحضاره المصريه  محصل شف يومين  حضاره بهزي العظمه  تراشب الصرعدي  حضاره مصريه  انهارت انهار بطي  استمر العلف سنه  العلف سنه دول  تاريبا  العلف الاوله  ابل الملين  دعس حاجه عزيزنا  نقربها علف سنه  فعلف سنه  ما تضرش تراجع  سبب للنهار لحاجه واحده  ما تضرش تقول  اهي يديه  لو كان عملوها  بلد العقس  عوامل انهار الحضاره المصريه  كتكتيه  وكتم تشابكه  ومجموها كله معباد  هل سبب للنهار  وطبعا  عشان اعمان نظغياره  والحلائه مع كومه  فصحه بنا عددت كل العوامي  او مغطي الف سنه كمليل  ولكن عزيزي  فهزي الحلقه  لقد تمتد مددتها  اقتم من خمسين ديئه  ام حاول  تريح العصرات  الحقنه  مصفي تاسم العصو  مقد بلك  ترخل ركال فيه  هذه التواريخ تقريبيه  احنا خطرنا  الارجح مننا  دل انه علماء المصريه  نفسهم  مختلفين عليها  فلوحسن في مشكله  عده من الاول معباد  وبعدين بطالح سبب  احنا عزي شفنا  ما يمكن انه سبب لناه  الاجماء  شان شاف ستحلتها  دعا دعا  نبدا عزيزي  بالمملاك القديم  مهبونات الاهرام  زي زوصر  وخوف  بعدها  بتيجي الفتره لنتقليل  بعدها  المملاك الوصر  بعد كده  بتيجي فقط لنتقليل  مدتها  150 سنه  عيوان تقليوم  مدتها 150 سنه بتاع سلعاتي  وده عزي كن سبب  وده  البكسوس  بعدها زل حص  بتيجي المملاك حديثه  تهازيزي العصر الزهبي  لمس القديمه  وليفاع عزيزي  الزهر الوصر  البلوك بصدر اصر  خد با عندك احم  سونا خانشي بسوود  واخنا تون  وتطعون خامون  تحزير حق با عندك تفر في كل حال  ما سلت ما عبي التنسيل مقابر مهيبه  مصر كمان كنتمبرطوريه  مصر طرع الشام  وخدث حياته من الغنضول  وبوزء من العراء  وده تساعد لحد النوبه  واجزاء من الليبي  بسحنا عزيزي  زي ما كتلع  انا بام عددين  انا كلمه فطرين بس  الفطره لنتقليل السلسه  والعصر المتاخ  مش محنا بحمد اغططه فطره تنده البزاه  قلدي لسبب معين  والذي لا هو اكل حياتياني  زي قلتها في المنهه بلازيزي  لا زي قلتها  انا كلمه على الفطره تنده البزاه  تشنوها وقرننا  الفطره لنتقليل السلسه  بالفطره لنتقليل اوله  لمده مستعشين سنه  ويتاني  زي مالتالك لمده مخمسين سنه  حن لي ان في الفطره تنده  مصر كذب بكمور البنفس الحكته  حياتي عريبا  السلطه المركزئه مهار  الاقليم بتنفاصل  السر او نابيا تشو  هبال اوضع طبحل  هبالي يحاجم قوي  ينه الفوضه ويوحد مصر من جديد  يعني مثلا بعد الفطره لنتقليل اوله  قلت المملكه لونسته  كله انجازتها  زي مثلا اخرامات الليش  ومعبد سنه سرط الاول  وبعد الفطره لنتقليل الثانيه  قلت المملكه الحديثه  المملكه زي مالتالك  الفاه العظامه كلها  مع بضلوء سر  والقرنه  ود الملوء  بسيم بل برنمي جرح لاساتل اياني  يوله انجازت الفطره لنتقليل الثانيه  ومعالنا بلقل حديثه  كان رحلت كلها عرمتك جزه بس  وخلق اصر ربعه فاعه  بتدي بها عزيزي  اللي تعويد نعلي بقى  انه لما تجلنا الفطره لنتقليل السلسه  نكون متعودين  وفهم انه زمئي  ومستنين البطل لا يجيخ  اللسنا من كل ده  اولا بسم الله  حتى الفطره صر  من ميه لم تنساني  الحدار عن داشه  انا تعب شويه  المشكله  بعدها تجي مرحل عظيمه  قل عاده  هل نعمل احلى اصرف القونا  بيحصل عزيزي  ان الفطره لنتقليل التلته  بالتعود شويه  والاوضاء  بتفضل مش ادكده  حول رب عوميه  وربعه تشار سنه  ارمع رشي زن تقليل  ومع عزيزي  بتنتهي رب عمر بعطشه سنه  نبيج بعدها مرحل عظيم  نبيجي العصري متاخر  مرحلت موت  موت الحداره المسريه  يا نجزه مستالح  فطره تقليلها  غلطه  الحساب قليله  عالمي مسريات  كليل في كتشن  فمحادي لم تكن ملحله فوضويه  كفياء عام قسام  وحكام اجاني بقاء  وعتها  تجيش المسي كان مفاكك  ولكن الاوضاء نسبيه  ينكرت مستقره  انه سكتده التسافر  وتتحرق  والتاجر  هل يختارح اسمتيني  انسب لعزي الفطره  عص مبعد الانبروطوريه  هل عص  الحداره المسريه  كلها  خصوصا انه فوات الفطره التالته  العالم حرفيه  كان كله بدغائر  ربوان الفطره تين  الاولى والتانيه  مص مكنتش متحوطه  بجران اكويه  جران مستانيانها تضعف  عشاني القاده عليها  ولكن اللي بيحصل في الفيال اوله ابل ملاده  ان شاء الاوصه بدا يسهم  امبروطورات بالستويله  وامبروطورات بتموت  وكله  بحرف كله عشاني سترى منطاء  عشورين على اخمينين  فبالتالي  مص متخصب ممتلكه  عال امبروطوريه  فما عددت على خير وقت في الصغ  لا  دمعنا ان الدور جاي عليها  وهي نفسها  اتبا محتاله  انه غير اي حضاره  مش بس بيارجه  العوامل داخليه جوه  كمان بيارجه  العوامل خارجيه  ودى من الصفت اللحظه  محلاله المسريه  هتستضم باسباب  وعوامل برهه  فتاسر على العالم كله  زي مسلا  اللحاسه في القرنه  فتره انهار العسل بروند  دي عزيزي  كلنا قول لك  واحده من اكسر الفطراض وموضن  في التاريخ البشري  حضارات كامله  التاريخ مسك اسيكه  ومسحه عمي نوقف الارض  الطراء التغراء بين الدول  اطعت انهيار كبير في معدلت السكان  المحصله الزرعيه شاحت  وحتى الحضارات  اللي نجيت من هذا الفناء  زي مسا مص مص القديمه  قرغيت من الفطر دي  دعيفه جدا  قبلك عزيزي  انه بدايه انهار الحضار مصريه  كفق القرن الحضوشار  ابل الميلاد  يعني اللحاسه في القرنه  اللي 12 ابل الميلاد  عصر بشكل مباشر  على بدايه حزل انهار  من اللي عزيزه عصر بروندزي  كان زماني بيي ابني بيي  وحماد لو سمحت دي الليدي  اخبرني اهل اللحاسه  اهل يتسبب فنهار العالم بشكل ده  انهار العاني  لحصل وتهى مفي السيج اللي التاريخ يختيير  بتوصدق اسبابو  لك في العادي  فينهار جمعي الحضارات كده  حالت اغباء وسط الحضارات  فناذا نقول انه كده ما فيش حضاره خيبه  وحضاره شاطره  اللي انتحان كنت عب  عدثا لما فينهار جمعي الحضارات بشكل ده  او الحاجه بيفكر فيها عالمات تريغي  هي المنيغ  مصر في عادر عمسيز التاليت تدربيتها معي  يا عاني فا  بعض عالمان مصريوت  يرقع سبب المجادي  لنفغار بوركاني  هيكل التاليت فايس لنده  اعلى قطر عمسيز بايس لنده  والعشان ده تاليت وده تاليت فسن معه  الفغراء بوركاني عزيزي حدث عالمي  لائم من توابع عزل مفغر العميف  يخرج اطنان من السخو والغبار في الخلف الجو  والغبار ده عزيزي بيطلع في السما  ويفضل يلف في فكره الارضيه  فايحجي بالشمس لفطره الطويله  احيانا منك التانتدل سنين  فمسل في فكره المكلمه عن وداه فكره التاليت  حصل سنه 1500 ابل ملاد  وتسابب في شتاء بوركاني قارس  بو عزيزي في دل سائع لمده قد ادئي  تهم انتشر سنه  انا هنا عزيز مش مقارب بكره لمكره على شتاء قاسي  لا تهم انتشر سنه  تهم انتشر سنه  في شامس  تهم انتشر سنه  في شامس  تهم انتشر سنه المحصول متاصر  معناء ببصوطه مجاعه  وبلعب شويه  كانت العصف الشتويه في المحيط الاطلان  تبادئ التغار مصرها نحيط الشمال شويه  وبالتالي صغب المنترى  تبادئ التغار حركه  وتروه الوصد قروب  اما في الحوض المتاصد  فما في شعزيزي  ولا نقطه مطر نزل  فلي بحكلك عنه ده  تسبب في ما يعرف بالبيفافه العظيم  ببيفاف بدا  سنه الف ميه  تمانيه وتسين قبل الملاد  وتسبب في تغير  وناخل بحر المتاصد  بشكل درامه تشيكي  بحماد وحنا محتاجل المطر لي  مش مصد يهبت النز  بشحنا حتى كنت مسامينو  الي لحبي  يا عبيت  يا عبيت المشكله مش مصد  يفرحيتي بيكل  حنفعيش غاله  بس الماء اطع في بيت العماره  الحضه راتل لحولي  كنتها قفيف  ومشلات كل دلواتي  هتعمل لي  هتات في بيتها  تيجف  ومتلعيش تاكل  لا  هتتطر تعمل حاجه من حكتيه  يمت حاجره عندك  كنتها غزو  كمانه بحبش هدي غزيني  والبؤان المشتطلع ومبرضات  هتقدم دغاز بعننا  غراء عزيزي  نقدر نور اللحصل في عهد رمسي ستالي  لما كان معاده من الشووض  ضمره بالجفيف  على غزو مصح  الشوضي عزيزي  النصوين سموها شوه بالباحث  مثلا شعبتك  دول جيين من صقليه او كري  كمان شوه بالدنيان  اللي جيين من اضم  في الاناضول  وتحالفه  معالبيين  كمان الفلستيين  دول عزيزي  استوطان موضن  زي غزع  عسقلان  مصرئيض للتصوض هذا الغز  ولكنها  دفاعي تتمنخ لكي تنه  انه يرخ تصوضي عنيف  الخزينه او شاكت على الفلس  بالتالي  الدوله معليش عرفه تتفاع  مرتبات  رمسي سل الرابع بيوصل الحق  ما يليش القصاد  يدور علي ما يليو  في شالص ما قصد موجوده  اللي قصاد واتاكن بيهت داع  ما انصف عدي جدا لن تشوف قطان  بيين  الشوهن تحبوب لمعبد  وينهابها  وبسرها مع كان فاس  قبتلاقي كمان كهنا  بيسراء المقدسه  ليرور  المعجدي كبت عدد تكسيد  للالا امور راعه  ما الواقع  بدا التحصل ان حرفات كتير  خصطه لبين موزضفين الدوله  في المنطقه البعيده  المنطقه النائيه  لها بيده عم مركز الحق  ويه عزيزي كتمن اويه  الحلامات اتفاكوك في مصر  لما تلاقي كل مكتماع محالي  بيضبر امور بنفسه  بدون اي حترامل السلطه المركزيه  على رمسي السادس  الموضوع بالا يحتامل  ترايه عزيز فرمسيز خامس  تسح عسادس  تلاقي الوضع باس و  التفاح صغروخي  لا صغر الحبوب  ما باش في  حتى اسمام والتبايه  حتى غزوه النبين عاطيبه  محدش بائدر  النوف الدمه  والاس وقوى  والاس وقوى النمرض  مصر كبتي كمصحره  زي مسل النحياس  اللي تم بيجي من واضي تمنا  تفلسطين  والفايروز اللي بينسين  كل ده طاقه فرمان  حميات عسكريه مصريه  كتيره كتماوده في الشم  يتامر بالرغوه بشكل فور  عشان يحمو  الامن الداخلي فمص  على المصريه الطبيول كنسه  بيوصف في كتابه  صعود الفرعينه  وصقوتهم  بول عن الفتر دي  انتهت الامبرطوريه المصريه  القديمه  دون دقيق  ولكن بنشيق منتصل  من الانين  انخفضت بلاد الفرعو  من اعظم قوه  في شاطق المطاصف  اله امه ضعيفه  ومحاصر  وذلك خلال مجرد 4 اجهه  كلها عزيزه حييه لك على اكثر  مش هد لاكي سزل النهار  مش هد سارقت المقابر الملاكيه  وحطت نفسك  مكان عم مال  الدوله ما تفعله همش  وردت بات  وتحت رجليهم  نسمي يته مع اكنوز  بشوف عزيزه  برديه  بتسجل فيها تحقيق  اللاجم ملاكيه  اللاجم عمالها رمسيستيسه  بتكشف عن فضاء  بتلاقي مثلا  ان اللصوس  لما ساره ومخباره الفرعوون  صبق انساف  حراء و مسمان  الدروي الحوالي  لما كانش مغرى السرقه  لا  دك من تدنيس  مستحيل تتخيل نفي مصر القديم  وتدايين  يعمل كده  الا كنت كشفت النقائد اللصوس دول  هو نفسه  اللي مسؤول عن منطقه الطيبه الغربيه  فعويرا  ينهر رسوده بحمد  انا رغم محتارهم  لا اسوى عزيزيه  من كل هذا  انه متحسبش  لانه المتحقيق بداي رسوده ويكشفه  استعام بصديق كل وزير  خائم وعسد  وتبخ العمليه سوى  وعسد يبلغ  لو فيعن هنا عزيز  العزيز مرحله  هيكون بصاطه  فقضا اثقاف الدوله  الفساد  ضرب الدوله  والكهنه  اعتدقات الليبيين  زاد الاكله ال  وعاجش في القنون  ولاعت في حمايه  مصداخلت في حيز الفوضه  وعشن اللي ينهر  يبقى كامل  او بيوبرو  فحيات ميت تتوكه عزي الفوضه  فحربه اهليه  وقد اللي كان نائص  ففنوصه العزيزي  العدر عمسيد الحداشر  وانا من رائي  ان نحن كنه معتجين  نشوف الاحسن من رمسيس  انا حسنا نحن نساعد  مساعد من الاس من ابعد التاني  وحن في حاله من نعس الدائم  نفيش الدخلس  نساعد بيتين رمسيس  وعمل انت كرارض غيرار قم  هل حسارف  نهن عزيزي  فعاده رمسيد الحداشر  سوك كنتيبه  هيا صورو  هيا صورو على الكبير كهنه امن  امن حوتي بوحي خلعو  من نصيبو  امن حوتي الدائع عزيزي  مغرق شيس  مغرق شيس مغرق امن  دروب الدهيه  بيساعد على الف الافدنه  بيزراها  الف الفلاحن المستقرين  ونهن عزيزي  مش بقل مقل اخطعيه  انا بقل مقل عصر عبلي  من كلا بكتير  امن حوتي بعزيزي  كن بيساعد على اراضي  التعطبر  هي الاحتياطي الرئيسي للحبوب  في مصف العلي كلها  وبرش فيها مئاه الحرفيين  رمن عزيزي  كم نصيطه على روسط صد مصد  وكمان عزيزي  المنصب بتاع كان الاعلى  كان مسكوان عيله  بتطراره سلمنصب  لارب القرم التعريب  دكل عزيزي  بيبقين مدى فسادر جلدين  واتهه مبسحه عداشه  لما وصدل الاغباردي  يتعمل لان نصوره الناس  بالشكل ده  وخلع الكاهن  حلام مخيفه  على ضعياء  حبت الدوله  الكاهن هنا  مش بنسب ديني باس  ولا منسب سياسي باس  نعبين لتنين  شرعيطه جايا من حتطين  فلما نزدي  ما تجبرلوش  فدامعنا ان تديخل للرمسيسه  اللي تمشع دي ساخر  عشانها ينزل  لمسيس الحداشر في محول اخر  بيامرنا ابه في النوبه  بعناحسي  انه استحيد النظام فطيب  ويرجع كاهن  امن حطه  لما نصيب بعناحسي  بيتحرر بالفعل  وستحيد النظام  ولكنه زمت اقول كده  بيلي شخص لانتكهل الدي  شولانا لزيزه  ووجب طيط الحل  نسبه تحترمني  وبدنادي لبقى القواب  مع ارد وبتاح  طبعا نعني  تنظر القرار  ان يكون قائده  جوج في الجنوب  وبين تزع  الاشرف على صامع الحبوب دي  من الكاهن الاعلى  من الاخذ كده عزيزي  بعناحسي  بعرمسيس الحداشر  وبقى هو الحكن  الفيعلي لمصر العلي  طبعا نعزيزر  عمسيس الحداشر  وقرر  يبعد كشم الشبال  القياده بعي عمخ  والذي بالفياه  بينجح ان يطرد بعناحسي  من طيبه ويكبر  ان يتحرق في التجاجه جنوب  لكن اللي بيحصل  النبان حسي  بيطرد مع قواته  وهستان طردها عزيزي  بولغ فيها لخفيها  بيحرا طيبه بالنار  بيوالع في المدينه  وبيضمر المعابد  واتمسيل  حلو لك عزيزي  انه مفيش والحربه حليه من الحصر  وفي مصر الاديمه  تسببت فحرا طيبه  طيبه خلق عزيزي  الخربيه مصر  ميضنه لده  مش بيضن عده  المهم انه بعي عم  حيطه عزيزي  اوحش من بعناحسي  ميطمره  عي نفسه  قائل الجوش  ان فرد بالسلطه نفسه  بها هو المششف على صغم على الحبوب  ويكمن بها  باكاهم امون الاعلى  يعني عزيزي  بعناحسي  خد صلاحيات الكاهد  بس انه عزاء بضزي  مش عايزي باسمي كده  بها عم خبا  رغل عزيزي  خد السلطه الدينيه  والسياسيه  كمبتنين فواحي  جو اسميان اه  مؤيه دي الملك رمسي  الحداشه  ولكنه فعليا  نفسه قلب عسكري مباشر  باعن  بدا يحكم طيبه  بالحديد والنار  وينفس اختيالات سياسيه  ضد اخصومه  يسا اده في المقبل ملكيه  عشاني يصرف عن كروب توع  سراه بتعيني عينك كده  بشكل راسمي  مش محتاجين نزور اوراء  ولما مد باعن  اخطار قد تجيشه  واحد منه  واحد يسمى حاري حور  رجد عاملين  هيا خود نفسه من نظبه  فمسر العليا  اما باعن  في مصر السفله  او الدلته  رمسيس الحداشه  كان نهه  تعدس سنسله من الغدر  والخيانه والبيعى  واستام مكانه عزيزي  جوز بنت  نسبعه  نبجدت  الله كبار بحمد  ونحب النسبه  رنع عزيزي  ودول اسمهم سابا جدا  هلستصحاب الاس  واسموه  حكام سنه 1770  قبل الملات  تبكد عزيزي  بتكون انتهت الاصرع 20  وبتتولت الاصرع  الواحد وعشين  وهنا عزيزي  بتبدا الفتره  الانتقليسه  السالسه  اللي كورنا بنبدا بيعل حالقه  استنى صنع المحتوى  الله لانت  يا ار حال لتصنع المحتوى  احنا كل هذا  ببدا مش الفتره لانتقليسه  عزيزي اللي فدا  كان لازم نقوله بالتفسيل  لانه مهن مجدن  وتاسيسي في اللي جاي  القصم مص  الاول في الشمال  ده عزيزي  لم يكن انتصم مؤقت  ده كامل  لا اقتر من ربعمت سنه  الفتره  اللي مصحه انقسم فيها  خلال ربعمت سنه دول  حتكون اقتر بكتير  من الفتره الواحده  ممكن انت قصم مص  باهوقع ده  تول الفتره لانتقليسه التلطه  حتك مصنه عزيزي  الاسرى  الواحد وعشين  الاسرى ده عزيزي  حتك ميه  430 سنه  خلالهم  مصرفه اللي ينهتكون  عزيزي  حتك مجنوب  بيعترفه  بسلطت حكام الشمال  الا انهم  بردل السبيض  للفسوم  القب ملاكيه  فرمع طرف اسطه من تمالك  بس سميته  وكمن كانوا بيكمل  في سرئه مقابر  ملوك الماضي  يرمسها مقابل جنوب  خدم ميوات ملاكيه  وحشروها  فواحده من غرف مقبارت  امنا  بحجه  انحنا جماء بطرام من المقابر الملاكيه  هنخلص تمام من عجاها تاني  فلوقع عزيزي انهم مكنوا بيرجات  بسرحه بحماد  انحسن ما صحيش  حقام الجنوب  ديان تاكوا قداسه الموت  الحاجه  اللي بتنعيز المصر القديم  ها عزيزي كان في معلومه  انا كنت بخبه عليك  كتوسوده بحمد  تعرفني عزيزي  اموت في الاصاره الدراميه  وبناء الحتكه  المفاجاء  انحقام الجنوب  عزيزي عزيزي  يكون مصرين  بسوده بحمد  وحبت خدالك من كلمده  تصيصه خطير مننا  عيوى عزيزي  بعيعان  وحرحور  وخلافاءهم  جيين عزيسه من اللبيه  الناس دي  استطعطان الثمص  ويتراء ووغيشه المصر  ولن محكمه  رجع الوصولهم تاني  خوده عزيزيزيز مفاجاه كبيره  بحمد الى ميهات في قسه  دي مهوده على مفاجاتك  خوده بس  يسميها المؤرخين  بمرحله الهيمان الليبيه  ودالعين  التغييد العملون حقمه الليبيه  ينجد ان تغيير كبير  ومؤسل في المكتمع  المعاتل الليبيه في بس  تبدا تتباح  باسلها العيوه  وحن شوف قبرات القبائل  وهم لبسون قبعه الرشل مما يزاق  كعلامه على الفخ  مده حاجه  بتميز الليبيه  كمان حقم مصر  مع دشمع تجنيه لقبو  باسمها مصريه  زي القد الاواء  حرحور  تغيير من خلالها  شكل الهويه المصريه  الاباد حقق الاولى عزيزي  هما ادنهم بداوا يكتبون  نصوص في البرديه  بلوقع عميه  ومن توقف  قواعد مشاوها  وبفرضض بسيطه  قواعد بعيده عن الشكل الفصيح  للمصريه القديمه  تمع عزيزي  الليغه استخدامتها الضقيقه  كنليها  مغزاخاص  للعرش المصري  يعني ملوقل مصريين  بيخطروا اساميهم  عشاني عبار  وعني الالاء  لبتديوم الشرعيه  مساله من اسم الملوقف  هو خنم  خوا في او  الالاء خنم  يحمين  ولكن فاحد الاوسطه  وحد العشين  كان الاسماء بتاخد الصيطه  غطموا عقضه  ومالحش معاعده  زي مساله من اسم الملوق  بسيب اخن يوت  اللي معناء النكم  مع اللذي  يبزوخ فوق المدينه  المعالاته استخيفه ديانيزي  للدعاء الاصاله  لم تخدى اي حد  حمزي حد للسامه  تعلم عربي جديد  لمن نساعد  ولممن نساعدون  لا نشف حمدين حلوه  فالياخد  الحاجه تاني عزيزي  هو ان الحكام اللي بين  يعني ما تمش او موضوع المده  مده وتجنبوا المقبل الفرديه  باتبار انها مضياء على الموارد  باو ابن مقبل عائليه  بس خارف اال  مرصوع يسكام ملوقف  كان يدفن  كيجوس مرصوصه  ديان بارايبه  فمقبل اقتصادي  تكلفت معقول  فشوف عزيزي محايه  وليل ابد فيكره الاضرحه الملكيه  المسهله  وليم عابد جناء عزيب بخمه  يمكن عشان شفو مخبر الملوقف الاديمه  ويرطبيب  اللقيده  امشاء زعم المقباره  يمكن استساعه  ويمكن كمان  عشان طبع الليبيين  الرعوي  اللي بيعمل اكثر  لفكره البسطه في الدفن  مما عزيز ان المصري تحررر من فيكره  ان اغلب موارد  تروح  لبيناء مقباره وفخمه  باتبار ان الفخامه  هي اللي بتحدد المكانه  خلاص معتش في الفكادي  بين كلنا البسمني مني  بعس مني مني  هو بالتالي من شوف لوسر عدع عشرين  ان محدش ادبنال  مخبر فخمه  غير مولوك العظم فقط  امه  التغيير التالي والاهم  اللي بين في مص  انهم حكم مص  بالعقليه قبليه  اللي بتشوف الملك بنظام  اللي الاول بين متسويين  بريمس انتر بارس  يعني الملك والقاده  والتكامل معلين  متسويين  في الحول والجبات  لكن اللي بيفري  ان الملك عنده قيضه شرفيه  بس اوليات اعلى  انه رئيس اوزره  بين الوزره  تطبعني عزيزي  على عكس النظره المصل القديم  اللي بيشوف الملك توارامس  واحده البلاد  والتجسد الحقيق  قليل اله في شخص  العقليه الرعويه  بتاميل الا التفاته تسيزي  بحافظ  ان كل المكتامه مع محالي  يصرف امور بنفسه  لكن العقليه المركزيه  تعتى المصل القديم  بتعمل مع الحاكم  على انه الدوله  الستيت  فشان اللي بيين  يحل مشكلدي  في اللهوه المصر  فخلوا امون  بس اله  لكن الملك الفعل المصر  وحطوا اسمه في خرطش ملكيه  لما الاله  بيكون ملك  حالت امون زي ما اللي بيين عملو  فدامعني  ان انت ممكن معاك اكثر من حاكم دنيا  كلام بيسرف امون  كلام بيخدم امون  يعني مشلازم  واحده العرش المصري  يكون متبسده  في ملك  من لحمو دم  لا بيننا  بين بعد  كلنا منعكم  بس ودام المصل القديم  امون هو البحق  في الحق مديني  كان هو راي تتوت  اللي تستر ما تبقى  من عرش ملكي مفتد  لكن في الوقت نفسه  كان مهمه لستمرار  الوهه  وليقنى على المصري المتدينيين  ان مصر لست مواحده  شايفك مصر قديمي على الان  تخذ  مش حق مغريبه عبيبي  دامون  مشي تبتحبه  براب  من ان الحق مي اللي بي  استمر لستين طويله  تخليا اولك  ان المصريين تعملوا مع اللي بيين  بزدراء  فاحفا لحوال مرتظق  وفاسوه الاحوال  نسمى لهم شئاسك  يحتلوا بلدهم  ولكن عزدك كان كل كلام سوش المديه  المصريين لم يتخذوا اي اجراءات  ولا اي خطوات جدايه  عشان استعيدوا بلدهم  خصوصه ان ما كان شديو مدور في الجيش  وبالرغم ان ان في سنه 42  قبل الملاد بيزه  حك مقاوي اسموش شنط الاول  بواحد مصر من تاني  وبياسس الاصرى 820  يعمل انجازات عسكريف الخارج  وبنخلصها في الفتره  لنطقليها اوام  واسمك راجعه 2  عرام سيزه 2  ولكن عزدك  لنقول لك الحلمي بيموت بموته  لكن يفسي بحمد  يشوف رمسيس اللطموش  عدد شاء عزده  عزده من الميت سنه  ومصه قسم المراضي  فعلي  الاصر 820  يتغكم في الشمال  والاصر 820  يتغكم في الجنوب  لالتنعش مقارر  ولستتنع رائب  ولكن مصمت اسما بينهم  وحتاج والاصر 820  يتغكم في الجنوب  حتى الشتحه الحربه  يموتتها واحد  وتلاثين سنه  بين الملوكه  عالمين  هل يحكم تيبه  وبين هاي تعزي عزي عزي الحرب  هاي تكون الدنيا يخيل بكتما  لنشوا عزيزي نروح على جنوب مص  في جنوب جنوب  هل هي عايلا تانيه  من العقام النبيين  يمكن يكون حتى اكثر  اخلاصه في عباده امون  العلالي تفارق على الالالي بيحصل الفتيبه  وجنوب المنقاسم  وبتفكر الزيت الداخل  اتدخل بغرض يا بحمان  ارجع مسل النصريين  لا عزيزي  جنوب مقاسم  ما ناخده  قصد الحقام النبيين  وهي مجدن ان نحن نحكيها  انا مدين  الحظر مصريه  واحظر عمومن  ليس مغارض مزمسياسي  او شايه انجازه معمريه  ولكنها كمان  كوانا عامه عبر الحدود  زي ايه اللغه  والاهم  اذين  شنفه معزيز لفين نبيين  يبدو امون محتىينيين يبل في تسعى الار  ارجع ما كم اصر  اهد العاجه لك على اصر التمانتاشه  وباسيب المفريح بس  عشانه في مسللها تطلع للحاجه  في الاصر التمانتاشه  المنشوف تحط مستلت  وهو بياغزو  بالهد النوبه  وتابي يروح معا  كانت امون يبدو ان شروع  عقدته  بينشروع عقدته منيك  وستل نبيين  وبيبنه  نعبد لامون  نعبد اللي بيعتبر  المقابل الجنوب  نعبد امون فلاصر  ملاصر من نسبه للنوبه  هي الشمال  وهل نفينتو في قبل بركل  يوجب المخضص عن النبيين  شبحت عبانا قبر  تحبانا قبر  انه هو حام الملوق المصريين  والنجابل له  هو المصدر الحيه  لسولال الملوق مصر  وراما حسار المرتوره المصريه  وكمان انسعبها من النوبه  الا ان المعتقده الامانيه  دي فضلت موجوده  عند الاصر النبي الحكام  لحتى بيصر الملك النوبه  بعن  وهي بدا في حدود سبعمات  30 ابل الملاد  يتوسى شمال النوبه  ويستعيط طيبه  الارض المخضصه  لا مون  حركه العزيزي  حتى استفزوها  تستمفر ملوق مصر  حسنا رب شعزيز  كلمه ملوق مصر  لانه مصر وتاكتنا السما  بين ملوق كتير  زمن تشيف كده عزيزي  ما شهد عباسي  اربع اصراط موجودين  في نفس الزيت الوقت  زيت ننوى الشيوم  وتتعر شيوم ورشين ورشين ورشين  ورشين ورشين ورشين  دولازي مش حكام  دول تترات  يزقود وخاضعين  لبعى عنخي  فيني عزيزي  في منذ  حجي  انا هايزك تخد بلق معايا  من المفارق  انه واحده مصر  اللي ما بتتحاق اخيرا  بتتحاق بايد ملك نوبي  اللي بتحرق عبلايه حاجه  المشاعر الدينيه  اللي اساسه  دوله من مصرين  صحيحه الوحده تحاقات  ولكن مشاكل الزاهيري  سبر فشال  ودالعين لبعى عنخي  سابلها وقام المحلين  يظهره هم  نبات في الجنوب  وحاش في تباته  ونباته  ومجاش مصر تيني  جو حر او عده  وصحيحه انه ستو الاسر 520  كنت بتحافظ على التقاليد الملكيه  وكنه حرسين  على تقديم نفسهم  فصوره اكسه المسريه  من المصرين ذاتهم  ولكن داع عزيزي  لم يكن مريه  للشعب المصر  الاسر 520 اهتمد بتقاليد المملكه  القديمه  فبدا اكتبه  بلغه مصريه قديمه  عدد على وقتها  اقتر من 15 سنه  ودائبين مداء الافتعال  اللغه  كنت حديوات عزيزي  بحول تعلم عربي  فكاللمك  بمفرادات الشرق جهيل  اللغه نزيستهم  تفسيح  بعد نيوزت تلسب شارتك  كلمه عرم  كمان  الاسر 520 اهتمه  ببناء الاهرماء  وقليه عزيزي  افاظ اقل بمهلومه عامه  اكتر دوله فيها عرمات  مش مصر  مش المكسي  اكتر دوله فيها عرمات  السدان  عدومه عزيزي  بس عزيزي كلها الحبي ميل  مش القوب ببتعنا  الاسر 520  بين الارمد  يتكريم الحضله مصريه  اللي الزدار  عمرتها وصخفتها  خيرك حلودها  بس داخل حلودها عزيزي  قبل تنهار  حملت بانخي على مص  لن تكون مقارل غزو  وكان شيفها  جهيد لططير مص  نضال لستعاد الدنه الحق  وحتى معدموته  يحتاجت مصركزه سنه  عشان تستعيد  وحتى تسياسيه  وفعاده ايضا  يحتوى مصر لستها  تشم منها فاسها  ينصار معانا  شرغي في الحدوده  رحب مع عزيزي  بالفلنه جديد  لداخل معاله  مملاكه عشور  مدرسه عشور  لا عزيزي مملاكه عشور  فكره عزيزي المواصل  لكن نمان  حيار العاصل برونزي  بدات مهاجت الحضره المصريه  حيارك بها  عن العاصل برونزي  العصور التارخيل اديمه  متاسمه  ثلاث فطره رايسي  العاصل الحجري  البرونزي  العاصل الحديد  البرونزي ملاس مكدى  البشر في استغضم  البرونز  مزيج من السبائك  البشر بيعمل بي  ادواتهم واسلحتهم  مثل انتحياس  والاصدير  الاصدر في المستمر  لحد سنه الفومتين قبل ملاد  بيه بعد كدى  العاصل الحديد  عدد البشر استغضم الحديد  يعني اسلحه  متطبور اكثر  والذكر برعيم فدا  كانوا الاشوري  كانوا وتبدر على فكره  ان العاصل الحديد هو  اللي بحال مرلعي  فتلاعا دول  اعربات مصفحه حديديه  ادرنا ناطح الطم  الصور اقوى المدن  بمحديديه  تقصر اي عجل حربيه  دروع وخوز  متينه  بسخفيفه  سيوف صعب الناتك كسر  والاسوى من دى  تروعهم في التعزيب  والاتك كناس  ليبل المقول في البشاع  بدا الصضاب  بالمصفين والاشوريين  سنه ستتميه  سبعه وسبعين ابل الملاد  بدا في محاوله من الاشوريين  للسيطره على مدن  مدن موجوده في الشام  وموالي المص  الملك تهارق في هذا الوقت  زي يو زي يقول لحكم مص  عارف ان ام مص  بدا من الشام  بدا بساطه  لانه سينا صحر مفتوحه  فبالتالي كان لزميده في عام علفه مص  خصوصا  اللي متمركزين  في السوريه  واليبنان  وفرصتين  وداء انه تارخير المعضوحه  اي عدوه بيقدر سيطر على الماتي  دي تكون الخطوه جايه  انه احتى المصر نفسها  وداء لحصل للاسف  لما الملك الاشوري  اشور بنيبال  قد حملت على مص  سنه 1667  ابل الملاد  وحشاني عزيزي  فزار في 3 سنوات  يكتح مصري بالكامل  ويستول على من فوطيبه  العصمه جديده والاديمه  وعين ولا اشوريين  على اقل مص  مصكله باتحبار  عن ولايه اشوريه  وداء عزيزي  افموا لحتلال عسكري  لمصري بالكامل  في تاريخه  سياست اشور بنيبال  كانت شديده البشاع  مع الاماراء المصري  اللي كانوا بحاوله  اللي قوموا  وتمارد علي  يتعلق جسسهم  على اصوار الموضن بعد  نتسلخي الغروضهم  الحكب المصري الوحيد  اللي ايبل المتعايه  مع الاشوريين  كان هو نخيو  حكب مدينه السيس  ويبنوا بسمادي  اللي حياء  يكون مدينه تحور تريب  اللي مكانها بانها لالوبيا الهدوات  هيها بحمد بانها  انا حشات العسام العرفه  وهجه كعزيزي تفتكر كوش اوي  ويبنوا بسمادي  تدولي عزيزي  ابطال المرحله جايا  الملك عزيز تهارق  هي موت من الاخ  سنه ستتمارب عشتيين ابل ملاد  تعب وحمل كرحن دويه  عزيز كان عندو احتلاء شوري  كان عندو حضره من هاره  بي موت تهارق  وبتولى مكان  خلف تتاع نتامون  اللي بحاول جديد انه حارر مص  ورامن انه ملك نوبي  الا ان شاب المصري  تواحد وراء  ويدري حارره  مسحات واسحه  فاكد الملك الخيين  اللي تعاون مع الاشورين  ولكن الاشورين مش هزك  وهي بحاته جيش غرور لطيب  وينجحه في احتلالها المره التانيه  سنه ستتمارب ثلاثه وستين  ابل ملاد  بس المراضي عالم مروع بالكامل  هيشى وهم عبدها  ويحرى بيوتها  هيزل نرجل مصريم  ويخطاصب المصريات  ويقول انهما يتولى اطفال بوحشيه  في حاديسه  يعتبرها المعارخين  اعظم ضمار  لما دينا عريقه  في تاريخ العالم القديم  ويعتبرتك الستو  كاريسه من الحميه في الحلارات التانيه  كذليل على بطش الاشورين  بنحفزنا  بنال عزين دي عزيزي  بتنتهي الفطره  الانتقاليه الساليسه  نبدا دائما نهار  الفطره  الانتقاليه التلفه  اللي بدات بطمار تيبه  على ادب عناحسي  انتهت بطمار تيبه  على ايد الاشورين  دي فطره عزيزي  اتحكى متفيها مصر من الاجاني  سواء اللي بيين  او نبيين  ولكنهم في نفس الواتي عزيزي  كانوا بيحترموا الحضار المصريه  بيحترموا لغتها  وبيحترموا  دي عناتها  ظهر منهم ملوك  زي ششانك وبعنخ  وحولوا واحدوها  فطره اضغارت فيها اللغه المتتوبه  عند المصرين  اما تجاه  التبسيط المخل  زي معامل الليبيين  او تجاه اللغه المقاره  المهقوره  زي نبيين معامل  فطره اضغير فيها  نظام الديان  امون  به هو الملك الحي  بحيس  المصرين  ووجود اكثر من ملك  في نفس الوقت  كل حاجه عزيزه غير  الملابس والاسماء  وحتى طريق الدفر  اكثر من رووعمت سنه  من التغييرات المستمر  والاطربات السياسيه  والمجاعه  فطره انتهي  بحتلال عسكاري شامل  وسخوط مص في ايذ الاشوري  حدي عزيزي  محمد اللي بسلامه  خلصنا الفطره لنتقلي  نفضى في مرحله العاصل المتاخير  متامله بحمد برخه مزداء  ريح لاسوطين وغيله  كاتنه بحمد عاصل متاخير  انا محترميش المحترميش مع عيد  عزيزي  اتلاع اجلك من روحه العاصل متاخير  البس  اخلى بالعاصل متاخير عزيزي  كان اهتلال عسكاري مباشر لمص  او موجود اقليه عرقيه  بتحكم مص  بدغاير في مهتقداد المصيين  بشكل مباشر  وزم بدا العاصل متاخير  بالاحتلال الاشوري  هيخلاص برضو  بالاحتلال الرمان  قدى بحمان  هو الاشوري مطولوش معنا لان  الحياه ليزي ان  احتلال الاشوري  مشاستميلي كتير  لان الملك بسمتك الاول  ابن نخاول خيين  مشهاتل على بو  لا  جين النداله  كم متناحي  خلسانه بعلم وراسه  بسمتك الاول  حياس عى بحركه صعى  ان وحب نص  ويطرد الاشوري منها  هيفاع المبدال الحتروف  هياس تعيب مرتزقه اجاني  بسمتك كان شايف ان نسنين الحكم التويله  تحت الليبيين  والنبيين  فقدت المصرين فكره اللي تسمى العسكاري  هو محتاج محربي ملتزميين  ورحفهم في العساده  يلاي محربي ملتزميين  الحضارات الاغرقيه  بروحه عزيزي على سحه الانوضول  الحضارات اللي زيليونيين  والكاريين  وسحه لقاته كمان مع ملك  لديها كل دول  هي حرب وتحت رائد بسمتك الاول  عشان في النهيه ينتصر على الاشوريين  وهي اسس الاسسه توعشين  وفي سنه تشكل ناسه توخمسين قبل الميلاد  ينجع اميزيح الاسر النوبيه  الخمسه وعشرين  ايزاي عنطري المفاضات والحيال الساسي  عشان اخيرا  البلت تتواحه كلها  تعطييد ملك واحد  وصلطه مركزيه واحده  نعون مره عزيزي  مني خمسومي تساله  الوحده دي  هتسمى حلماص  النهاه تفصد للاطمال خارجيه  فنشوف ما وزين القوه في الشر  واتضغار من جديد  والاشوريين اخيرا بوقع  وبهنتهي حكم الرعبه في المنتاء  وبتزار عزيزي امبراطوريه كديده  البابلي  ومليكم الاشهر  مبوخز نصر التاني  وكال عاده  هياح صلبين وبين المصريين  صراء على مدن الشام  الصراء البكساب  مبوخز نصر  بمنتاج سهوله البابليين باخد الشام  تكن لما بحاول  يغزوا مصر  سنه خمسومي تنو سبعين ابل الميلاد  بيوافلوا الملك المصري  واحد براء  والبابليين  ابي عرفوا شخص مصر  وشغيها عزيز الاساد الواتي  هو انجيش المصري مش مصري  وانما عمل كده زي المملي  مجموعه مرتزقه اغريق  وخدين مناسب عاليه  بالجنود المصريين تحت منهم حسين بالتحنيش  عشان في النهيه  نشوفهم بيتمارض ودد المالي  واحد براء  اللي بيضعت لابرض القاده بتوع  عشان يواقف هذا التمرض  القائد احمس  وابل عزيزي ما تعالى التعليز سخيف بتاع  دغير احمس الاول  لر احمس لطالد الوقسوس  احمس جديد عزيزي  اللي جمد اخر تمنى قصر  ما تلاش سالي غزاء احمس الاولين  هل هكبقا سمي اسمي يمكن يشتغل المراضي  لما عزيزي بيروح يضع التمرض  متمارضين بيقوله بولك  تشف شعب الاسمي  مسيبك من المالي بدا  بولكي احنا متمارضين بالقائد  تحمنت بقائد تعال  تعمل قدنا  بيشوف عزيزي قدد التمرض  وهم يعلنوا احمس ماليك على مص  وبتسمى احمس السالي  طب بحمد والماليك اللي جاب  تقدمي الحياه يا رب دلوات  الماليك واحد ابراع  بيه رب من التمرض واحمس الثاني  وبيستنجد بميين عدو ومص  الببلوني  نبوخص نصه  بولكها ببلوني  مزيتش من دجله والفرط  مش عزيزي قراب الدنيا  تغطوا بايه  نبوخص نصه عزيزي  ما هي سده  ويقوله انا ممكن ان يكس لحور جاله  وترجع تحارب احمس الثاني  وترجع عرشه  وحكزه في حام  في مصوان 1967  بتحصل هدم عسكريه قباره  من البر والبحر على مصيش  بيه قدها  واحد ابراعا بنفسه  تغلق عزي المفارق معنا  ماليك مصيسه سابق  بيه قد جيش من الببلين  ضد ماليك مصيحه  حالي  ما هي جيش من الغريق  مش هدع عزيزي  لاول مره بيه حصل في التاليخ المصيح  جيش من الاجانب  بيه قدهم منوك مصريين  وبتنفسه على البالد  ونتيغ عزيزي  ان الحمله بتنتهي  بتنتهي بن تصار عح مصيستاني  لكن اخر ملوك مصر الاققيه  وصحيح  ان مصر فعاده  قد مستقره  وشافت نهضحي  الا اني ما لمح المكتماع المصيح  بدا التضغير بالكامل  بدا ايذي عدد الاعراق  الا عيشين فوق دمين  مصر عمراء بتصطدي في الاجانب  بتاعرف تخليه  ينسهر بوها  وذلك المرتازقه الاغريق  هي قرر النهما  يعني عزلوا واحدهم  وبالفعل  اليهم الملك اول مستطعطانه خاصه بهم  بنوك راتيس  منتهي عزيزي  باجهبها السور حوره كده  والمرتازقه  ورجال اعمال  يستورد الفاده  وزد الستون  والنبيين من بلدهم  ومسداره  لبلد الاغريق  تحوه المصريه  كل هذا من غير ما يتفعل مصر درائم  تغشى عزيون وك راتيزدي  بتحشجن تفماص  بكليئ مثلا  من عابد العباده لالاها  افردت  والالاها هير  وكمان  فابد عاره  وتغاره الرقخه الابيهه  كل عنوع المبخه المكه تتخالها بي  مشو مدول مصرينه  بحماد ودمش مصر  ناسه السوريال  انت ايتش بي  لا اه  تبتسخم سول علي  اركب لك مروحه  كممكن حزيزي  الحضاله مصريه  تكامل بشكل طبيعي  ولكن زي معونا  الواضع في شاكل اوسى ثلوقت ده  لم يكن مستقر  ولا فاي وقت تاني وغلوه  تكتول عمر ولا بتم بيتش بي  فقل اوسى ثلوقت عزيزي  كان في الوقت ده  بياغ اللي وبعوج بالامبرطورياض  والامبرطور اللي بتاع  بحل مكانها البدل عباطو  والمراضي  زهه الامبرطوريه الاخمينيه  في بلد فارس  ولكن مصر  فقد تقويتها في بلد الشم  وكيش هكمان  بعد امعتامت على الاغريق العجاني  فتطريع عزيزي  بعسك ودوغر مفتوح  عشانيه للملك الاخميني  قام بيزي التاني  يحتى المصر بيسمو  ممتاز السؤوله  بخلق قبض  كسب  يطول مصر  25 ابل الملاد  حنانها التانيه  بنشوف  قاعد المرتازق الاغريق  فمص  فنص  ده المدارب الخواقع  اللي جايبون من برعي درعب الجيش  ده جازف عن التعنى  رحمه ليعزيزي  خطوشه من فرسون ضميلهم  معاول يوم في الملكت  ودفع شفتك جزاء وخلع  وبهد الرش وعزيزي  ما بقش في اي قوف مص  تحميها  كده عزيزي  تحديث مصر تحت الهتلال الفياريزي  حقا بسي تكده عزيزي  ما هو عزيزي سنه  عافظه رن تقليه سريعك  حسنيه جاي عزيزه تعمل حضاره  ومعده على مصوطات شويه  وتبدا تشوف بعد كده وضع  ده عزيك تاول مره  مصر تؤع بالكامل  تحت الهتلال اجنبي المده تتجاوز القرن  تغيرات طالت كل حقا فمص  لكن اهم هذه تغيرات  ان طبعت الى الدريين المصريين  الصحاب الوزيف العليه  يحاول انتماعاتهم بسهوله  من خدمه الملوق المصريين  لخدمه الملوق الفرس  ولوق الفرس اللي راعد كده  باسبوهم  الوصفه 27  عنتك مثلا  قاعد الوصفه المصري  واجهه حر رسن  الهال مفروض مصري  ابن مصري  ولكن مدلحه من تمساله  المحفوص في البيتكان  عبارات  بتمجد الهتلال فارسي  وهي مقابل متيزات  هو خده  زي مثلا انه هو بقاف مستشار ملوق فارس  يحن راء خمس فر  واعيش واحد معهم  طبعه  اذا اداري المصريين  والمنتفعين  الحكام الاجانب دول  ماجبر مسال على بداين  تحاول  لغه المصريين  من لغيتهم الام  للغات اجبه  باللغات المحتال  وتعه مهد الاميه  حن حالي جدا  بالمصريين  وليعرفوا يقروا يعتبوا  بالمصال قديمه  هذا تحت جدا  وكان اغلبهم  من طبعه اذا اداريين دول  الليهم فحاليتنا دولت  لم يعود مغرض موظفين  ولكنهم حاملين  ترسل على البلد  باتبارهم  القلل المحزوزه  اللي بتعرف تقروا تكتب  بالمصريين الاديمه  فلا يدول حول انتماءته  وبادا  ويستعمله  لغه ديده  هيا علموها لولادهم  من بعضهم  فهي بشعب التدريج  يستعمل هذه اللغه  باتبارها اي  اللغه المصاله الرسميه  اللغه اللي بمتنسعدنا  في الطرق  الاكتماعي  مصر عاشت فتره جميله  ناخليفه قمبي الزاره الاول  اللي احترم  في فتره جوود  عادات المصريين  ورم من معبدهم  صلح الطرق  وشاء الترع  مسجيمين بعدهم  ولوك او حش بكتير  يبسببهم صار المصريين  اربع سوارات  طبره  اربع سوارات  بانته  بانتصار المصريين  وترد الفرس سنه  ربه ميه اربعه  قبل ملاد  وينا عزيزي  مصري بتعيش حره  ومستقله  لمده تستين سنه  اللي انا عزيزي  لم يكن هناك استخرار داخل  خلسه تنسان دول  بنشوف حق مثاله اسراط  التمانيه عشرين  تتسعى عشرين  والتلاتي  لحد نبيار جعل احتلال فارسي  ثانه تلتميه  ثاثه واربعين  قبل الملاد  بس الفرسه المراضي  نبيو عدوز بعد ما يوحل عشرين سنه  لان كبير  في الاغبر منه  بيزار عزيزي  لسقندر الاغبر  بيجي خنت تلتميه تنتلاتيين  قبل ملاد  ونطول الاخميني  عزيزي مرحله جديده  من عمر مصر  العصر الهلنستي  العصد عزيزي فتره  من التاريخ اليونان  انتشارت فيها  صقافه اليونان  خارج اليونان  بدا عزيب في  جريك بو بزالكي بو بك  تشوفها في مصر  الشام  واسى الصغره  الصقافه اليونانيه  اختاره تتبى الصقافه المحليه  بتاعت كل بلد  اصبح عزيزي سوص بتحطع الحضرات  عندك بسها لان مصر  كاما بطلا  مصر الاول احط  الاسكامدر في الحكب مصر سنه  تتبى اللخام سابل الملاد  وفضل عوب وعالت  بها كم مصر تلتوميت سنه تعريبا  تلتوميت سنه العزيزي  رقم مهول  يعزي مده اطوال  بينك في عزي اللحظه  وبين الحمل الفرنسيه  شوفي كاما حاجه حصلت  بين الحمل الفرنسيه  حضلات  اهو تغيرت الحصر في العصر  في العصر بطلا مبقى  اغبر منها  مثل مع تلك عزيزي  العصر الهلنستي دا  عزيز من الصقفه المحلات  تاكل بها  انا الصقفه الهلني  وتبعا مصر بخص بها لحسه  تحبوا الهلن الموت في الاندام  والانصهار  امر عزيز دا  اللي عاده  ان تاسيمت التاريخ المصري  لشكل اصرات  واب المناسبه  التاسيم الماء بول في عالم المصريات  كان كنبوا كان مصري  اسمه ملتون السمنودي  كتبوا خلال  فترض بطلاي مستتاني  باللغه اليوناميه  تخلع عزيزي  تاريخ  فكره الاصر  اللي احنا منا هرد شرغه لنبي هذه  كتبها كاهد مصري  بالليونانيه  فعص البطالمه  وكان اصلا مكتوب  لما لتمسل اليوناني  اشني فهمه  تاريخ البالد اللوى بحكمها  تاريخنا عزيزي  كنمني واللبطالمه  فدى ساتف باشه  فدل  سمنودي عزيزي كتب كتاب  بعدما البطالمه  توالل وحكم مصحه  بحواله 30 سنه  يعني تعوده  كان شريع جدا  كل حاجه  قد اصالب بشكل مه  بنضرت اليونان  احنا عرفنا مص  من خلال وجهه نظر يونانيين  فينا  يعني مثلا  اسماء المنوب  زي امزيز  بدل اح مصبتيني  اسماء الموضن  زي يهر مبولس  بدل خممه  وحتى اسمه هر مبولس  بشيس مجايك ده من فراغ  لاندين مدينه  اللي كامت مقارر عباده الالاه  تحوت  سنه بوحماد من خلال قراط البصيطه  فالمصريات  تشاده لفدوات الفنان محمد خميس  وتعرف مؤخرا  على زباد اليوناني  اضر اولك بشكل واضح  انه هو مبولس دي  مع نهه مدينه الالاه  كرمس  ثالاقه تحور مص  بتحوت  دكتور زائب نفس مفرق عليها  هي الحلقه للعزيزي  مي سابح مدس  ما تشكل فيكتير  اركوك  قامنا السعل بسرعه  يوناني عزيزي  دمقل اله المصريه  مع اليونانييه  اصبح هناك  اله في وجن  يجب لك تنين ازرق  و تنين احمر العنان  يبا معك تنين الازرق احمر العنان  لا شيء يتنين تنين تنينه ضرع عليك  باه من كانوا نعينه  دفع الزبت اليوناني  عملوا عشاني وحب الشعبي  يعني اله المصريه تحوت  يبقى ههههههه  الاله حرس  وسمك كبير الالها  سربيس  اله خليد بن ازوريس  وزيس  وابيس  شوف التبتببر لاني واعت فيهم  اتلاف سربيس  حتى الاليه المصريه نفسها  ووزوريس بالمناسبه عزيزي  بنانتها باليوناني  ولا يسل مصري  وانها عزيزي  نرجع البدايه الحالقه  فكر مدينه تكسل نخس  والبرديه بتعيتها  اللي كانوا في اللحيين  بحروها فكره بحماد  ما يلفت علينا الفتوحده  احيالبرديه عزيزي  اتكتبت في عزي الفتره  وذلك العاصل بطلامي  اهتم بالتعليم نزبيين  بالتالي ادر المصري  انها اكتب باليونانيه  بسهوله نزبييه  رمانها ممكن يبقلم بالمصري علي جدا  بس بيكتب بيوناني  حاجزي ان الحضله مصريع كتم  مغلق على نفسها  الدين لم يكن يواكب اططورات  مناسبه الكانه  كمبيا تم توريسها  محصوره فوصر محدده  الاسرار الكانوتي  محد الشياره فعنها حاجه من عامه الشعب  الكانه المصريين  حولوا مقومت صلته البطاليمه  ولكن في النهيه طبعه الكانه  طبعه معزوله  ادر ملوك البطاليمه  انهم يضعفوها  سواء بالدرابي كتير  او بساحبين تيازت المعابد  طبعا عزيزي البطاليمه عامه  رحركه سيكي يكتبنوا  معابد فخمه في الصيد  معابد كنت خضاءه لسلطه كانود جديد  معابد في بمبره  معابد مصريق  ولكن نهى في الحياه  مختلفه عن معابد الزمان  مختلفه في النؤوش  والالوان  وحتى استخدمات المعابد  المتعابد في العاصل بطلامي مسلاه  كان ممكن يبت في المعابد  ينمي هناك عشان يضلت عاصل مع الالاء  ويجيل في صور الترؤيه مقدسه  ده ده ما كانش موجود جمان  فكري عزيزي الزيزه مان  ادين فعاه  فتحط مستال كان من اداوات القناعمه  لاذن من خلالها  انه يقنع النوبين  انهم مجوزه من مصر  قرد ده باع عزيزي  بعاصل البطاليمه  الهاصل  الذين في بانسيج وشاوه  تابع للسلطه السياسيه  ولزم يدغايه  عشان يارفي ويكب  قماني عزيشوفنا اللغ المصريه  اللي مكانش بتعلمها  خلال عادد معدوه  لما لعادد المعدوده  بدا غير لولائات ونتمائاته  لسلح السلطه العجنبي  البطالمه  فكريت النتيجه  انه تقليد اللغ نفسها  بتاع التنهار  وبالتالي عزيزي  كان يسهل ان تنهار  الحضاره بالكامله  لما تعزيزي  وصنى اللحزه النهي  التاريخ المصريه القديم  النهيه كما يعرفها علماء المصريه  ثلاثه تنتين قبل الملاد  قليوباترى سبعه اخر  ملكربطلميه  بتنتهي عن طريسه  تلمشهاد الشيير لنتعرفه  ان تنه يسروح  وكتب يزدخل  ومصر بايترومانيه  هنا عزيزي  بيانتاي استقلال مص  وتفضل مصر خضاعه  لثقى الامبراطوري  خارجها  لحوالي عزيزي  تسعوميت سنه عريبا  مصر الاديمه  بشكله النعرفه  بيانتاي  صحيح عباده الالياء القديمه  بتفضل المستمره ومكامله  وتنظل مصر تكتب وتقرى بياننيه  لكن مصر في دوهره فضل خضاعه  تماما لمحتل عجنبي تعتقرها  دراكه عزيزي  انه اخلا بالاباطوره الرؤمن  مزروش مصر عاصلا  ومع زالك  اساميومك بتتنيش  قال خارطيش الملاكي  باعتبرهم  فرعانا  بنشوف نوشهم على المعابد  وهم باددموا القربيين  للاهلاء المصريه  كل داع عزيزي خطاب الاستهلاك  والدام المصرين بس  انه بار مصر  فالاباطوره الرؤمن  مش بيعترفوا اسلم بالقبل ملاكيى المصريه  واعتبروا كمان مصدر للتنظر والسخريه  مش بحب يؤلوها  والدامواطين الرؤمن  دراكه داع عزيزي  بدا التصحر ديانه جديده  وتنتشر وست المصرين  الديانه المصريه  اللي كانت بصيطه  ومفو ماكتر بكتير  عن القانوه المصريه  اللي كان محصور في يدكانه  قالوا لك عزيزي  ولا بقولك كلمده  انه دي مش معناء  ان المصيحين مصرين  كانت ريوم سهه  لا  دلت عرد والموقت  انتقب شع  من بعد الاباطوره الرماء  وخصطه من دقل ديانو  اللي من قتر الشهداء المصيحين  فعنده الكنيسه الخطيه  اعتبرت بدايه التقومها  بسنه 2480 ملايدي  لا سنه التوليه الحق  بسموعه عزيزي  تقوم الشهداء  ودع عزيزي حفد الكده  لحد بما يتولى  الامباراتور  كستنتين الحق  هي عزيزي  ويهل انتسام  محل الامباراتوريه  محل المصيحي  حيث محل المصيحين  انه هم يمر سموعه قدته  وانتها عزيزي عادو  بانه يكون مصيحي  والامباراتوري  الرماني  ينفسها  قديم بديانه المصيحيه  ودع عزيزه عسرعه مصحه  يكونت عزيزي  حيث يكونت عزيزي عزيزي  محابه المصريه  حيث يتم محاقرها بتدريب  بعد المحابه عزيزي  بتتفكر  عشاننا استفيد من الحجارتكم  ومعب التانيه  بناخدها الحوله القنايز  رجع يشوف حالات الترميم  في معبد في كنيسه  فماز جد بتبتبا كمان عملت التطهد عكسيه  من المصيحيين  المصرين  تجايا المؤمنين  بديانه المصرال قديمه  زي الحصد في عهد الامباراتور  سديس فيه عزيزي  كانت رصاصه الرحمه  تجايا الحضاره المصريه  القديمه  نشوف الانباء في الفولس  تترارقل اسكندريه  وهو بيوء مراتباع  بتدمير المعابد  واتل الواثانيين المصرين  وتدمير ما تحفمك تبتس كندريه  وتهيد كتب اخر نص  بالخطه الحرغلي في الاديم  على قدران مع بفيله  فعصوان  اسم فيله عجيز مشفاله  اللي كتبوا الكاهن  اسمت اخوم  عشاني يتعبت فيه  لحوره سلته التميه  اربعه وتسعيد ملاديه  وبعدها  هيندسر الخطه الحرغليفي  بتدريق  وعتب عبار  كد عزيزي حتى حصل حاجه مؤسرى جدا  المصريين  يبقوا ينسوا لغتهم  اللعاشه الف السنين  وسنه تخمسوني 37 ملاديه  حيث افى الاخر  مع بد مصر كان مفتوح لغرات العباده  مع بد ايزيس في جزير التفيله  داع عزيزي  اللي كسير المؤرخي بيشفو  النهيه الفعليه  للحضار المصريه القديمه  رعب عزيزي  وصلوا على ابواب مصر سنه تسكتميه  واحد واربيين ملاديه  وعتاع عزيزي  عزيزي  حدر مصر قديمه عزيزي  خدت وقت طويل جدا عشان تمهار  بدا لنهار بحقان اجانب زيلي بيين  والنبيين  اللي غيروا اه  شكل مكتماع المصري  ولكن برده احتراموا عاداته  واطقليده  مصر بتعدده  بغزاوات اجنبي  العشورين  وعشورين  عزيزي  عزيزي  عزيزي  عزيزي  عزيزي  عزيزي  عزيزي  عزيزي  عزيزي  عزيزي  بعده قد حيانه  مصر بتعدده  بغزاوات اجنبي  العشورين  وفورس  غير الغريق  الا عملوا مزGE بحضارات  دوentlichه قد يب احضاره الاغرقيه  بالحضاره المصريقه  وبهده  جروا من  اللي ما حتره مش الاحضاره المصريقه  والدينه المصريقه  القد to عزيزي  قد to عزيزي  الا قد to عزيزي  قد to عزيزي  وبى عزيزي  عزيزي  قد to عزيزي  عزيزي  قد to عزيزي  حباره او فسا من تقوز بنعملها تقوز بنعملها من غير ما نعرف ومحسل معنى اللواراهه الحظاره ما بتعيش بتحيش بكل جواني بها  كونك بتلاقه الكلمات اللواصلها مصري بالعاده دوحده واحده واحده كده تاقوه دليل ان الاسف فزي الحظاره انهارت بل ماته  وكل ما تبقه هو جستها تهازي لو قد تعمل ان قوش اللي يرغل فيه دي ما كل نش نعرف معناءها من متين سنباس  والله عديك تشفها كان الاجانب مش احنا احنا عزيز من الاجانب عرفنا اللوغه التعيطنا لو احنا نعتبر نفسنا مصريين يعني يعني ده عزيزي لو مش تعرف ان قطاع  اد انتماقه السلاله التعاطم ده اللي خليا نشوف واحد زي واحد ابرع بها تحايا لفمعل احتل اجنبي ضد بلده وبنشوف نوبي زيباع انخي بواحد مصر عشان سلالته  اما ده الواتي فانتماعنا القومي للبلد ولا يكسل السلاله وده عزيزي مفهم عديز جدا للباشر مفهم امر ما عديشت الفلتويت سنه تلتويت سنه دول عزيزي تكف التريح  المفهم الخاص بمصر والنصطين ده الواتي مختلف جدا فيتناغنا ويمكن ده الواتي يبقى اكسه افتخد دميه ده اندر نبنى علي نصخه افضل المستقبل  وبتل من قول قومي زيباع سلال الحضال المصريه مثلا فحنا ضمنين بنا اعترف بموت حفلناع عزيزي احنا ممكن ندرس الماضي عشان يتعلم من نوعا والحلا دي اظن نعمل يانا دروس على قيام ونهر الحضارات ولكن مين فعش عبادا نوعيت تكرر الماضي لان من الواضح عبر التاريخ ان الماضي عبيرك عشتاني  شنوات النسامي كل شوار عمسيز جديد على امل انيجر عمسيستاني لان النبصاطه مش عيجر عمسيستاني بس كده عزيز خيرا ولا ساه خيرا وسنشوف الحلاه اللي فيتد شوف الحلاه اللي فيتد شوف الحلاه اللي تنسط بصحه مصاطر لوحنا هل يوتيوب اشتركها لقمانه  تعرف عزيزي يدبالك مينه هل كافر لي لا بحمد كنكاس عشان كم واحده قطرين بواحده قطرين مش بواحد الله,,0.0,,,"[0.2520488500595093, 0.6875485777854919, 0.15502527356147766, 0.006284106057137251, -0.37466105818748474, -0.00686087179929018, 0.6374623775482178, 0.012423808686435223, -0.16118821501731873, 0.09059856832027435, -0.013975732028484344, -0.6684382557868958, 0.6143391728401184, -0.12173555046319962, 0.19991204142570496, -0.020341644063591957, 0.09683433175086975, 0.08443758636713028, -0.3764701187610626, -0.7447037696838379, -0.4626257121562958, -0.1685866117477417, 0.23100018501281738, -0.23092021048069, 0.15305157005786896, -0.19477413594722748, 0.17593425512313843, 0.1527152806520462, -0.010375414043664932, 0.9357938766479492, 0.1563175916671753, -0.0828123390674591, 0.40914058685302734, 0.0031014750711619854, -0.07413212209939957, 0.3234628438949585, -0.12128933519124985, 0.0968395322561264, -0.10680220276117325, 0.5739175081253052, -0.10625290870666504, -0.019108425825834274, 0.07740139216184616, 0.415203332901001, -0.1979602426290512, 0.1981397122144699, 0.0011540277628228068, -0.09213433414697647, -0.5347846746444702, -0.16189220547676086, -0.011461270973086357, -0.19672700762748718, -0.3489586114883423, -0.06080709397792816, 0.1807917356491089, -0.26211270689964294, 0.6662995219230652, 0.028534309938549995, -0.39114823937416077, 0.12094936519861221, 0.18710970878601074, 0.06924407184123993, -0.6361690163612366, 0.11092720925807953, -0.9669877886772156, 0.21469081938266754, 0.4047858417034149, 0.2506137490272522, 0.006927168928086758, -0.22309182584285736, -0.09943879395723343, 0.11369690299034119, -0.23373106122016907, 0.09808197617530823, -0.15104447305202484, -0.4338303208351135, -0.09139446169137955, 0.06500880420207977, 0.004112552385777235, 0.39218994975090027, 0.5087226033210754, -0.05249319225549698, 0.24198386073112488, -0.3264583647251129, -0.06142581254243851, 0.17569231986999512, -0.026514412835240364, 0.2344146966934204, 0.20727914571762085, 0.12267051637172699, -0.21090853214263916, -0.15203803777694702, 0.07587083429098129, 0.11542686820030212, -0.6568141579627991, -0.17523565888404846, -0.3290403485298157, -0.018209896981716156, 0.06327524781227112, 0.2936277389526367, 0.1036110371351242, 0.028027132153511047, 0.036793455481529236, 0.24990908801555634, -0.0681196004152298, 0.38689032196998596, -0.11460806429386139, 0.12333500385284424, 0.015278107486665249, 0.1485396921634674, -0.8413097262382507, -0.21785125136375427, 0.0043124728836119175, 0.04127105697989464, -0.20706011354923248, 0.22565658390522003, 0.05282557010650635, -0.25506335496902466, -0.2386346161365509, 0.11470942944288254, -0.15369358658790588, -0.05888045206665993, -0.3169620931148529, 0.41204434633255005, 0.34536314010620117, -0.6857713460922241, 0.10417972505092621, 0.2614489495754242, 0.34886491298675537, 0.09434766322374344, 0.06375153362751007, 0.017381250858306885, -0.2669781744480133, 0.3804967403411865, 0.18290665745735168, -0.43115776777267456, 0.03709445521235466, 0.12908735871315002, 0.12355265021324158, -0.7962000370025635, -0.18621619045734406, -0.052551403641700745, -0.5159339308738708, -0.15206874907016754, 0.20625457167625427, 0.14537911117076874, -0.3573876917362213, 0.22562626004219055, 0.36793816089630127, -0.18634755909442902, 0.37280207872390747, -0.23751795291900635, -0.021200112998485565, -0.044123344123363495, 0.32295677065849304, 0.2834310531616211, 0.7139721512794495, -0.27014750242233276, 0.2383905053138733, -0.13966059684753418, -0.5605095624923706, -0.12704451382160187, -0.4005921483039856, -0.14479564130306244, 0.06360407173633575, 0.3499041795730591, -0.041097451001405716, -0.16052500903606415, -0.3815532326698303, 0.05805361270904541, -0.08508464694023132, 0.048366643488407135, 0.8233742713928223, 0.3657680153846741, -0.07982521504163742, -0.2755929231643677, -0.01475778128951788, -0.5355211496353149, -0.34998345375061035, -0.11562754958868027, -0.09797751158475876, 0.2232663482427597, -0.14562883973121643, -0.12946465611457825, -0.16282406449317932, 0.13687480986118317, -0.15070338547229767, 0.06649608910083771, 0.15779456496238708, -0.2660028338432312, -0.629496693611145, -0.12609556317329407, 0.033887844532728195, -0.7564306259155273, 7.217051461338997e-06, -0.2241862565279007, 0.012563824653625488, 0.19743414223194122, 0.6452750563621521, 0.23732447624206543, 0.2129078209400177, 0.4165939390659332, -0.17720066010951996, 0.2235601246356964, -0.029823215678334236, 0.1433301866054535, 0.09404689818620682, 0.07865887880325317, -0.25447672605514526, 0.11894053965806961, 0.30970412492752075, 0.11821508407592773, -0.39773499965667725, 0.29137831926345825, 0.02593757025897503, -0.07297935336828232, 0.019284071400761604, 0.5412234663963318, -0.6310995221138, 0.09245456010103226, 0.1414787322282791, -0.6040036082267761, 0.12559464573860168, -0.30293595790863037, 0.6348511576652527, 0.41670912504196167, -0.5587195158004761, -0.2266198694705963, -0.003911235835403204, 0.04439476504921913, -0.32581010460853577, 0.3823460340499878, -0.30055326223373413, 0.002887764945626259, 0.13484056293964386, 0.028509650379419327, -0.012926384806632996, 0.026546504348516464, -0.2209864854812622, -0.22991874814033508, 0.641178548336029, -0.07377007603645325, -0.28065723180770874, 0.1688617318868637, -0.10939346253871918, -0.41155242919921875, -0.4838804602622986, 0.526113748550415, -0.058313898742198944, 0.4715055227279663, 0.17857679724693298, -0.120671346783638, 0.22937068343162537, 0.21076682209968567, 0.43103039264678955, 0.4525776207447052, -0.5188823938369751, -0.03279474005103111, 0.15628255903720856, -0.42359212040901184, -0.25799721479415894, 0.2516569495201111, -0.3833561837673187, 0.4666275978088379, 0.2669789791107178, 0.1712917983531952, 0.15356801450252533, -0.5912992358207703, 0.18253818154335022, -0.32770466804504395, 0.13339141011238098, -0.013674323447048664, 0.05227166786789894, -0.41454577445983887, 0.35688525438308716, -0.11668456345796585, 0.34990406036376953, 0.06564702093601227, 0.42629629373550415, 0.29803386330604553, -0.21601994335651398, -0.32551348209381104, 0.33615970611572266, -0.41450467705726624, -0.32009220123291016, 0.011390705592930317, 0.6769434213638306, 0.23454929888248444, -0.16312061250209808, 0.12267348915338516, 0.11178044974803925, 0.04572093486785889, 0.6649710536003113, -0.09991742670536041, 0.4383649230003357, -0.08865941315889359, -0.1037399023771286, 0.15733548998832703, -0.014925549738109112, 0.3302883505821228, -0.23830772936344147, 0.13068197667598724, 0.026091115549206734, -0.04067250341176987, 0.4823969900608063, 0.07937460392713547, -0.08165909349918365, -0.14934265613555908, 0.19195881485939026, -0.40525373816490173, 0.03798368200659752, -0.3189287483692169, 0.2627043128013611, -0.2961120009422302, -0.18097952008247375, 0.6659716367721558, 0.2163553684949875, 0.21766126155853271, 0.07558567821979523, -0.6654861569404602, -0.237461119890213, -0.6409174203872681, -0.3019289970397949, -0.03645452857017517, 0.057797208428382874, 0.20288734138011932, 0.2892882227897644, -0.7058296203613281, 0.18656405806541443, -0.3476770520210266, -0.6791750192642212, 0.1226380243897438, -0.4038543403148651, -0.1825977861881256, -0.19553440809249878, 0.10321345925331116, -0.07726407796144485, -0.20373371243476868, -0.1860286295413971, 0.10734561830759048, -0.13679777085781097, -0.23540839552879333, -0.3699136972427368, 0.33373337984085083, -0.13737869262695312, 0.13486523926258087, -0.3424394428730011, -0.38500505685806274, -0.020185811445116997, -0.009010052308440208, 0.34055739641189575, 0.43277013301849365, 0.14649590849876404, -0.1310303956270218, -0.6184934377670288, 0.16272860765457153, 0.14519767463207245, -0.10370688140392303, 0.19246220588684082, 0.07541757822036743, 0.3257305324077606, -0.04123285412788391, 0.20050236582756042, 0.8860003352165222, 0.3955375552177429, -0.31532055139541626, -0.022090844810009003, -0.044497571885585785, 0.025651581585407257, 0.14148376882076263, -0.18874415755271912, 0.19056081771850586, 0.053789034485816956, 0.06174657493829727, -0.11082857102155685, 0.14455978572368622, 0.07678687572479248, 0.00682387501001358, -0.11615294963121414, 0.3171985447406769, 0.29592660069465637, -0.3703724145889282, 0.2407839000225067, -0.12632131576538086]","الحضارة المصرية ما انهارتش فجأة

الصراعات الداخلية أضعفت الدولة

الغزوات الأجنبية كان لها تأثير كبير

الاقتصاد والموارد بدأوا ينهاروا

نهاية الفراعنة كانت نهاية عصر كامل
",سلبي/ درامي
HtgT8Zmf35c,https://youtu.be/HtgT8Zmf35c?si=IaLq6WynMdTnYRM9,النسيان | الدحيح,New Media Academy Life ,1319,20240323,7163031,transcribed, فرخيفة دكتو مييمكن أنسة كل حاجة يستحيل يا ابي الجازدام وصمم خصيصة عشان ييمه his ذكرات الحلوة مع الX وبس عيوه النبع دكتور هيا دي his ذكرات اللي بتخلينا ضعف وحنلها تاني يا لنبدأ دبدب دان تولتري أول دبدب مش ترتولها صح صح ومكانش مع يا فلوس بس فرحة حبي عوادتنا عن كل الشاء دليت حا الدبدب دوي فكرت بي ولا يحاج ممتاز المجده بيفكرت بي دمد جابيانت يبته ليه دي في عيد من ايدي قالت لي أنه بيفكرها بي لأنه زي ألبي عبيان يا عب جد اخ دليت وتفكرت السنمدي بتفكرت بيين داوه الفيلم سلمة وتخولوا مع بعض يفكرني بيها ومجبلها وبرئتها ايضا في المتات تحبت عامة سعاد يا سزب حمت سعاد دليت ييضن الزكرة الزبالة دي اللي بعدهم تحمد لله دي آخر حاجة معانا دم بالحريمي يبتهلا هديا لا دي هديا هي اللي جبهلي لأنه بكتش معرفة شيء أو زندر جالة فكبت حولت وصل لسلق المباشة ويجبت بيشرق واندح دعلا خطوك سكفعل دليت مبروك يا شام احنا خلاص وصلنا المرحل أخيرة كل الزكرة يغطك الحل ومعاة التعط بجبه دوكتر أنا فعلا مش فكر غير غير قرأتنا في الشارع أدام الناس ولا لما كنت بتشتيمني بومي أدامومي ولا لما كنت بتشتيمني ببوية وداما بوية ولا لما كنت بتشتيمني بمرات عامي وداما رات عامي ككريت في الشتيمة ولمما ما سحب بكرامت الارض في الشهل لأدام كل خلاص خلاص يشام في يمه فيما هو دل مطلب الصبطة دلوات عايزك تقولي حاسس بيئي قول قول قول حسنيئة حسن عزر جالة تاني ايدي وددد بتتميئة ايدي أعزل مشاهدة استخاركت أعلم بكم في حلقة جديدة من برنامج إليهم إليهم أنا فاكر إليهم في يوم تلقي في مهرسة متل فين وسبعا وفي ولاية زرجيني على الأمريكي كيف يوحد اسمه لنبلفر بيتستعد النهة روح من شغلها و here we have the big deal حمق المبل بيسيطر لك بسيب نحن هذا وبتسألها و سيزة لن ما يبتشهر هذا النهار دل لن بتقدد الى تلقيه إبني عندك أنا جبتونك نار دل الصوب فالنقلت لها إنك كلا دعو محسالش هنا عزيزي لن بتجرع العربية وبتلاقي ابناء برس في العربية إلي ابن اللي كان عند وتسع شور بس كان منسي في كلس الوراني مع عربية لن نسيط تودي ابناء عن دل بيسيطر و سيطلعات شغلة و سيبت ابناء في العربية تول اليوم حلد ممتنخنو حلولك عزيزي إن قصد يعني أنه سوداوية أنه ليست تستثناء الحتصة دي بتحصن في عميكة بمعزة التمانية وتلاتي مرة في السنة الوحدة يعني في الشهرة تلات مرة و كلمدة كلمة تستثناء في الحدنة يا بحمد عز زمن اللي الأوم تنسيط في ابناء في العربية أجل خدام من عمر الرمراء تبتون اليوم التعيحة قد تزيت فيها وما صاحي شعوك دى بحمد أيو طبعا نحن سيسيخل لنا أولك لكن اللي الى حسن عام الحتصة دي متنوعين جدا يجب أن يكون في أدغانية وفائرة و يشتغل شغنات مختلفة مجبسهم ها دى فيما ينهم أبهات كمان خلال أولك كمان إن الى أالدون ما بكلش مميليين دول بيكونوا نسحاركي ساجدًا على سلامتهم فلمنظوم نشأيها لخب الإهمان أالمتعمل ولا بأي دافع ويعي أول أبعا ميير يعني كل دول ما كانش المخم فيهم أكشي عزيزي بالزبت كده اللي قلت صحة إنه جزء من دماغه ولا الناس لا يكون فيه بوق البشر عزيزي عضو الشاجد التعقيل والحضر نارضة هو اللغز العلباء بحوله فعبوه وصحيح نعرف نعنه حاجات كتير تكفي فيعلاً إلي ما نعرفوش أكثر لبسر بسرن في المساحة اللي حقا بتكلم في هذا الواتف اللي حقا بتكلم في هذا الواتف اللي حقا بتلت أجزاء رايسية بثلع بأضوار مختلفة في عملية الى ازراق والتفاعه لبعال العالم وصيستة ان تتعمل الشيغل النات الحمقة الحمقة اللي مش محتاجة نبه خلق ان تفل مهم الرجينية اما الشييني امضغل شوات اك نسو عربان خشة حمم كتا مدشة غالش زكات مالك شدعوة بحاجة آنية لان داشوه للموزف اللي بعض الهيب وكامبس نبئ بها موزف مر مخشوية ده عزيزي رايس قسم الأشيب نبئ خازنو بتالى المعلومات المحتاجة ها خلال اليوم بتعمل لو كان ملت الحدد دولى بشرشين عشانت ابل رايس مجلس اضارت حزى لجسد حتأبل السيئو الفري فرنت القرطكس سبعا اللي يفاقر وبحال للموزل لستنتاجات وكتشف الغامد والمسيئ كل تولى عزيزي بشتاء المعباط يهم لنا عجلت انتاج متناغي مع بعض طبول ما متناغ معباح مدن نسندة بيجمين مسنة عزيزي هو جلتش في هذا السستمع المعقد بعد ما عرفنا المعلمات دي خلال مصص على يوم لن منتاني ستلسي تبنى في العربية لن كانت صحيطول اللي المعبنى برسل لأنك كان عندي بردت بل قضافة إن عندها ضخط شوه وطولي مشوار الصب كانت في مكلمة مع واحدة عريبةها عدهها مشكلة وبعدها مدرابي كلمة عشان مشكلة عمية في الشوخ كل دوهاي بتسوه ويتعبانه ومرهاقة ومن مجيكوايس ونعيان و here on the haisab Dr. الفسيولوجيا الفسيولوجيا الفيسيولوجيا الفيسيولوجيا الفيسيولوجيا في ديه في الدائمد حزر التخصص بيقول إن المعضوم وما فيه إن نحن نحتى ضخط وطاطر في الأجزاء الأكسة تضعورهم في العالم لما يفرانت القرطكس والحيب وكانتس بيعتاله المدير وموزف الأرشيف بيرا يحرشوائي حين بأقى ويلي لأفرسطوها وانطالق وعيس في الشركة في ساعدن الجنجلية حزل موزف الأحمق والأحمق إن ندوره برمن وميجده إن لأنه يعمل شوهن نتمنى بيطعته يبدأ بايس تعدم زكر ومتحدة عزيسي الجنجلية لبتعرف تفكر ومتحدة تفكر ومتحدة تحالل قامس دهة ماندا شغل العايدة وروتين تمش بيقول دل حصل المعلين الجنجلية مشهتها الوطفائلة وصلت الشوهل وعلىها مستهلةك تماما فانه مخابد مهمة جنابتها في العربية تتلاة لما قصدت الشوهل يبعن مش محتاجة رواحدة بخلاص أنا أطلع وركز في شوهل وركز في المشكل المعلومدير بتايعي فيكرة عزيزي إن اليوم ده الروتين بتاعكم مضغاية كورس الأطفال اللي كبس صدين معشان تعالى لبنها تنبيت صلى فبرايس ابنها تنمحطوت على كورس مختلف وارس سواء مش الناحية تانية اللي بتطر تشوفها كل يوم وعلى عكس العادة بسابين للولد كنعيين فكان مرحك وتعبين وينيام في مطلاش صوت في ملفاتش نظر أمه لن دغير إن عربية جوزاكة بايز فالن والصالد جوزة الشوهل في نفس اليوم وبسابة عزيزي إن جوزاكة بكي معف عربية فشانتت البابي اللي عارطا كبتحطة جمبها فلما كانت لوها تشوفها تفكر كتماحطو طوارة مخاة تحت الموازف الروتين اللي هو جنجلية اللي جهنا تيكت حالت ضخطو الأفقرك كتيرا للتحصل فلوقت دك ساكجل في دمغلين المدينة الواقف المعتادة اللي بتحصل الأبل الشوه شد المفتاح الفعيل هنده هاتي العربية عالبي فلو ركدو شعر رموت وطلع يتمشنسي احق خلس متاكيد يا جنجلية عيب مدابي إذا وطفرص حدوص أخطاء كتير سنة بحمم معكم لحترام الشخصك والأفقركة البرجرسيف ولكن كلام دلما نبأة سيبين حزم تفجل ورعف كلس الوراني مش شعبين بننو دناننا اذا لأمكن اطعتف مع عز السييدة أنا عزي مشارو الدعليك ولكن خللي دي في الدائم دعلي ردعلي رجل دي بيقول إذين تلو بريعيانة بدأ دار تنسة تلفونك إذين تستردين وغزئ أساسي من نكد الواتي فنتبت لتدار تنسة في العطل العزيزي هوهو وبيعصل هذا العطل قد روتك على التصاق قرى الوائعي بتتعطل نخطل ناصرنا نعمت حقل للترسيها لستين طويلة عزيزي أولوم الأحصابة بصلاحة لذين نسيان على إنه جلتش مؤسف ولا بحمن مشولوم الأحصاب بس أنا كمان شايف نحقى قزرة جلتش دي با جلتش بس زي النكتين ساقر متفتل لاجة طيب أن عزي الملبيت والسوستة بفتوح بتدور عن نضر ونتلبيسها تبقى الدور عن مبالف الدول مع بفلاشة المبال وراجل عزيزي فهيانتاني جلتش دي با جبير جدا مخيف زي قست لن ونعب رائس ولكن عزيزي في كنفر جتين هيقول سقوات اسمول هيقول إنه نسيان مش مقرى ضعك أو عرى ضغير مقصود بيه من المشاكل نلبيها عزيزي واسمع دي إنه نسيان نظام مقصود من المخ وموزي عملت التزاكر اه؟ أنا بعامد مخ مددد دي يعني مخ والبنى السيني يعني أنا أسيسة فكر المعلومات بس المخ مدساني صبت عزيزي دان نظام لؤهداف ولو اهمية يعني أنا حن دن نظام من عكس راض واحد عز نفتكر راض عز ننسي في كلها سكو بتلاب على ردك شم مخيعا في الحاة عزيزي هم من نظامين عكس راض بس بشتغله نهاتف واحد الهدف ده له والتزاكر ولهو النسيان على حسب كلمي بروفسور بليك ريشر أمليت التزاكر وعمليت النسيان نشاطين للزاكر الانشاطة دي بتغتم شيء واحد وهو قدرتك على تخاز أقررت الصحيها ويرحاجة زي النسيان المعلومات الأشسية والمهمة تكون تايا في بحر من المعلومات عديمة الأهمية أحساس مثلاً الشراب ونتبت البسوف ريجل ايهلون تشارت الراجل لكان ويف الدامك في طبور السبر مركة دي كلها مع المعلومات حسي يبنخدها طول الوقت الوقت نظمي قرر لا محلاش في حكات أنا مش بحتاجة في حاجات محتاجة الغيها والأغرى بعزيز الاخلبي تميسي وخذيك كوني عزيزي إجلتش اللي ممكن يحصل في حالة زيدي إن أنت تفتكر كل حاج فكد عبالتمين وشوفتمين بتطفصيل من غير ما كل مع المدي يهأيهل أسم وداة جلتش دمشكل لأن أنت لما تراف موقف صعب عربا البائمت فلطر المعلومات ويال مهم ويال مش مهم هتكون مدففة ففي العالم نحن عرفين كويس أو إن نسيان مش عيب إن نسيان حاجة بتساعدنا إن نحن نسروائم فكد عزيزي إن تغزيين نضر علي زاكرت تقتق تستوع بكام مع المعلومات وتحفص كام مع المعلومات خراف ولكن اللي يعمل فرق المرسل سيحل أن تتخزي بس صعب إن تستعيد صعب أن تستعيد المهم عشان كد عزيزي عالم مخل عصاب رونة ديوز بيقول إن ربما يكون حاجة زيين نسيان هي الواضيفة الأسسية للمخل مخيرة مش وزفتمين بتك بالعاكس لأس الحاجة المفتك الفكرة في النهيان سلمش مهم بالنكتير ما كم لا ترمى بحمد لي كول العمل ان تعملت نوفيشيطل حالة دي بس نشافي النسيان نضاف واني في سبعاد رفتك كل حاجة هل نقول لك لو مظومت النسندين مش شغلة لمكني حسل لو فضلت ما يشكده وحياتك كلها برعان سكرين شوطس سنقول لحاجة بتحصد حولي نقدم لكيز بتاع جلبرس جل هي الحالة اللي واحدة في العالم الموصدق عالميا لذكرها البعض رفية الخارق حيلي سوبيينيير او تو بيجرافك الممري جل عزيزي فكر كل العقصة في حياتها من سن 14 سنة لو رحتونا نارضة ويف الخمس نتمنع مرحب لابت لاها أي تريخ عشوائي من سنة 14 و 80 تمن تشف برع ساوات سين حسلين ايت نين اتنع الفنو خامسة تقدر تقول لك يا كالتئة هل غادة تقدر تقول لك يا تلفسة أي أبحسك تير جداً يتعملتها لها زي الحالة وقالت انت تيجي عزيزي فحلياً انت ما فيش أي ميز أضافتها زي الحالة لقضرات جل عزيهنية قد تبحميه يعني السدت دي ما كنت شبت أفل بقالة بتحنك وعالي متفازيا و بتخداء جايز نوبل لا يعزيز بلحك شعزيز مناس ممكن تبقى بثصر بالسلب ان نتازك رأسي الناس الانتار نتحك فيه أن صغوة الحياة بحليكة جل مصام بتنع الفيديو يترومة نسل مش أدرة تنسى ونفحصل تجاهة تفارغة الطاة تسوف على خصة الواضيعين يبدأ بها دي جل مفسه قد بتكتاب اسمه الزوومن هو كانت فرقات بتحك فيه أن صغوة الحياة بحليكة جل مصام بتقول إنه هم رها مكانت متفاوخ في الدراس اهه هي عزيزة قد بتاسحك كتير قد رطة على تركيز في الحاضر أو التخطوطيك المستابل قطعة لان تقين مخاة دايماً مربود بجانازير ملماضي وكل يوم يبنزد عمل يطول وقه مشغول ببعلمات سنوية يحاجة عزيزة بتستلزيفها عقلياً وعاطفاياً حلجة جل عزيزة حالة ندر جدا قلين أقول لأجبارده إنه إليت النسيان أو غيف في الترزاكرة حاجة بتتحب من معاط أجبار من الناس يعني على حساب دراسة 12.000 ستوشة فبعد نمرضة طوحة بأنزاهده من الأصوات العالية وسلقوا في التعامل نبيكون شمارة نبيكون سابو وعندما يشعرني فلطار أو مش أدريميين سو بعد المتخاتز زيادة عنده وحتى البشف اللي حدون تكون عاصى بتقليد بيفتكروا بيفلطار عادة لو طار رضو اللي فقداً مؤلم أو حات سبيرة زهكرة صعب إنسوها إنسان هنا نعم إنسان عزيزي هو فضيلة من رزلتين إنسان المفرد والتزكر المفرد وكل اندى عزيز من بس بتلعيين فعلم الأحياء والأصاب بتلعيك مان في الإعايي هلألة من لذلك العالع بليه وقروا خلوه كمان بيانس إذ ذكال الصناعي باشكل المختلف بيحاولي حاكل قضرات الإنسان ويأديها بكفاء على ويتجنى بعوال بشر ويضنى تعفور في العنسان كان هنا عيب فكان طبيعي إنسخ الإلكتوروني يألم سالية من ننة تتخلص من حاجة النساءة النساءة بس الحصة النحنة كتشفنا النحنة مع تجنى على المذكال الصناعي إنه ينسى لان حيانة عزيزي لإيها لو فتكر كل حاجة ممكن يهالوس واحد الأمسل عدى نزون ذكال الصناعي يدري حقا أداء مو بحر في العبات الأتاري هنا العمال لا مو تقروبه فمامل ذكال الصناعي يسمودي بمائن تترى لجوجل عمل وتعجل على هذا النزام نخلي في تكر التحركات اللي مرة تعلي بشكل المثقائي يركز مع طوقات اللي مكانش مطاقعة وينسى الطوقات اللي كم مطاقعة اللي مشهدف لخبراته أي حاجة اللي كم مطاقعة اللي مشهدف لخبراته أي حاجة يعني بساطة التعلم إنه ينسى لأنه مش كل المعلمات مهمة وكبانت تعلم إنه ينسى بينافس الأهلي إلا انت انسان مش عالبقتي بيكين سمي انت عزيزي في المغفل العجرز ولا اقدعها إيه ولكن عزيزي ما زل مكانه هناك نزام آخر نزام بتحكت في الزاقرة والنسان ولاكن غرد ولا يسام مستلاحة ولو حوالت تتحكى المعلومة تنودي مهمة إنه زمدهة نسهلة تاع عزيزي نزوم بيطفرض عليك ولكن من خارج دمياخة في كتابه التزاقر المنسي يترجمت الشخصية اللي فرقيت فلرميمبرنس للبحث على ايرلان دي جايب اينا بيول عزيزي إنه الأظمة عبر التاريخ ادركة ومجتمع بداية نمحتك كل فترة إنها تفالطر العهدس سنساح جات ودباروز حاجات نحتك تهم الحجمه يمجدت وهي خلق سردي عنفسها وان تريخت برسقويتها وتخفضها عشانكد جايب يواصف سيست اتتنسية سيست استغدبت عزمة مختلفة في التريح الحديث عشان تتخلص من حيث تجمع عيحاف تريح بتاعه يعي ميسان اوروبا في فترة مبعد الحرب العامات هي مسال موزهل على طوزيف النسيام على مسال موزه على تسانسل الأحدث في عزي الفترة في الحرب العامات التانية المانية وإطاليا كانوا بيحربوا برطانية وفرانس سميفون اليورو عادة الضحية ووسفة المانية عمنية مليون امن فرانسة وإطاليا وبرطانية في كل دولة فيهم خصرت حول الناس مليون مبين مدانيين وعسكريين بس يدخل صحروا من هنا اللرباع يتصالح من هنا وقرو دوينس راح ونزجايا وفايا استالع ويسهورستورز وكتوح لخوات في الدنيا ساي دول دعبح وفباحت مئات الأهلاف من الناس ماتة دفئوا من بتأطع بعضا قرون على عادد قال من كده خلوة لك حسيسي إنديه ليس التفاها من الدول لبتأطع بعض ولا تجبين مخب الدول أوروبي يحقف النصكت اليوم لك إن بعد الخسائر الفاديح لمرة الدها الدول دي قترك أن أسلم طريق هو إنه ميتخفف من الماضي لندقيق المستابل في صرعات طرم لقدر نخلق أهوية كديدة ومسهلة مشتركة نحمينة من الماضي ده لا أو كمان دخلق من قوة عوزم فيضروا يحموا بعض في المستابل فهن سماجنس عايز مبير في توسيف تعافي الدول أوروبي بالحرب عاماتاني يوروبي سيكشلتر بهند أكلكتف أمجي الأوروبيين إتخزوا فقطان أزاكرة الجمعي كمالكة يحقى عزيش عيليا جدا مخولة جي عزيزي بيجدها بليغ جدا وبنزكرني بمقولة جميلة نجد محفوس في الحرفيش نيحمن الماضي تتعافر خطاء حين عزيزي أمسيان المسيان الماضي الأليم بيخليمه درن لبص الحضر نبص المستابل نتأمل ومتعلم نشتغل ساوة وننسى الضغاء نوكراية الكلبين ننسى الترومات ننسى الأحداث الأليم اللي ممكن تأسر فيه ومتخلش نبص الأدام حلو الا لكن دهو لذا فرانسة مثلاً خلط مهمة النسياندي بجدية شديدة لأنه يرسل الحرب عند فرانسة كلمحاقة جدا يعني عالمانيا حتى اللي تفرانسة قرب عسيني موات الحرب ويزايتها ومتعلم الفرنسية قرارت النحتاح من نفسهم نلبطش بخل سياسة تعاون مع النزيين وده تضمنا المشاركة في أتل وقمنا نزيليه وفينا فرانسة عمل الجريمة تحت ضغط احتلال مهين من عالمانيا بسنحاضر بيولك إن عالمانيا بيطوخط فضلة فردعاون نعمل زيدي الوقت في جغير رحسيز هو النسيان أندر محسال واللحاسة باكرة الموارغ الفرنسي حين ري رسو بسنمي اللتفاق ضمن اللحاسة بين الحكومة والمكتماع بعد الحر بذفيتشي سندروم نزبتنا إلى مدينة ففيتشي ما قرر الحكومة فرانسة عاتاة متلازمة ففيتشي زمب وصفهر السوق كانت من الآخر إبتفاق ديليل كلنا نتقلها لها زي الفطان الحر كاننا نشعفنا إبتفاق غير موعلان إن كلنا نتقلها لها الحصف إنساني باكة كل ترمدي والتقلق على انتصرات الجشي الفرنسي في مواجهة اللحتلال الماني اللنتصر عن نزي عزيزي خدبالك مش في الألمان مش لنحن نشتها المان في المستقبل اللي الألمان كويسي ولكن نظام لكنمسيك كلوحش ركس على انتصرات الجشي الفرنسي والتمحاسة النصام القمع وخصوصة نفرانسة غرقت من الحرم من تصر ولكن عزيزي فكلا مخترك النموخ قل مبينسة المعلومة ونسحش هو بس بياف قد القضة على استرغاعة الركولي ممكن فضرة تانية يأب المحفزات تسادي المعلومة وهي اضار يسترقع عامين تانية لعيذة والعزيزي إن السردية المكتماع النفس وحتاجات ساقات حاجات ونبار وزحاجات مشكلة بعزيزي إن الحاجات اللي بتتساقات بي تتنسيش وهنا بحب الرسوط عبير في غاية البلاقة عن زقرات فاطرة الحرب والمئاسي والمجازر الحصل في النداة الماضي الليزي لا يمدي والماضي الليزي لا يمدي تجل ياتو ظهرف في السبعينة بعد 30 سنة من الأحداث إن 12 ما يعرف بالممر اكتفيز من نضال التزاق وتحاول التناسي إلى هاوس بالتزاق هاوس بالحكمة فيتشي وحتلال المنية الفرنسة وتعطو فرنسة في حلزة الليزي لولكوس صحوة التزاق كنجمسة تم تدر الحرب العالمية وإنما كمان لمودي فرنسة للستعماري لما تزار طلبات من جميعاة زي المهاجرين جزعياريين مثل بتصمم إن الحكمة فرنسة تعطارف بغراء امها واتل احتلال وإن الحكمة رضد بقانون سنة 35 بيجب المدارس إنها الدرس ازدور الإجاب الفرنسة في شمن أفرق والأهتفال بمتواتة عسكري كموحوة لنحن عشين لجميع الماضي عزين لنساء ولكن عزيزي تصكر كنتفان أقوى بكتير مشا الله طبركة الله فرنسة عمل عموشار رفع وفي النهاة عزيزي عمي الغاء هزقنو فان عزيزي وعين البيول إن انت عاستي محي حدث من التاريخ قلية عزيزي يتحلق على حسر بوقت نظر بعد الناس كيف يتمنى استصدقى وها فاجأ بالتاريخ الطريقة عاستي ماتطاقة احنا بد المنكنس و الخبز الزكراد تحت السجادة احنا هنان شرع فارة فيوقت نظر بتقول إن انت العيز من قوام الناس إنساء حاجة حصلت في التاريخ يجب عليها أن يجب عليها ويجبعها من نكليم وده الحصل في اللي ينطقس الحقار والمصالح اللي تعامل الداعش كال واسماء مختلفة بعد الاحداس المفجاع في تريخ البشري زي ما سلا التطيير العيارقي الحصل لغمات تسي في رواندة والنظام الفصل عن سوري في جانوب أفرق وكل انده لوؤسس عالمي وبيستند لأحاة التكنيكس النسيان اللي مخاك بستقدم يعني على حساب نظريت عالمي نفس الروسي في اللوما زكرني كذا الشخص لكان أعلىها وفي فين في عشرة تقرن المدين إن الويترز بيغد الطلب وفي فضلح حفظين لحادة ما الطربيزة حاسبوت ومعدها يتسوح لطوو زجارني مش يورم لحظاته وعمل تغرب اكتر وطلع النظرية الخلط اسم زجارني كيف يقول إن عدم الإختمال بيخلح حالة من القوجنة تفتنشان التوطل الزيهن لما موخة بيساقل إن فين شط مهم بعدها ومخلص تفضل العجيز الفكريد تتنططت في المغاك مش حارفة عالم بعدها تفضل تربغة للوحي كل شوية مش حارفة عالم بعدها تفضل تربغة للوحي كل شوية مش حارفة عالم بعدها ومتالي باة تنظمة اكتر في الزكير على عكسبة المغاك لما ميساقل إن في عاجكتماعي بيدق شارل الزكيرا نخلاص دن علي مناكة لباشة ونزل الزوور زي ما تخوشي لمتحن بالزبتك داعزيس تربي كل اللي فيتباخة في الورى وتتلع نسيّي بناع الالباحث داعزيسي ترى احضل الخبارة بينصحوات المزكرة إذا كنت خلالش الورى فعادة احنا لا انت تتواقف وتبدأ كذامرة عشان تخلق عزة طوات الزهني اللي مخلي مخليم سكفي معلوم يا سلام بحمد يا لنا عشان اشتغل الكويس اتريين بأول لما ميجبش تربت كويس لي عزيسي انت عشان تشتغل الكويس محتاج ترى يه مدت الصغيرة فوست فطرات مزكرة معقول لا تويلة و بعد ان ترحت الشبشة في 8 سعي ترى عزيزي اللي جانل حقيقة والمصالح في طالب دكتورات لا اطلق اتصايع واناكن اللي بيحصر في رجان الحيئة والمصالح ده ما هو إلا عملت تنبيه نزاية الزجارني على ان تقمعي فاته لما تجمد حاية وتولون تعالوه وطلاقوا اللي عدوه واده جناع حياتارفوا بالهم عملو وتقريل بتساتف بيورسط كل حاج حين بشكلها باخر الموخي ميجيل وإشارة إن خلاص سيحة الأمور اكتاماً تخلاص انت مش محتاج تحتاج تحديد دهازي الزاقرة في موخي لانها خلاصة تساقلت في مكانتاني وانا حسب النظراتي فمن لاينا العملية لكالها دفن النهة توصيق الحقيقة بتاهم من عكس المطاقع من هيا عزيزي مش بتافز الحيئة براكس يابتخفف من أصر أزكرة الأليمة وتدد للدحاية مصطالح معروف بالكلوجة نوت وتكتمال تسمح بتتجاوز والاستمرار ملاخس عزيزي من هذه الحلقة هو إن حجزي النسيان المفون نحجة ويحشة ومن كرحة لأن نحن نشوف أصرف لمتحنات من يبقى عجيزي النفتكر حجات فأو اتحن نحتجي النفتكرة ومن لا يش فلوص بحن نحزل الكوره العملية النسيان ولكن العلم الأعصاب وعلم البالوجة بتقول هلنا هو إن النسيان حجق قيمة حجم مهمة حجم نقدرش العشم مغيرها بعد النظام اشوفنا يشوف أن نغرد المخة أساسا إنه إنه إنسى مش إنه فتكر إحنا أغلب الي مخب يعميل هو النبي فلتر مع نمات كتبنك انت بموغودة بس هو قرر أنه تخلص منها باللح زعزيزي أهميت النسيان مش بس في حياتنا اليومية كمان باللحظ واتترمات واتل أزمات الموجودية لبتحصلنا واتل أحداس اللي بتحدد ووجودنا لما بتخلص كل الحلول بنقول إنه ما فيش أمل غير النسيان بنغتش فعزيزي الن الماضي عيانا بحال فوقت زي دا بنيح من الماضي تطعافر خطوة أحيانا الماضي ببحام العلينا وأحيانا نتخلص من هو اللي بخلص عندنا هذا المستقبل نفتكر عيزيزي مش معنا نحن نحن شكرنا في النسيان وولنا نوع حجميلة إنه هو حاجة المفروض علينا أي حد أو أي كيام يقدر يفروض علينا يقدر يتحك في سرديتة أيها النفتكر ويها النساء إنسيان سلاح وتزاق ورسلاح قد نزون إن نحن لمنك برنفسنا نحن ننسى إن نحن نبقى قد بنحل الماضوع لحكش عيزيزي لحبح سلمامة تليي نحن لمنك كل لمن أول لمن عترف لمن ناش لمن فكر في الحصول الأبلكتة سحتها بس نقدر نطحرر إن نننسى فنهاي عيزي النسيان عيليج وسلاح في أيضة بس كد عيزيزي أخينا وليسها خينا نعي عيزيزي ممكن نسحكها تكتيرا كده بسما ننساش أبطن نحن نحن نحن نشوف الحلت الفيديت نشوف الحدت قيية نزن مصحة مصر لحن نحن نشترك أقنى دولي باق جنجل سأطيتت مشارف إنسيق مبثة مشانة في التقلمدة قاة,فرخيفه دكتو مييمكن انسه كل حاجه يستحيل يا ابي الجازدام وصمم خصيصه عشان ييمه his ذكرات الحلوه مع الX وبس عيوه النبع دكتور هيا دي his ذكرات اللي بتخلينا ضعف وحنلها تاني يا لنبدا دبدب دان تولتري اول دبدب مش ترتولها صح صح ومكانش مع يا فلوس بس فرحه حبي عوادتنا عن كل الشاء دليت حا الدبدب دوي فكرت بي ولا يحاج ممتاز المجده بيفكرت بي دمد جابيانت يبته ليه دي في عيد من ايدي قالت لي انه بيفكرها بي لانه زي البي عبيان يا عب جد اخ دليت وتفكرت السنمدي بتفكرت بيين داوه الفيلم سلمه وتخولوا مع بعض يفكرني بيها ومجبلها وبرئتها ايضا في المتات تحبت عامه سعاد يا سزب حمت سعاد دليت ييضن الزكره الزباله دي اللي بعدهم تحمد لله دي اخر حاجه معانا دم بالحريمي يبتهلا هديا لا دي هديا هي اللي جبهلي لانه بكتش معرفه شيء او زندر جاله فكبت حولت وصل لسلق المباشه ويجبت بيشرق واندح دعلا خطوك سكفعل دليت مبروك يا شام احنا خلاص وصلنا المرحل اخيره كل الزكره يغطك الحل ومعاه التعط بجبه دوكتر انا فعلا مش فكر غير غير قراتنا في الشارع ادام الناس ولا لما كنت بتشتيمني بومي ادامومي ولا لما كنت بتشتيمني ببويه وداما بويه ولا لما كنت بتشتيمني بمرات عامي وداما رات عامي ككريت في الشتيمه ولمما ما سحب بكرامت الارض في الشهل لادام كل خلاص خلاص يشام في يمه فيما هو دل مطلب الصبطه دلوات عايزك تقولي حاسس بيئي قول قول قول حسنيئه حسن عزر جاله تاني ايدي وددد بتتميئه ايدي اعزل مشاهده استخاركت اعلم بكم في حلقه جديده من برنامج اليهم اليهم انا فاكر اليهم في يوم تلقي في مهرسه متل فين وسبعا وفي ولايه زرجيني على الامريكي كيف يوحد اسمه لنبلفر بيتستعد النهه روح من شغلها و here we have the big deal حمق المبل بيسيطر لك بسيب نحن هذا وبتسالها و سيزه لن ما يبتشهر هذا النهار دل لن بتقدد الى تلقيه ابني عندك انا جبتونك نار دل الصوب فالنقلت لها انك كلا دعو محسالش هنا عزيزي لن بتجرع العربيه وبتلاقي ابناء برس في العربيه الي ابن اللي كان عند وتسع شور بس كان منسي في كلس الوراني مع عربيه لن نسيط تودي ابناء عن دل بيسيطر و سيطلعات شغله و سيبت ابناء في العربيه تول اليوم حلد ممتنخنو حلولك عزيزي ان قصد يعني انه سوداويه انه ليست تستثناء الحتصه دي بتحصن في عميكه بمعزه التمانيه وتلاتي مره في السنه الوحده يعني في الشهره تلات مره و كلمده كلمه تستثناء في الحدنه يا بحمد عز زمن اللي الاوم تنسيط في ابناء في العربيه اجل خدام من عمر الرمراء تبتون اليوم التعيحه قد تزيت فيها وما صاحي شعوك دى بحمد ايو طبعا نحن سيسيخل لنا اولك لكن اللي الى حسن عام الحتصه دي متنوعين جدا يجب ان يكون في ادغانيه وفائره و يشتغل شغنات مختلفه مجبسهم ها دى فيما ينهم ابهات كمان خلال اولك كمان ان الى االدون ما بكلش مميليين دول بيكونوا نسحاركي ساجدا على سلامتهم فلمنظوم نشايها لخب الاهمان االمتعمل ولا باي دافع ويعي اول ابعا ميير يعني كل دول ما كانش المخم فيهم اكشي عزيزي بالزبت كده اللي قلت صحه انه جزء من دماغه ولا الناس لا يكون فيه بوق البشر عزيزي عضو الشاجد التعقيل والحضر نارضه هو اللغز العلباء بحوله فعبوه وصحيح نعرف نعنه حاجات كتير تكفي فيعلا الي ما نعرفوش اكثر لبسر بسرن في المساحه اللي حقا بتكلم في هذا الواتف اللي حقا بتكلم في هذا الواتف اللي حقا بتلت اجزاء رايسيه بثلع باضوار مختلفه في عمليه الى ازراق والتفاعه لبعال العالم وصيسته ان تتعمل الشيغل النات الحمقه الحمقه اللي مش محتاجه نبه خلق ان تفل مهم الرجينيه اما الشييني امضغل شوات اك نسو عربان خشه حمم كتا مدشه غالش زكات مالك شدعوه بحاجه انيه لان داشوه للموزف اللي بعض الهيب وكامبس نبئ بها موزف مر مخشويه ده عزيزي رايس قسم الاشيب نبئ خازنو بتالى المعلومات المحتاجه ها خلال اليوم بتعمل لو كان ملت الحدد دولى بشرشين عشانت ابل رايس مجلس اضارت حزى لجسد حتابل السيئو الفري فرنت القرطكس سبعا اللي يفاقر وبحال للموزل لستنتاجات وكتشف الغامد والمسيئ كل تولى عزيزي بشتاء المعباط يهم لنا عجلت انتاج متناغي مع بعض طبول ما متناغ معباح مدن نسنده بيجمين مسنه عزيزي هو جلتش في هذا السستمع المعقد بعد ما عرفنا المعلمات دي خلال مصص على يوم لن منتاني ستلسي تبنى في العربيه لن كانت صحيطول اللي المعبنى برسل لانك كان عندي بردت بل قضافه ان عندها ضخط شوه وطولي مشوار الصب كانت في مكلمه مع واحده عريبهها عدهها مشكله وبعدها مدرابي كلمه عشان مشكله عميه في الشوخ كل دوهاي بتسوه ويتعبانه ومرهاقه ومن مجيكوايس ونعيان و here on the haisab Dr الفسيولوجيا الفسيولوجيا الفيسيولوجيا الفيسيولوجيا الفيسيولوجيا في ديه في الدائمد حزر التخصص بيقول ان المعضوم وما فيه ان نحن نحتى ضخط وطاطر في الاجزاء الاكسه تضعورهم في العالم لما يفرانت القرطكس والحيب وكانتس بيعتاله المدير وموزف الارشيف بيرا يحرشوائي حين باقى ويلي لافرسطوها وانطالق وعيس في الشركه في ساعدن الجنجليه حزل موزف الاحمق والاحمق ان ندوره برمن وميجده ان لانه يعمل شوهن نتمنى بيطعته يبدا بايس تعدم زكر ومتحده عزيسي الجنجليه لبتعرف تفكر ومتحده تفكر ومتحده تحالل قامس دهه ماندا شغل العايده وروتين تمش بيقول دل حصل المعلين الجنجليه مشهتها الوطفائله وصلت الشوهل وعلىها مستهلهك تماما فانه مخابد مهمه جنابتها في العربيه تتلاه لما قصدت الشوهل يبعن مش محتاجه رواحده بخلاص انا اطلع وركز في شوهل وركز في المشكل المعلومدير بتايعي فيكره عزيزي ان اليوم ده الروتين بتاعكم مضغايه كورس الاطفال اللي كبس صدين معشان تعالى لبنها تنبيت صلى فبرايس ابنها تنمحطوت على كورس مختلف وارس سواء مش الناحيه تانيه اللي بتطر تشوفها كل يوم وعلى عكس العاده بسابين للولد كنعيين فكان مرحك وتعبين وينيام في مطلاش صوت في ملفاتش نظر امه لن دغير ان عربيه جوزاكه بايز فالن والصالد جوزه الشوهل في نفس اليوم وبسابه عزيزي ان جوزاكه بكي معف عربيه فشانتت البابي اللي عارطا كبتحطه جمبها فلما كانت لوها تشوفها تفكر كتماحطو طواره مخاه تحت الموازف الروتين اللي هو جنجليه اللي جهنا تيكت حالت ضخطو الافقرك كتيرا للتحصل فلوقت دك ساكجل في دمغلين المدينه الواقف المعتاده اللي بتحصل الابل الشوه شد المفتاح الفعيل هنده هاتي العربيه عالبي فلو ركدو شعر رموت وطلع يتمشنسي احق خلس متاكيد يا جنجليه عيب مدابي اذا وطفرص حدوص اخطاء كتير سنه بحمم معكم لحترام الشخصك والافقركه البرجرسيف ولكن كلام دلما نباه سيبين حزم تفجل ورعف كلس الوراني مش شعبين بننو دناننا اذا لامكن اطعتف مع عز السييده انا عزي مشارو الدعليك ولكن خللي دي في الدائم دعلي ردعلي رجل دي بيقول اذين تلو بريعيانه بدا دار تنسه تلفونك اذين تستردين وغزئ اساسي من نكد الواتي فنتبت لتدار تنسه في العطل العزيزي هوهو وبيعصل هذا العطل قد روتك على التصاق قرى الوائعي بتتعطل نخطل ناصرنا نعمت حقل للترسيها لستين طويله عزيزي اولوم الاحصابه بصلاحه لذين نسيان على انه جلتش مؤسف ولا بحمن مشولوم الاحصاب بس انا كمان شايف نحقى قزره جلتش دي با جلتش بس زي النكتين ساقر متفتل لاجه طيب ان عزي الملبيت والسوسته بفتوح بتدور عن نضر ونتلبيسها تبقى الدور عن مبالف الدول مع بفلاشه المبال وراجل عزيزي فهيانتاني جلتش دي با جبير جدا مخيف زي قست لن ونعب رائس ولكن عزيزي في كنفر جتين هيقول سقوات اسمول هيقول انه نسيان مش مقرى ضعك او عرى ضغير مقصود بيه من المشاكل نلبيها عزيزي واسمع دي انه نسيان نظام مقصود من المخ وموزي عملت التزاكر اه انا بعامد مخ مددد دي يعني مخ والبنى السيني يعني انا اسيسه فكر المعلومات بس المخ مدساني صبت عزيزي دان نظام لؤهداف ولو اهميه يعني انا حن دن نظام من عكس راض واحد عز نفتكر راض عز ننسي في كلها سكو بتلاب على ردك شم مخيعا في الحاه عزيزي هم من نظامين عكس راض بس بشتغله نهاتف واحد الهدف ده له والتزاكر ولهو النسيان على حسب كلمي بروفسور بليك ريشر امليت التزاكر وعمليت النسيان نشاطين للزاكر الانشاطه دي بتغتم شيء واحد وهو قدرتك على تخاز اقررت الصحيها ويرحاجه زي النسيان المعلومات الاشسيه والمهمه تكون تايا في بحر من المعلومات عديمه الاهميه احساس مثلا الشراب ونتبت البسوف ريجل ايهلون تشارت الراجل لكان ويف الدامك في طبور السبر مركه دي كلها مع المعلومات حسي يبنخدها طول الوقت الوقت نظمي قرر لا محلاش في حكات انا مش بحتاجه في حاجات محتاجه الغيها والاغرى بعزيز الاخلبي تميسي وخذيك كوني عزيزي اجلتش اللي ممكن يحصل في حاله زيدي ان انت تفتكر كل حاج فكد عبالتمين وشوفتمين بتطفصيل من غير ما كل مع المدي يهايهل اسم وداه جلتش دمشكل لان انت لما تراف موقف صعب عربا البائمت فلطر المعلومات ويال مهم ويال مش مهم هتكون مدففه ففي العالم نحن عرفين كويس او ان نسيان مش عيب ان نسيان حاجه بتساعدنا ان نحن نسروائم فكد عزيزي ان تغزيين نضر علي زاكرت تقتق تستوع بكام مع المعلومات وتحفص كام مع المعلومات خراف ولكن اللي يعمل فرق المرسل سيحل ان تتخزي بس صعب ان تستعيد صعب ان تستعيد المهم عشان كد عزيزي عالم مخل عصاب رونه ديوز بيقول ان ربما يكون حاجه زيين نسيان هي الواضيفه الاسسيه للمخل مخيره مش وزفتمين بتك بالعاكس لاس الحاجه المفتك الفكره في النهيان سلمش مهم بالنكتير ما كم لا ترمى بحمد لي كول العمل ان تعملت نوفيشيطل حاله دي بس نشافي النسيان نضاف واني في سبعاد رفتك كل حاجه هل نقول لك لو مظومت النسندين مش شغله لمكني حسل لو فضلت ما يشكده وحياتك كلها برعان سكرين شوطس سنقول لحاجه بتحصد حولي نقدم لكيز بتاع جلبرس جل هي الحاله اللي واحده في العالم الموصدق عالميا لذكرها البعض رفيه الخارق حيلي سوبيينيير او تو بيجرافك الممري جل عزيزي فكر كل العقصه في حياتها من سن 14 سنه لو رحتونا نارضه ويف الخمس نتمنع مرحب لابت لاها اي تريخ عشوائي من سنه 14 و 80 تمن تشف برع ساوات سين حسلين ايت نين اتنع الفنو خامسه تقدر تقول لك يا كالتئه هل غاده تقدر تقول لك يا تلفسه اي ابحسك تير جدا يتعملتها لها زي الحاله وقالت انت تيجي عزيزي فحليا انت ما فيش اي ميز اضافتها زي الحاله لقضرات جل عزيهنيه قد تبحميه يعني السدت دي ما كنت شبت افل بقاله بتحنك وعالي متفازيا و بتخداء جايز نوبل لا يعزيز بلحك شعزيز مناس ممكن تبقى بثصر بالسلب ان نتازك راسي الناس الانتار نتحك فيه ان صغوه الحياه بحليكه جل مصام بتنع الفيديو يترومه نسل مش ادره تنسى ونفحصل تجاهه تفارغه الطاه تسوف على خصه الواضيعين يبدا بها دي جل مفسه قد بتكتاب اسمه الزوومن هو كانت فرقات بتحك فيه ان صغوه الحياه بحليكه جل مصام بتقول انه هم رها مكانت متفاوخ في الدراس اهه هي عزيزه قد بتاسحك كتير قد رطه على تركيز في الحاضر او التخطوطيك المستابل قطعه لان تقين مخاه دايما مربود بجانازير ملماضي وكل يوم يبنزد عمل يطول وقه مشغول ببعلمات سنويه يحاجه عزيزه بتستلزيفها عقليا وعاطفايا حلجه جل عزيزه حاله ندر جدا قلين اقول لاجبارده انه اليت النسيان او غيف في الترزاكره حاجه بتتحب من معاط اجبار من الناس يعني على حساب دراسه 12000 ستوشه فبعد نمرضه طوحه بانزاهده من الاصوات العاليه وسلقوا في التعامل نبيكون شماره نبيكون سابو وعندما يشعرني فلطار او مش ادريميين سو بعد المتخاتز زياده عنده وحتى البشف اللي حدون تكون عاصى بتقليد بيفتكروا بيفلطار عاده لو طار رضو اللي فقدا مؤلم او حات سبيره زهكره صعب انسوها انسان هنا نعم انسان عزيزي هو فضيله من رزلتين انسان المفرد والتزكر المفرد وكل اندى عزيز من بس بتلعيين فعلم الاحياء والاصاب بتلعيك مان في الاعايي هلاله من لذلك العالع بليه وقروا خلوه كمان بيانس اذ ذكال الصناعي باشكل المختلف بيحاولي حاكل قضرات الانسان وياديها بكفاء على ويتجنى بعوال بشر ويضنى تعفور في العنسان كان هنا عيب فكان طبيعي انسخ الالكتوروني يالم ساليه من ننه تتخلص من حاجه النساءه النساءه بس الحصه النحنه كتشفنا النحنه مع تجنى على المذكال الصناعي انه ينسى لان حيانه عزيزي لايها لو فتكر كل حاجه ممكن يهالوس واحد الامسل عدى نزون ذكال الصناعي يدري حقا اداء مو بحر في العبات الاتاري هنا العمال لا مو تقروبه فمامل ذكال الصناعي يسمودي بمائن تترى لجوجل عمل وتعجل على هذا النزام نخلي في تكر التحركات اللي مره تعلي بشكل المثقائي يركز مع طوقات اللي مكانش مطاقعه وينسى الطوقات اللي كم مطاقعه اللي مشهدف لخبراته اي حاجه اللي كم مطاقعه اللي مشهدف لخبراته اي حاجه يعني بساطه التعلم انه ينسى لانه مش كل المعلمات مهمه وكبانت تعلم انه ينسى بينافس الاهلي الا انت انسان مش عالبقتي بيكين سمي انت عزيزي في المغفل العجرز ولا اقدعها ايه ولكن عزيزي ما زل مكانه هناك نزام اخر نزام بتحكت في الزاقره والنسان ولاكن غرد ولا يسام مستلاحه ولو حوالت تتحكى المعلومه تنودي مهمه انه زمدهه نسهله تاع عزيزي نزوم بيطفرض عليك ولكن من خارج دمياخه في كتابه التزاقر المنسي يترجمت الشخصيه اللي فرقيت فلرميمبرنس للبحث على ايرلان دي جايب اينا بيول عزيزي انه الاظمه عبر التاريخ ادركه ومجتمع بدايه نمحتك كل فتره انها تفالطر العهدس سنساح جات ودباروز حاجات نحتك تهم الحجمه يمجدت وهي خلق سردي عنفسها وان تريخت برسقويتها وتخفضها عشانكد جايب يواصف سيست اتتنسيه سيست استغدبت عزمه مختلفه في التريح الحديث عشان تتخلص من حيث تجمع عيحاف تريح بتاعه يعي ميسان اوروبا في فتره مبعد الحرب العامات هي مسال موزهل على طوزيف النسيام على مسال موزه على تسانسل الاحدث في عزي الفتره في الحرب العامات التانيه المانيه واطاليا كانوا بيحربوا برطانيه وفرانس سميفون اليورو عاده الضحيه ووسفه المانيه عمنيه مليون امن فرانسه واطاليا وبرطانيه في كل دوله فيهم خصرت حول الناس مليون مبين مدانيين وعسكريين بس يدخل صحروا من هنا اللرباع يتصالح من هنا وقرو دوينس راح ونزجايا وفايا استالع ويسهورستورز وكتوح لخوات في الدنيا ساي دول دعبح وفباحت مئات الاهلاف من الناس ماته دفئوا من بتاطع بعضا قرون على عادد قال من كده خلوه لك حسيسي انديه ليس التفاها من الدول لبتاطع بعض ولا تجبين مخب الدول اوروبي يحقف النصكت اليوم لك ان بعد الخسائر الفاديح لمره الدها الدول دي قترك ان اسلم طريق هو انه ميتخفف من الماضي لندقيق المستابل في صرعات طرم لقدر نخلق اهويه كديده ومسهله مشتركه نحمينه من الماضي ده لا او كمان دخلق من قوه عوزم فيضروا يحموا بعض في المستابل فهن سماجنس عايز مبير في توسيف تعافي الدول اوروبي بالحرب عاماتاني يوروبي سيكشلتر بهند اكلكتف امجي الاوروبيين اتخزوا فقطان ازاكره الجمعي كمالكه يحقى عزيش عيليا جدا مخوله جي عزيزي بيجدها بليغ جدا وبنزكرني بمقوله جميله نجد محفوس في الحرفيش نيحمن الماضي تتعافر خطاء حين عزيزي امسيان المسيان الماضي الاليم بيخليمه درن لبص الحضر نبص المستابل نتامل ومتعلم نشتغل ساوه وننسى الضغاء نوكرايه الكلبين ننسى الترومات ننسى الاحداث الاليم اللي ممكن تاسر فيه ومتخلش نبص الادام حلو الا لكن دهو لذا فرانسه مثلا خلط مهمه النسياندي بجديه شديده لانه يرسل الحرب عند فرانسه كلمحاقه جدا يعني عالمانيا حتى اللي تفرانسه قرب عسيني موات الحرب ويزايتها ومتعلم الفرنسيه قرارت النحتاح من نفسهم نلبطش بخل سياسه تعاون مع النزيين وده تضمنا المشاركه في اتل وقمنا نزيليه وفينا فرانسه عمل الجريمه تحت ضغط احتلال مهين من عالمانيا بسنحاضر بيولك ان عالمانيا بيطوخط فضله فردعاون نعمل زيدي الوقت في جغير رحسيز هو النسيان اندر محسال واللحاسه باكره الموارغ الفرنسي حين ري رسو بسنمي اللتفاق ضمن اللحاسه بين الحكومه والمكتماع بعد الحر بذفيتشي سندروم نزبتنا الى مدينه ففيتشي ما قرر الحكومه فرانسه عاتاه متلازمه ففيتشي زمب وصفهر السوق كانت من الاخر ابتفاق ديليل كلنا نتقلها لها زي الفطان الحر كاننا نشعفنا ابتفاق غير موعلان ان كلنا نتقلها لها الحصف انساني باكه كل ترمدي والتقلق على انتصرات الجشي الفرنسي في مواجهه اللحتلال الماني اللنتصر عن نزي عزيزي خدبالك مش في الالمان مش لنحن نشتها المان في المستقبل اللي الالمان كويسي ولكن نظام لكنمسيك كلوحش ركس على انتصرات الجشي الفرنسي والتمحاسه النصام القمع وخصوصه نفرانسه غرقت من الحرم من تصر ولكن عزيزي فكلا مخترك النموخ قل مبينسه المعلومه ونسحش هو بس بياف قد القضه على استرغاعه الركولي ممكن فضره تانيه ياب المحفزات تسادي المعلومه وهي اضار يسترقع عامين تانيه لعيذه والعزيزي ان السرديه المكتماع النفس وحتاجات ساقات حاجات ونبار وزحاجات مشكله بعزيزي ان الحاجات اللي بتتساقات بي تتنسيش وهنا بحب الرسوط عبير في غايه البلاقه عن زقرات فاطره الحرب والمئاسي والمجازر الحصل في النداه الماضي الليزي لا يمدي والماضي الليزي لا يمدي تجل ياتو ظهرف في السبعينه بعد 30 سنه من الاحداث ان 12 ما يعرف بالممر اكتفيز من نضال التزاق وتحاول التناسي الى هاوس بالتزاق هاوس بالحكمه فيتشي وحتلال المنيه الفرنسه وتعطو فرنسه في حلزه الليزي لولكوس صحوه التزاق كنجمسه تم تدر الحرب العالميه وانما كمان لمودي فرنسه للستعماري لما تزار طلبات من جميعاه زي المهاجرين جزعياريين مثل بتصمم ان الحكمه فرنسه تعطارف بغراء امها واتل احتلال وان الحكمه رضد بقانون سنه 35 بيجب المدارس انها الدرس ازدور الاجاب الفرنسه في شمن افرق والاهتفال بمتواته عسكري كموحوه لنحن عشين لجميع الماضي عزين لنساء ولكن عزيزي تصكر كنتفان اقوى بكتير مشا الله طبركه الله فرنسه عمل عموشار رفع وفي النهاه عزيزي عمي الغاء هزقنو فان عزيزي وعين البيول ان انت عاستي محي حدث من التاريخ قليه عزيزي يتحلق على حسر بوقت نظر بعد الناس كيف يتمنى استصدقى وها فاجا بالتاريخ الطريقه عاستي ماتطاقه احنا بد المنكنس و الخبز الزكراد تحت السجاده احنا هنان شرع فاره فيوقت نظر بتقول ان انت العيز من قوام الناس انساء حاجه حصلت في التاريخ يجب عليها ان يجب عليها ويجبعها من نكليم وده الحصل في اللي ينطقس الحقار والمصالح اللي تعامل الداعش كال واسماء مختلفه بعد الاحداس المفجاع في تريخ البشري زي ما سلا التطيير العيارقي الحصل لغمات تسي في روانده والنظام الفصل عن سوري في جانوب افرق وكل انده لوؤسس عالمي وبيستند لاحاه التكنيكس النسيان اللي مخاك بستقدم يعني على حساب نظريت عالمي نفس الروسي في اللوما زكرني كذا الشخص لكان اعلىها وفي فين في عشره تقرن المدين ان الويترز بيغد الطلب وفي فضلح حفظين لحاده ما الطربيزه حاسبوت ومعدها يتسوح لطوو زجارني مش يورم لحظاته وعمل تغرب اكتر وطلع النظريه الخلط اسم زجارني كيف يقول ان عدم الاختمال بيخلح حاله من القوجنه تفتنشان التوطل الزيهن لما موخه بيساقل ان فين شط مهم بعدها ومخلص تفضل العجيز الفكريد تتنططت في المغاك مش حارفه عالم بعدها تفضل تربغه للوحي كل شويه مش حارفه عالم بعدها تفضل تربغه للوحي كل شويه مش حارفه عالم بعدها ومتالي باه تنظمه اكتر في الزكير على عكسبه المغاك لما ميساقل ان في عاجكتماعي بيدق شارل الزكيرا نخلاص دن علي مناكه لباشه ونزل الزوور زي ما تخوشي لمتحن بالزبتك داعزيس تربي كل اللي فيتباخه في الورى وتتلع نسيي بناع الالباحث داعزيسي ترى احضل الخباره بينصحوات المزكره اذا كنت خلالش الورى فعاده احنا لا انت تتواقف وتبدا كذامره عشان تخلق عزه طوات الزهني اللي مخلي مخليم سكفي معلوم يا سلام بحمد يا لنا عشان اشتغل الكويس اتريين باول لما ميجبش تربت كويس لي عزيسي انت عشان تشتغل الكويس محتاج ترى يه مدت الصغيره فوست فطرات مزكره معقول لا تويله و بعد ان ترحت الشبشه في 8 سعي ترى عزيزي اللي جانل حقيقه والمصالح في طالب دكتورات لا اطلق اتصايع واناكن اللي بيحصر في رجان الحيئه والمصالح ده ما هو الا عملت تنبيه نزايه الزجارني على ان تقمعي فاته لما تجمد حايه وتولون تعالوه وطلاقوا اللي عدوه واده جناع حياتارفوا بالهم عملو وتقريل بتساتف بيورسط كل حاج حين بشكلها باخر الموخي ميجيل واشاره ان خلاص سيحه الامور اكتاما تخلاص انت مش محتاج تحتاج تحديد دهازي الزاقره في موخي لانها خلاصه تساقلت في مكانتاني وانا حسب النظراتي فمن لاينا العمليه لكالها دفن النهه توصيق الحقيقه بتاهم من عكس المطاقع من هيا عزيزي مش بتافز الحيئه براكس يابتخفف من اصر ازكره الاليمه وتدد للدحايه مصطالح معروف بالكلوجه نوت وتكتمال تسمح بتتجاوز والاستمرار ملاخس عزيزي من هذه الحلقه هو ان حجزي النسيان المفون نحجه ويحشه ومن كرحه لان نحن نشوف اصرف لمتحنات من يبقى عجيزي النفتكر حجات فاو اتحن نحتجي النفتكره ومن لا يش فلوص بحن نحزل الكوره العمليه النسيان ولكن العلم الاعصاب وعلم البالوجه بتقول هلنا هو ان النسيان حجق قيمه حجم مهمه حجم نقدرش العشم مغيرها بعد النظام اشوفنا يشوف ان نغرد المخه اساسا انه انه انسى مش انه فتكر احنا اغلب الي مخب يعميل هو النبي فلتر مع نمات كتبنك انت بموغوده بس هو قرر انه تخلص منها باللح زعزيزي اهميت النسيان مش بس في حياتنا اليوميه كمان باللحظ واتترمات واتل ازمات الموجوديه لبتحصلنا واتل احداس اللي بتحدد ووجودنا لما بتخلص كل الحلول بنقول انه ما فيش امل غير النسيان بنغتش فعزيزي الن الماضي عيانا بحال فوقت زي دا بنيح من الماضي تطعافر خطوه احيانا الماضي ببحام العلينا واحيانا نتخلص من هو اللي بخلص عندنا هذا المستقبل نفتكر عيزيزي مش معنا نحن نحن شكرنا في النسيان وولنا نوع حجميله انه هو حاجه المفروض علينا اي حد او اي كيام يقدر يفروض علينا يقدر يتحك في سرديته ايها النفتكر ويها النساء انسيان سلاح وتزاق ورسلاح قد نزون ان نحن لمنك برنفسنا نحن ننسى ان نحن نبقى قد بنحل الماضوع لحكش عيزيزي لحبح سلمامه تليي نحن لمنك كل لمن اول لمن عترف لمن ناش لمن فكر في الحصول الابلكته سحتها بس نقدر نطحرر ان نننسى فنهاي عيزي النسيان عيليج وسلاح في ايضه بس كد عيزيزي اخينا وليسها خينا نعي عيزيزي ممكن نسحكها تكتيرا كده بسما ننساش ابطن نحن نحن نحن نشوف الحلت الفيديت نشوف الحدت قييه نزن مصحه مصر لحن نحن نشترك اقنى دولي باق جنجل ساطيتت مشارف انسيق مبثه مشانه في التقلمده قاه,,0.0,,,"[0.2619315981864929, 0.6615741848945618, 0.1515832096338272, -0.002327432855963707, -0.34386688470840454, -0.036411188542842865, 0.6617629528045654, 0.04557015001773834, -0.14296045899391174, 0.13151490688323975, 0.00013990746811032295, -0.647163450717926, 0.5832565426826477, -0.1351565718650818, 0.17643079161643982, 0.02022285759449005, 0.0997762531042099, 0.0653802827000618, -0.35250893235206604, -0.7315531969070435, -0.44424358010292053, -0.17495694756507874, 0.20905262231826782, -0.24156975746154785, 0.13614805042743683, -0.21078476309776306, 0.16999584436416626, 0.13748064637184143, 0.017390908673405647, 0.8695894479751587, 0.13449767231941223, -0.10030633956193924, 0.4338743984699249, 0.01050139032304287, -0.06429145485162735, 0.3707359731197357, -0.12195886671543121, 0.06603493541479111, -0.12830130755901337, 0.5485934019088745, -0.08952596783638, -0.03715930134057999, 0.08798587322235107, 0.3905697762966156, -0.17775434255599976, 0.17228852212429047, 0.03149331733584404, -0.08870436996221542, -0.5348748564720154, -0.12435880303382874, -0.005393786821514368, -0.20315544307231903, -0.3177525997161865, -0.04317622259259224, 0.167683407664299, -0.20210181176662445, 0.6414793729782104, 0.05901285260915756, -0.37133973836898804, 0.14643558859825134, 0.1616002321243286, 0.06320641189813614, -0.6153403520584106, 0.08410364389419556, -0.9113380312919617, 0.18898986279964447, 0.3727906346321106, 0.22490814328193665, 0.014609926380217075, -0.2445392608642578, -0.12550990283489227, 0.08561169356107712, -0.249455988407135, 0.11263127624988556, -0.15046249330043793, -0.3517085909843445, -0.0765368640422821, 0.04358906298875809, 0.014136305078864098, 0.37388816475868225, 0.4653860926628113, -0.06932932138442993, 0.2663796544075012, -0.3510596752166748, -0.06549902260303497, 0.1892702728509903, 0.0034316135570406914, 0.24012964963912964, 0.22627848386764526, 0.13275791704654694, -0.21019327640533447, -0.145611971616745, 0.02524084411561489, 0.08788052946329117, -0.6551992893218994, -0.12849482893943787, -0.305471271276474, -0.024615243077278137, 0.05589810013771057, 0.31773126125335693, 0.11286026239395142, 0.044834356755018234, 0.04711364209651947, 0.27228081226348877, -0.06940428912639618, 0.3513220548629761, -0.1025913655757904, 0.15217645466327667, 0.021063487976789474, 0.13253630697727203, -0.8150506615638733, -0.23647968471050262, -0.03780979663133621, -0.0023745393846184015, -0.1895681768655777, 0.20605486631393433, 0.05610690638422966, -0.22466057538986206, -0.17709220945835114, 0.06220824271440506, -0.17009343206882477, -0.06032942980527878, -0.27798575162887573, 0.3684728741645813, 0.34014952182769775, -0.6519187092781067, 0.11931151151657104, 0.298300176858902, 0.3156980276107788, 0.09543660283088684, 0.10057730972766876, 0.04253159835934639, -0.23932531476020813, 0.4001711905002594, 0.21530133485794067, -0.4182949662208557, 0.03264191001653671, 0.11197714507579803, 0.12361104786396027, -0.7676950693130493, -0.1354532390832901, -0.09999104589223862, -0.4666297137737274, -0.13263347744941711, 0.17156027257442474, 0.14839895069599152, -0.3676798641681671, 0.2214110940694809, 0.32067689299583435, -0.18310576677322388, 0.360644668340683, -0.2218300998210907, -0.02251797541975975, -0.052885692566633224, 0.3135344088077545, 0.26470068097114563, 0.7186112403869629, -0.2746828496456146, 0.2919045388698578, -0.131730318069458, -0.5537610054016113, -0.1290193498134613, -0.40048253536224365, -0.1425708532333374, 0.0368310883641243, 0.3103310465812683, -0.05047479644417763, -0.14531183242797852, -0.36958450078964233, 0.038584064692258835, -0.09733931720256805, 0.032137684524059296, 0.7438948154449463, 0.32740330696105957, -0.043625663965940475, -0.29245609045028687, -0.0324690081179142, -0.4784030616283417, -0.34388887882232666, -0.09859355539083481, -0.05365057289600372, 0.19432710111141205, -0.17865274846553802, -0.1269259750843048, -0.14426204562187195, 0.14573954045772552, -0.10981263965368271, 0.0925465002655983, 0.15739022195339203, -0.22347958385944366, -0.5862991809844971, -0.13254258036613464, 0.034992754459381104, -0.7644690275192261, 0.0045523494482040405, -0.24096021056175232, 0.034812673926353455, 0.15281696617603302, 0.6197565197944641, 0.19559639692306519, 0.24990932643413544, 0.38450655341148376, -0.18287599086761475, 0.2464066743850708, -0.051889754831790924, 0.11615287512540817, 0.11490713059902191, 0.11638771742582321, -0.3126155436038971, 0.17897933721542358, 0.28030920028686523, 0.09265579283237457, -0.3633818030357361, 0.25217798352241516, 0.04172929376363754, -0.05387519299983978, -0.004604515619575977, 0.5170515179634094, -0.6325508952140808, 0.09961984306573868, 0.13861724734306335, -0.5391114354133606, 0.12439706921577454, -0.33832308650016785, 0.6135226488113403, 0.39191821217536926, -0.5444440841674805, -0.2250947505235672, -0.0011914822971448302, 0.02351801097393036, -0.3156907856464386, 0.35983726382255554, -0.315464049577713, 0.020620964467525482, 0.18047918379306793, -0.00842075701802969, -0.02728954143822193, 0.03795558214187622, -0.19932425022125244, -0.21304261684417725, 0.6114412546157837, -0.028895605355501175, -0.2569480836391449, 0.18432515859603882, -0.06143571436405182, -0.39586225152015686, -0.4443100690841675, 0.4989229738712311, -0.0802074670791626, 0.437154620885849, 0.19822686910629272, -0.1181265264749527, 0.2285410314798355, 0.15694324672222137, 0.409226655960083, 0.41432759165763855, -0.5249561071395874, -0.041075143963098526, 0.15216021239757538, -0.45080384612083435, -0.26961496472358704, 0.24221031367778778, -0.3996400237083435, 0.4331362247467041, 0.23354899883270264, 0.13970454037189484, 0.12279943376779556, -0.5164915323257446, 0.23577722907066345, -0.30803146958351135, 0.11421405524015427, -0.0021587107330560684, 0.027324961498379707, -0.3705887794494629, 0.3488686680793762, -0.12771426141262054, 0.32632389664649963, 0.06460733711719513, 0.4069860577583313, 0.33287662267684937, -0.2478257119655609, -0.29932862520217896, 0.3105083107948303, -0.4062158167362213, -0.2853570580482483, -0.04688955470919609, 0.6666743755340576, 0.22536370158195496, -0.16118167340755463, 0.13897578418254852, 0.1378258317708969, 0.09036635607481003, 0.635723352432251, -0.1197185143828392, 0.4056597054004669, -0.08132290840148926, -0.08022534847259521, 0.13887830078601837, -0.0284748412668705, 0.30839577317237854, -0.22861748933792114, 0.09087401628494263, 0.03237111121416092, -0.049575306475162506, 0.4893181025981903, 0.08769518882036209, -0.056947022676467896, -0.1368105262517929, 0.18342627584934235, -0.4415290951728821, 0.08764007687568665, -0.28397276997566223, 0.2563733458518982, -0.35749325156211853, -0.20744526386260986, 0.6478914022445679, 0.17953835427761078, 0.23619355261325836, 0.11622727662324905, -0.6599752902984619, -0.2603999376296997, -0.6032354235649109, -0.2520676255226135, -0.06994457542896271, 0.09250499308109283, 0.2142288088798523, 0.2778756618499756, -0.6664775013923645, 0.18320652842521667, -0.3168219029903412, -0.6474120020866394, 0.14850525557994843, -0.39201608300209045, -0.18276000022888184, -0.17360009253025055, 0.09841082990169525, -0.07152198255062103, -0.15374037623405457, -0.18003909289836884, 0.08681535720825195, -0.15439048409461975, -0.1849437803030014, -0.34195733070373535, 0.35441407561302185, -0.12585362792015076, 0.09446167945861816, -0.3030054271221161, -0.43370312452316284, -0.018914151936769485, -0.019838441163301468, 0.32706719636917114, 0.3841094374656677, 0.17991498112678528, -0.1819637417793274, -0.6046609878540039, 0.19518764317035675, 0.10204858332872391, -0.12626899778842926, 0.17996841669082642, 0.05570756644010544, 0.2809399962425232, -0.06512529402971268, 0.20473971962928772, 0.8466441035270691, 0.3694138526916504, -0.29864931106567383, -0.044733677059412, -0.02973080798983574, 0.00525438878685236, 0.13304363191127777, -0.14567355811595917, 0.18276020884513855, 0.08813731372356415, 0.05534183233976364, -0.12872332334518433, 0.09921430051326752, 0.037562888115644455, 0.002901835134252906, -0.10533017665147781, 0.29471224546432495, 0.2815169394016266, -0.35420453548431396, 0.21843494474887848, -0.1346326619386673]","1. قصة المريض ""هنري مولايسون"" الذي عانى من نوبات صرع شديدة منذ طفولته.
2. خضوع هنري لعملية جراحية في عام 1953 لإزالة أجزاء من الفص الصدغي ومنها ""الحصين"" (Hippocampus).
3. نجاح العملية في تقليل نوبات الصرع لكنها تسببت في فقدان هنري للقدرة على تكوين ذكريات جديدة (فقدان ذاكرة تقدمي).
4. هنري كان يتذكر ماضيه قبل العملية لكنه ينسى أي شخص أو معلومة جديدة بعد دقائق من مقابلتها.
5. ساهمت حالة هنري بشكل كبير في فهم العلماء لكيفية عمل الذاكرة وتحديد دور ""الحصين"" في تخزين المعلومات.",إيجابي/تعليمي 
a8BN5ho9oik,https://youtu.be/a8BN5ho9oik?si=RWgRCUJ9GsADUOGs,الدحيح | الترانزستور,New Media Academy Life ,2035,20210720,6173166,completed, أحب بطلوب إسلامه لك ورفط الله بركة  أهزي حسنا  أصدرها معنا رب  لديتهم موكرة  أهزي شبن ركة  عشاني جيب الدراجة  لديها أيها في هزر المتحد الصعب  بحكم السبب السلاموري  ونرش أول في زياء  وحده قضين  وحفظ المغنطيخ  وصحب قلون  ونعود مطرحك  ودروات خلال رغة على أهم السؤال في المتحدة  أهت تان زيستة  هتقول لي أمستة  بالسؤال دهيجة في المتحد آهي  أهو هو ترنزيستة  دم جنج الأمي  الشعب السييدة  برحب البسيد يحبن  أترنزيست رحبات طعب كحيانس بغسي  بالدخان واليشارك  دعيس من النحية  تدخلوا بعدين يحصل  إنه وبعد انتطلاق قويه من النحية التانيات  وبالس ولكي انا حصل أيهاك  هل وقوه وقوه وقوه  تحيح الزون في المكابي والجرنين  يتسكس علينا نورس الجهان  و نورسون المي  فاياسة  أهي بس أمستر  تترنزيست ربطان  دعيها بالزم  حيث ترنزيست  و حيث ترنزيست  ترنزيست  ترنزيست ري  لا تقلم كوبر لمشأد  غير لي بأشواء حلوين كتل  بسيئة تستطرق بسيئة  كتل تطمان تستطرق بسيئة  لتينه بها دعوة فقط  يا رحاية السودة  هونى ادامت تجابت كتل  ستجردت حيث تمولم في شرحة حيثته  ارقع بها  ارقع  ارقع تايد  يشد يمد يحد يواضي  بلك فيديواضي لمدحاك جايماً  خجفها لك بعد لمدحاك أفررقها لأهليك  والساتة مارجة حون  والتشيفني  أيها شايفة كحمادة  وكتايد بدل الدموقة في مك  راكد  راكد راكس راكس  روشومت دهور الوارضي  في تل بخيمة بتحكم بشرف حامة  بتحكم بتحفظها  احفظها حامادة  إبلاها حامادة  إبلاها حامادة  إبلاها حالة  إبلاها حالة  إبلاها حالة  حالة  إبلاها حالة  إبلاها حالة  حالة  لكن نمجanner  ستكون لديك منطيب  ستكون لا يكون فيطخ  فلن تتمجي  فلن تتمجي  لا يكون أكثر  كيف يمكنEN  تملنا  كيف يكون أحد  اعزي المشاهدين والمشاهدات وطلبت وطالبات السنوية العامة  العرف دومة غالباً سيبين المزكرة وبيفراء على الحالات الواتي  المفروض منهم بمتحنون الويندون والمفروض إنهم فرموشة الحاجة  وبيركز في مزكرةهم اللي يطبعاً برنامج الدحيح  وعشان كده أنا عزيز جيال لك بحالة من المانها  عشان مالحاجة تخش عليك وتفيشة لنبو السنة ممه؟  أنا بزكرة ها؟ فبيب أنت عزيز ودم نفسه ودم العالم  اعيد بزاكرة هم مشكلة عزيلا ودخة تعليقوات اللي سكتش  والحالة عزيز مشارباً حما السعاء نشوفها ونرعني زكرة هاتو  كله لبقى نبدأ الحالة عزيز  بس أخدركها لأسعبة محتاجة تركيز  حدك بايت الشيبي تعطاً  صحيح لكده وأيه وربره صحيح  عزيز مشاهد على أحد السهول الأفريقية  من مليون وخمسميت الفسان  كان عامك الانسان مستلق  ما انتقف حاله لا يعباء بالديني وما فيه  عدني آسة بأي جي هكلو  نازلد بادد جيب آجلو  الحياة بسيطة لا يوجد فيه دد لايم  كل ده عزيز استمر الألف السنين لحد ما جي واحد  غاوي وقع الالد  ادى مهندس في التاري  هزل مهندس عزيزي اختشف النار  بمجع  ومن هنا عزيزي البشارية  بدأ يتخذ خطواتها الأولى نحو الحضار  ونحو الدد لايمس  لا عزيزي ما تستهونش بالنار  حبت الخشب واللفح من الموالعين دول  يخلو دفعين في برد الشيطة  يخلو الحاولة المفترسة  تخفط أربلا  يخلو ده در تساوي أكلة  يبقى فيه قلو دز عكتر  وكلو دز عكتر  يعني تققى أكتر  تغري بها بالأسود  وتققى أكبر تروح اللي مهكرة  وشفى عزيزي بأن تتنى التقام اللي مهكرة  اللغة  الكتاب  الزراع  الحضار  والبيدزة  وسلوا عم بطبعة  كل ده عزيزي نتاجل تطور متسهرة  يلخو دورات البشر  يلي بدأ من يكتشف النار  كل عزيزي رفاياة الحوالي ده الوقت  ده ده من الفضل  بتاريخ قاوب أوقرة  يكتشف النار  إن مليون ونسس سنة  عزير مشاهد  أحبه ولكن نحنا في القرن العشرين  يكتشف النار مرة تانية  بكدة بحميت  نهاتحك عليك لي  صحاب احنا  عزر معاك  عزر معاك  عزر معاك  عزد قافة على سنة واحدة  إكلمدا  ولكن إنسان القديم  وحشائش السفان  إلي جمج تشف النار  للقنى عشرية بحميت  الكتبين  مايكي الريورت  وليل ينهود سنة  يكتبهم  كرست الفائر  بيولو إنه واحد من اخترعت  القرنة العشرية  كان لتأسير على تاريخ البشرية  وتطورها  بالزابت زيك تشف النار  من مليون ونس سنة  إخترادة عزيزي من غير  حياتك تتحتي بحياتة  نيخان  سبين كنى بحميت محاقة أفضل  عزيزي  احنا نفترض ان تريح ما يشف خط  وطل مهما يشف يازل خط  فهو أحسن من قبل كتب  فكرة حديثة بحميت  حنا بإنان أول  حديثة بأو كده  رعزاكر  شكلك بك آدبي  أدى بيروه فرغو على الحرب عمي الثان  لكن عيني يتعمل مع التاريخ  بشكل لنوبي بورجلس  فلواخة عزيزي  بمغير هذا اللي اخترال عزي  وقد تشحبها بوجود  وقد دمك دلوائت  بالغير وقد شتار في طبعات ممزل صحبتك  لما تبقى بالدائع  وغيرها عزيزي  كتح تحيب الفيزة في سنوائعب  ومشتار ربما  بينك تفرق عدد حيه  قلستك تشاف نار القرنة العشرين  ما بتبدأش في حجاش أسفان  اللي قلست بتبدأ  لما عم الغروهن بالمختارة آكت الفون  قرر ينضم للمنزومة الرأس مالية  وأسس الأمريكة انتلجراف كمبن  اللي اشتارك لحد يومينها هزة بالأي تنتي  وكان هذا بالمن هزي الشركة  هو نشتو اخطاعه في امريكة  عن طريق شبا كامل الخضوض الأرضية طويلة المدع  تقدر تنئل السوب  عن طريق تحوله ليشارات كهروبائية  بس تحاياً لافسك في اواخر قرن سعط شركيد  وعيز تعمل ليشارات كامل الأسلاع  تشل الأشارات كهروبائية على مدام أسفات طويل  أول حاجة لازم تفق فيها  هو السيطي اقدر تحافز على الأشارات دي  بحيز الأوال فسلا في يور  ونت في سام فرنسسك  وبين حالي خمس ثلاثة وخمسومت كيلومتر من الأسلاع  الأشارات كهروبائية لا بعتالك من التلفون بتاع  توصلت في التلفون بتاع  زي معايا  نغرم طاعد عف أو تتشاوش أو تختفق أسطل  شوف الأشارات ضعينا بتاع تسوطه دي  عشين با ان شاء خمس ثلاثة وخمسومت كيلومت  الحال بديه  اللي ممكن يكون جيد في دماء  كلها كانت طالب مكتاحة في السنوال  عامة بتشوف برنامج الدحيخ  خمس ثلاثة وخمس ثلاثة وخمسومت كيلومتر دول  تحطت في الناس جهاز  الجهاز ده يقوى الإشار  بحيث بعدما الرسالة  يحصل الله كله لا يحصل الله في السكة من دعف  بعد من هذا الجهاز وتبدأ القوية  عرف عزيزي كانت في مجشوف سارعة  تبدأ تبدأ تبدأ تبدأ تبدأ  وبعدين تتعرف  بعدين يجب أن نسلو يوعدين مسحلة بالفوتة  ويحطت مشارف ماية  فان تتبعا نشيط وترجع لخوية تكتاني  بعدما تعمل تعمل تقوية توصل الإشارة التي تريفون بتاعه  يوم تريفون محوالها من إشارة كهربة إلا  إلا صوت وبالفال  هو ده إلي إيتي إنتي تقرد فيه  وبدأ الشغل على فكرة الأنبلي فار  المضخم  المضخم عن طريق شركة فرعية من إيتي إنتي  اسمها واسترن إليكتري  فارفت سوماية ستة  يتم اختراع أول أنبلي فار في التاريه  عن طريق المختارة الأمريكي لدفورس  الأنبلي فارع عزيزي تادفورس  كانت فكرة بسيطة الجد  كل فكرة انت عستعمل جهاز  تدخلوا اشارة ضعيفة  يتلاعلك اشارة قوية  فمام  طمام  الأنبلي فار  اللعنة وديفورس تبقى  هاتل يودة مدنواتي عزيز  إيراية  أمه  فهده إليه بحمان  قوة ده جيفة اللي انتحان  عزيزي اهت مدتوات ترشي مدتوات ترشي  استعملها فهم  سيبق من كلها زيار خزع بلها  ورقز لعلى الخطة المأطع اللي في النصنة  نقطة ده عزيزي بحب برعن شهبك  شهما هو الشش الشوية كبدي عزيزي  اللي من دخل عليها  الأشارة ضعيف  ودن استلمها قوية  من فوق من الطرف اللوال موغب ده  لو مهتب تعرف اللي بيحصل قوة  فهو اللي علاقة بزاهرة اسمها  أثير ما يونك إفك  واحد يقول آب وحمج الثير ما يونك إفك  عزيزي  ما تجرنش معك في الفيزية  لحسن حقا قرر معه  ونبصر حارة حي بها ومعبوت فيها  اللي انت امحتك تعرفه بس  إنه عزيز شركة  بتكوم عساسة جدا للأشارة اللي دخلال  حسن نعي تغيو  ولا حتى زغي  فأدي الشركة دي موقابة  أو سالبة  هي أدئي لتغيير كبير في الأشارة  اللي خارجة بالنحكة  وده  السير  بتاع الأمبلفار  بتاع دي فورس  دلوال دي أنا بكلم في تلفون بتاع  اللي  توم الإشارات اللي شارة اللي شارة لسوت  تمشي في الأسلاك بس أول ما توصلنا  تعدد على هذا الأمبلفار  وتبدأ تتفاع المعن  وعلى الرغب  لنضع في الأشارة دي  بعد المسافة الكبيرة  اللي ممكن تكون مشيطها  إلا إنه زي ما أقول  أي تغيير بسوت في هذه الشركة  دي أدئي لتغيير كبير في الأشارة اللي بتغيير  وبكدة اللي شارة اللي بتخشع شركة  بيتم تجبرها  عدنحة تنمي  والإشار تتلع بالأمبلفار  بتكبر  وتكامل تريها  لتلفونه  وتصمع سوتئة جميل  طبعا عزيزي  الإشارة متعديش على أمبلفار  واحد بس  على حسب المسافة بين التلفونيين  الطبيعي  كل مزادة المسافة  كل ما محتاج في التلفارز أخط  عشان تبدأ محافظة على الأشارة  وتم تطوير الأمبلفار ده  عشاني باوناسب لحب بالنهاب المطلوب منه  وبالفاحة في الفتصمام 14  ادرت AT&T بالمساعدة  وستر لكتر  إنها تعمل أول شابك تخوط أرضية  تخطي أمريكة كلح  وفالفت صعمية وخمستوشة  غرحب بالعمل أول مقعلمة تلفونية  بالنيور لساب فرنسيز  الام  الانجاز العظيم ده  أده لنوستر ان الكتر  تدريك أهميت الأبحاج في مجال ألت صلاة  في الأول و في الآخر  هي عمرها مكان تتعرف  تعمل شامك التلفوند بتعيطها  ونغير الأمبلفار  الاختارة ودفارز  فعزي من الدكتير يا شابين  وفالفت صعمية 25  يتم تأسيز باللابز  وختمرد بالن  عشان تبقى مسولة على الجنب البخس  بنوستر مليك تبقى  باللابز دي عزيز اللي في خلال عشرين سنة  هي تمك تشاف نار القرن على عشرين  بس عزيز مشاهد بعد كم سنة  من أول مكالة مع مالها غرحب  على شامك التلفوند  يجد نبطعته  أي أمبلفار بتعدي فورس  أدركنا  إنه مطلعش يهمت كنت زي ما كنت مطخيلين  لا محمد  لا أزبا بكتير  من أنه بحتك تقاق بي رجدًا عشان الشتغل  مع عشان يارف في قوى الاشارة  زائد اللي يمكن يتكسر بسول  عشان كان لازم يعمل حوود بعمبوا عزاز  و بس رحاق قل حقاً حقاً حقاً حقاً بي رأود  وحد يقول بحب تكن أدئي  كان أدع عزيزي سباكي كبير  عزيزي  طتل تتحار برحب  لخبطيني  أيها عزيزي السباكي بي رأي  يسكول دي كبير فورة ريزي  تحال أدزباك كبير فور بي رأي  يمكن حاجم كبير دي بعمالش مشكلة  في خطوطيني تصحاب بتادي اي تنتي  لكل مشكلة لما تنسخ بعمل عفلي فورة  في أول كمبيوتة في التاريخ  الاليكترونيك  نيو ميريكال  انتجريتر انتكمبيوتر  الانيك في قامعة فينسل فينسل فينسل فينسل  هزيك كببيوتر عزيزي تم استخدام في  طا منتاشر عفى عمبيوتر  ينها ربيض  يعني حاجمه عزيزي كام  طا منتاشر عفز بعكي بي رأي  يوضح كاملا الوحد  ورأي انت تحيال التمنطشة باقي أمكليفاء ردول  يحتاج ان اده يطرع عشاني شتغل  مخرب يوض  من هاتف الفهوة تردي  يكال لمبقى بله حاجه  حاجه  هل يقول لي  تما معمين  الزل أمكليفاء  اللهوة بن كبير بي شرط اتلفون  عملون منه أول كمبيوتر في تريق  الكمبيوتر الادر يحسب قمي في بي  لحد ألفين سبع وتلتي من رقم  بعد العرم عشرية  الزاة عامل كده  انا اقول ايكم بيوتر بيشيل مع المات عن طريق  بتس  البيتس دي بتبقى سلسلة من الوحيد والسفار  اي حاجة بتخشيكم بيوتر  بيتم بتحولة لوحيد والسفار  و اي عاملية تحصل بوى  بتحصل على الهائي بحايد والسفار  او اكم بيوتر كده  يوحد يصفر ما فيش تفام  عشان دي عزيز ابسى الطريقة  لتعمل مع المعلومات  فلأ هنا عايز تعمل كم بيوتر  وعايز حاجة  تشيلي الوحيد والسفار دي  عندك اقتارت كده  بوك المسلن تجيب ازدقاء  وتحفظ كل واحد رقب  يوحد يصف  و كل ما تعمل عاملية بسيطة  زي ان نكتج مع رقمين عاملاء  توم لافعليهم كلهم تحفظوا مرخمهم بالجديد  انتواحد  واحد  عامل واحد  انتصف  فرون  تواحد  والله صف  انا اي  اي كاتت ما ليش  وي بكدها عزيز كل واحد من ازدقاء اكشي البيت  لو ايش تعمل  اي كم بيوتها بنفس الساعة ايني اي  فنتم احتاج عزيزي تمان تشهر الف ساحب  وتعاده بلف اضع احدة بقى  بسيطة اخيرك سيطة صحاب  اربعا بقى تلقى الواتسة ومتردش  وتنين لو فتحت الواتت لا بعمل للقلوب  اي الحلقة المنتقى اطقى  ان اكتجيب جهاز يشيلي البيتسدي  جهاز عندو حلتي  يم يكون في واحد  يم يكون في صف  لا يتحلي جهاز ذات  بيشتغل بالقهرة بقهرة بقى  تمكن تقول ان مرورك كهرة فيه  دي الحلقة المتعبر عنه  وعدى مرورها فيه  دي الحالة اللي بتعبر عن صف  ومقارة تحقومك في القهرة اللي مش  تقدر تحاول من واحد الى سفر ومن سفر الى واحد  ودى جهاز مش هين ساو مش هيتلاخبة  يعني انت عز جهاز كهربائي  سهل التتحكم في كميت القهرة اللي مش فيه  مش مي فقرة بحاجة  دو ان ادز باك كبير  الامطل فايا  والامطل فايا بانطبق عليها ساكلة  لو لعبتني في شبك الحساسة بتاعت  تقدر بسهولة تغير كميت القهربة اللي بتعدي فيه  وبالتل تقدر تعبر على الواحيد والسفر  بسهولة  واحد لو لعبت في شبك  وخلتها تعدي تحاول كبير  وسف  لو لعبت فيها  ومخلت عش تعدي أي تيار خالص  لك انت تخالي عز جزي ان يمي كل حب ملاد العضادة  كم في التمنطشر ألف أبل فايا  يعني كان أخرو  يشتغلها تمنطشر ألف بيت  تمنطشر ألف بيت  أرى في عزيز دائل عددي  لو معك فلاشة واحد يجب بيت بسهد الوقت  فهي تقدر تشير تباد ميليار بيت  لو عايز تستعمل  ان يكلي تغزير المعلومات زي الفلاشة  فالسعب تعتوها تمنين كيلوبايت وروب عدس  ينه رش ودجهاز  أدر الأوضة  يشل لتمنين كيلوبايت وروب  طبحت مش شتنين ميجبايت  ميجبايت ايه  مفيش  لا لك بير جدا من سات تغزين سعيد  وسات تغزين بفادي الوقت  وعشان تحسن الحزين معلوم  كلازم في احد مختبر باللابس  وليا مشوكلي  واجون بردين  ووليا بردين في ثلاثة وعشين دسمبر  ألفت سعومي سمع وربعين  يعلنوا عن اختراءه في دلور القرن العشرين  ايهية  امطلفاير جديه  ابه  ما بستهلكش قهرة بكتير  اوه  وأزغر بكتير  يا راج  مش فاهم اللي بارفكد  ايه تأمع عزيز يليس ستل ياي  بسد مايه  اي امطلفاير جديد دي عزيز  قن مصنوع  وثلاثة ثلاثة تحتها تهزي كلنا  من سمي كندكت  ما هو  لا هي كندكت  رزبت وصل القهربة  ولا من نهاية انسوليطة  بتمنع مرورك قهربة  حجة بين اللي تنين  سمي كندكت بس سمي شئو  عن دي عزيزي  متسوين  قدرت السمي كندكت سي عزيز  على توصيل القهربة  بتعتمد على البيئة اللي هي فيها  يعني ما سنة بتلاعون سوزيزي  سيزيز سيكون  اللي هو واحد من احامة السيبي كندكت  تزلحنا نعرف  قدرته على توصيل القهربة  وطامد على دراجت حرار  كل مدتو حرارة  كل مدتو حرارة  ودعنا انظرات السيكون  بتكون ترابطة مع بعضي  ما يسمع الكوفيلن  بون  رواب التسيه وميئة  لبتعمل كده  كل زرد سيكون بيكون عندها  أربع إلكتورنات  في اللي في الالأخير  من الطاقة  تقدر تتفعلبي  حولت على قدار بعي الكتورنات  مبداً لبتفعلبي  ولو انت عزيز  زكر كميك  هتعرف إن أي ضر  هدفها الأساسي  ورئيسي في الحياة  هي أنها توصل لتمنى إلكتورنات  كيف هم كده  اني بعنده في الانرجي لفل أخير  تمنى إلكتورنات  ففي ما العندوهم  ما اتنين  فيقول لك  حن نخلص من الانتنين لعندنا  وفي العندوهم ستفع  فيحاولو يجبوكم عد عزيخ لصبعا لتنين  فاكده في العندوهم  ويحاولو بأشيار مقابعة  تكنيكس  كل زر بأه ومزاجة  فدومي سيكون هي  راح ما سيكون هي  وعمل غد ديو  أنا فتح مش رعي عشبه  كل واحد اتشارب بالإكتروم مع التنين  ويعملو رابطة تسافه ميجا  يبقى في إلكترونين بنوه  وشتركين  ومكده عدد إلكترونيات  كل واحدة فيهم في الليل الأخير  يزيد واحد  ويبقى خمس  وهكذا عزيز يتفضى زرت السيكون  يبقى عددها تبن إلكترونيات  على آخر أنجلة  وبقى تبقى بتناس وشعب عنا  ومتربى عساً تربى  لنهاها  يتزاو الدراجة الحرارة  الرابط التساومية  اللي بين السيكون هذه  بتبقى تقصة  وبالتالي  إلكترونيات  اللي بتبقى في الرابط التساومية  بتتشارب  يا ستر يا راب  لكذا يشعب بتشارد الإلكترونيات  عزيزي  دي بتبقى من الإلكترونات الحرارة  سترونج إنتبندة إلكترون  بالتكسر باهم التساومية  اكتر  كل ميزيد عدد الإلكترونات الحرارة  وكل ما تزيط قدرت السلك  على توصل لك قهربة  أي إلكترت الحرارة دي قهرامة  إلكترهت عملت تتحرّة  نفس العمل هذه عزيزي  رؤكين ابصلها  بس تانيّة  السلكون في العادي بيكون ملو الشحنة  السلفة اد الموجم  لكن لم الرابطة التساومية تكسّر  الخوظلن بندي عنه  وزارة السلكون تفكد إلكترون  و يبقى حر؟ دمعنه انظره هتبقى موقبه او هتبقى ايهون ايهون موقب عشان في اللكترون كان موجود فيها شاير شوحنا ساليبه وهربن بحر ممكن مصعا لعملية دي كأن اللكترون اليربدة سبب كانوا فرغ  و لو تعملنا عزيزي مجازة مع عز الفرار كأنه جزي زي يزي اللكترون لو شوحنا فريكون لو شوحنا موقب  لأنه جود هذا الفرار عندظرة السلكون بيخليها موقبه انا رفع صعب شوية عزيزي بس انت عنك زرت سلك لموقبه ولا ساليبه رح من نهاية اللكترون حاجة ساليبه ميشيه فطبيب عن دنيه هاجة موقبه الحاجة الموقبه هنسمي عدم موجود السلف فيها حاجة هنسمي عزيزي هول نقدر بها نظرية نهازيزي نتعامل نعال هول زديه زي ممنت عامل مع اللكترون رغب الزوح بسن احنا عرفين ان اللكترونات هي اللي بتشيل الطيار انا بحمت كتار في النات  انكترونات بالتحارق بتعمل لنات طيار كهربائل نفس الطيار ده ممكن نبسله على انه حاركت هولز بس ما شفل الاتجال معاكس فانتاتيه نساخن السلكون الانكترات تتيرك ده الهولز التيرك ده فهم الفكرة عزيزي انا رفنية كمبيكس شوية بس احتف همها مشاعد لا يعني سنوعة عم مبتطفرج الدحية تلعيل واحد اولى بحميد احلاقت كل ده اول اكون امن اول اده العزيز في الوقت زياد الدرجة الحرار مش احسن طريقة تزاود بها قدرت اسمك اندكت  فهم يعني اتكد مش هل فيكل السلس السلكون اصطن ام شهدات طيار فحش اكت في طريقة اتانية اروش ممكن نزاود بها توصلهم لكهرب اتطريقة عزيزي اسمها ادوبي اتطعي بها عزيزي مش دي ابو حميد بتائل اتترزي لك هو السينو فارم والحاجات ده لا عزيزي مش هو اتسلكون مناتك ويسا مكتلاح ايلي بحسن ان احنا من طاعة مهزة السلكوني عزيزي اعناس ارتاني اعناس اردها عتض اكبر من الكترونات في الانان جيلي في  فلما ام احدي ان ازارت فيس فور و اندخلها وست ازارت اسلكون ازارت السلكون بها تعمل عاجي ولكن انه هو اخذ بل و توم عامل اربع رومت تسهو بامعها زي اي اي ازارت السلكون اسي عزيزي ازارت الفس فوردي عندها خامس الكترونات ده انا اعني ان فيه الكترون هاي بحورة طليقة في الكترستالة يوانس القاربة برحة وبالتالي هاي كل الكترستالة قادرة اضبر انها توصل القاربة اكتر من غير من زاود دراجت حاراتها شهدت الحركة دي اي  اصيار انا  لما نموغتين هذا البورن ونمحطينه في كرسطالة السلكون  هيا حصل النفسة لحصل مع الفس فور  السلكون يتعمل عاجي ولكن وقت بل  ويعمل مع البورن 4 عابت تساهومي  بس تستعملها شبابة  بل البورن عنده 3 الكترونات بس  هيا من 4 عابت الزاء  لبي حصل عزيزي  اين البورن بيقون الكترون من زر السلكون تاني  اذا لكذا ده حرامي عبعني  ممكن بالتفاق بينهم عزيزي ما فيش اكترون  وبيع من بحزة الكترون المسروة الرابة الرابة  يخريبي تكبورون  فزارت السلكون الخد منها الكترونتي  يبعن ده عزيزي اي  اللي كلمنا عندهم نشاية  الحاجة الابستركة مزرية  يبعن ده هول مهنية ست الكترون  فما يتبوقب عشاننا فيش اكترون  فعالم وقود الكترون ده  احنا اسم منها اي  هول جدا عزيزي  يبعن دينه هولز اكتر في كرسطالة  لذا مقلنا تدتعمل طيوة  مثل الكترون زبتعمل  طبعا عزيزي احنا مش من طعمة بزارت بورون واحدة بس  بالطعمة ده ماليين الزراء  بحسب عم دهنا ادامه ماليين الهولز  دينه اللي نقه ربا  انه ده عزيزي من كرسطالة السلكون  اللي با في بورون زدا  بيب اشتبه بيطايب  البيجة يا من اي  من بزيطف  اللي امنا عندنا هولز  لان دي كن اميك ينجم فيها الكترونات  مشيه  لو انت مشاهد عادي  بشاهد من ابطال السنوال عم اللي امتحن في الكلام ده بعد كم يو  يكفيق النكتار في النباد عملية التطعم ده  ببعا عم دهنا نوعي من كرسطالة السلكون  الانتاي والبيطايب  الان امي عزيزي  لكتب فيها الكترونات كتير  البيج  بوزة فيها  هولز كتير  والهولز ده ندرنون  اخوات الكترونات  بس شهر نتو مجابة  بوزة تبعا عزيز ده تبسي تمخيل  بس تمشاهد عادي با  نخل معاقه خوشي حنو بعيبة علاقة  طيب عام  احنا الحمد اللي امواتينين سالحيد  تعامنا كرسطالة السلكون بالبورون اول فوسفرس  عمان الان والبي  وكل هذا كلام الروش  فين بأمار القرن عشرين  ها  يا خيه ده علي  اعتبرني شيف  بحضر الحلقة على نره هدية  اكال بعا شموة شدش منني  خلينا ناخد كرسطالة انتاي  اللي فيها الفوسفرس  وفيها الكترونات كتير  وكرسطالة بيطايب  ونحقين الان  لذي انها في الفكد هوا  من غير ايعة تبارل ايسوشي الديستنس  بو بتعمل بقا  هل ازاءهم في بعض  ايلا يا عصر بقا  هيا حصل النفسه بيحصل البندزب  لما تحط بكتد الشي  في كباية بقاية بقاية بقاية بقاية بقاية  بقاية اكتد الشي  فيها تركيز الشي  عال  فلما تحطف المياة  يتركيز الشي فيها العلي  بيحصل البدفيوشن  قبل تشي  توريها يزح مديه  одно الدين ي own a Até!! فلوه駭طة العين  يكون فيهз Bahra  تبدأstellung هنا ROM  في اليوم نفس الدركيس  حוק Veronica  ثم الأمون التжеيدة الطلاحي  لم تحسب في كان الحالد  توقفوا للحلام الذي فاطئت future  و ISSfta بإن وتنقوم بهم  بأن تنقوم بى Ektron Mesh  لكي فالطالعات المغني  الليكتورات بتروح من الان للبي  والهول زبتروح من البيل الان  يحسن تياركنا بالسالب  وتياركنا بالموغب  والمفروضة عملية تفضل المستمرة  لحد ما تركيز الاليكتورنات  والهولز يبقوا في كرستلتين  أدبعا  بس دعا بيحسانش  ايضا بحب من انتخدتنا  أنا كنت فكرة متعاقة عزيزي  ليما بيحسان  خلال ركز على الكرستل لانه لوحبها  المفروض إنها فيها الاليكتورنات كتية  واليكتورات دي حرة تقدر تين القهرب  بس لفاكر  الليكتورات دي كاية من زرات في سفور  والزرات دي سابت الاليكتورون بها  وعمل رواب التسابومية مع السلك  وتعشان حيث يزرات فقط الاليكتورون  فبتبعا ايهونات موجودة  وبتقال عليها دون  انزعشانت بالرات بالاليكتورون بتاعتها  فلما نحطة كرستل البي  جمبا كرستل الان  واليكتورات دي بدا تيمشي  من الان للبي  وقفت الموجودة في السفور  بدا تيمشي  وقفت الموجودة في السفور  وقفت الموجودة في السفور  وبتقال على طرف كرستل الان  نفس الحاجة تحصل مع كرستل البي  الهولز كتير  الغالت والجدية جي يمزرات البي  والتالة الاليكتورون  وعمل رابت تسابومية  وكولنا للهولدا  فعالي سيكونت فتبعا  ايهونات سالب  وبتقال عليها  عشان طرفعات وإبل تلكترانات من زرات تنم  فلم نحطة كرسطالة π  جمب كرسطالة الن  والهول زتبدا تنشي من البيل الان  الانة السعلي بدي بحب تأتع شرة هيزهر  و بتكون هي كمام  طبقة بس سالبة من الأعيونات على طرف كرسطالة البيل  بكنا عزيزي بعن دين طبقة تكامل الأعيونات  و فينا على الخطة الفاسل بين الانة والبيل  طبقة من الأعيونات المجابعة عن الان  و طبقة من الأعيونات السعليبة عن البيل  انة الباركستي حزيني excellence  أنHAHA تأسيرially amazing  عن الاتركات من النحيا و نمج seventy  و على حركاتهم المتحدثا في الآول  لو كسطة عزيزة ح cảm diaperي  induborque عزيزي بكتار kos communaut to DF  وهف انا عشان لانت موجد التенная  ابتمنين واحدها على the one whoogenous  the two sliding are a little arrows  لهيس Chengy has nothing to say  لنأتي عزيزي  للمنتائله في الناس  او المنتاق قاحلة  سماكد عزيز في كتابنوزار  إلا نعملنا المكاول من كرستل تين  اسمو البين جنكشن  او الديود إداء إلي فئيس مودي  جي من انه عمد ترفيين  ترفيين و ترفيين  هل يبقى ان شوف إدادة بشتغل الزيين  و هل ينسأل إيه اللي يحصل  لو الصنة هزدديود ببطرية  الدفرشة عزيزي سوف فتوزبح  مهم جدا  قطرها عائق  بسيبو يجب علي الاكترارات تعالدي  والهلزي تعالدي الله  اللي من الحول نق مع الاكتروني  عزيزيز  دهم اموهم في نار قرن العشنين  اللي هي ايه بعمل  أنا ملتلها لكشي من الأول لسبب  واحد يقول لها فزيع انت ايه بعمل  مش واحد دلك من اسم الحلع  في تاري تيني عزيزي نوصة بيو الديودة لبطرية  اتراء لون هو ايه نوصة للترف الموغة في البطرية  بالبين  وترفي السالب في البين  اللي بين الأن والبيدي  هاتيك بر اكتر  وبكدة هي بأمستحيل ايه طيار  يعدد فيها  وداية عزيزي اسبو  الرذرس بيس  اللي في الديود  بيو الصلش ايه طيار خالص  شيف المضوع راح لفيد  اول هنتت  واحد صفار  انه اف  شيف  تمعنا  ان عن طريق هذا الديود  نقدر نتحكت في الالتجاه  اللي الطيار يمشي في الديرة  لانه بيسمح للتجاه  يعدد في التجاه  والالتجاه يتاني لها  وده  بيتم استخدامه في تطبيقات كهروية  كتير ممكن المستر فيز يبتاك  يولاك عليه  بس احام يتطبيبها  وليل وددتك  وجبت كل داعش انه بسلم  هو اخو الديود الكبير  مش ديود  اسمه كدعش ان عندي طرفين  خد بها ل عندي طالت اطراف  اكتر انزيس تر  هو داع عزيزي  نار القنل العشرين  زي ديود دعود بزد  اكتر انزيس تريع عزيزيها  تليمه عمول من كرس تلاد  بس عشان هو عندي طالت اطراف  فهو برده مكاروة من طالت كيس تلاد  يا اما اين وبعدين بي  وبعدين اين  يا اما بي وبعدين اين وبعدين بي  عارف عزيز سندواج  عدنا عرفه حفظ صام  عدى عزيزي سندواجس ديلك  وسبايسي فبي كارر  يا عم تستاني  هي ودى نار القنل العشرين  وزدادة امبل فار أسطلت  طبل امبل فار بتادي فرسط اللي بالسيب الخير  كم في قاربه بتادي وشابكه وشارة  طعيف وما يدرشي طالع طيار كبير  بهما زد عدد الالكترات اللي وصلاله  في اللي متر  هو عندي الكترات كتير  بسما يدرشي طالعها  ودى بحل في الكترات كتير  عيسة تخرب من البيز  بسوى بشقدر الخرارة  مع سيادة كسافة هذه الكترات  بتقدر تطلع هذه الكترات  من البيز لكلكتر  اللي عنده القدرة هو كمان إنه وصل طيار كبير  ومتالي الكترات اللي دخلت للمتر  قوز الزوائر بالنها بيتسارسد للبيز  وقوز الغبار منها بيروح لكلكت  وهنا عزيز تيك السياعة  الطيارة البسيط اللي مشي في البيزدة  يقدر يتحكم في طيار كبير اللي ميوصل لكلكت  لان يو يتحكم في الدبلشان ريجان  فكر عزيز الدبلشان ريجان  اللي بينه وبين الامتر  فلما البيز اللي يبقى موقب اكتر  حتى لو بمقدر صوير  هاي سغة الدبلشان ريجان  وهي خليك مية كبيرة من الكترونات  خصطاً مع كسابك كبيرة  فاتت اللي اكترنت  اللي غامل الامتر اصلاً  وذبت الزبت عزيز اللي كان بعمل الامفل فائر بتاعك دي فورس  تغير صغير فاحد الأطراف  بيوعتك لتغير كبير فتاعك فتاعك  دي كانت إشابك عن دي فورست  تعمله  وده اللي البيز والترنزيستر  بيعمل  هاي بحجئولي  لا بحمد الترنزيستر ما بيش اني بيباس  ويتبقى الدبلشان ريجان اللي بين الاني والبي  اللي بين الاني والبي  هي دي الحاجز  اللي تعمل كرن تقوم بتعمل شيء  المشكلة عزيزي إنه اللي كان اني بيباس  فتح بحناي  ان كل التعيير لبي خوش من الاني  ايما بيت العمي بيي  ايما بيتلاعش  فأتسول  ارنان  دي كان عزيزي عزينا من الانكليفاير  مش عزيين يسفر يواحد  عزينا لعبين السفر ونواحد  عزيين جهاز في النص يتحكم  فأدي ايه يحصل كرن  ادي ايه يحصل تيار  واحد يوض بتعنى عزيزي لازم يتحطلوا  طرف تيار  اترفدة ميباس هو اللي ميدخة للتيار  اترفدة كل مهمة  انه يتحكم في التيار  اتحكم في الكرن  وكده عزيزي يكون عندنا اترنزيستور  اللي هو مكوة من تلتك استلي  كرس تلتين وهو الامتر  والكوليكتر  دول اللي بعملوا طيار  او الكرن تفترنزيست  وطرف النص الهوال بيز  او الهوال بيي  بس وزفت انه يتحكم في الطار المش  وبنفس الفكرة عزيزي  الترنزيستور يقدر شيل بتس  البيتس اللي هي ما نمت على شكل وحد أو زير  لعينين او حسنة البيز  بتطرف البطارية السلد  اتبليشه ايشن ايشن هتئا جبير جدا  فتمعي لاتتيار  وكده ترنزيستور يبقى اوف  او شايل زير  اما لو حسنة عزيزي بل كده بتطرف الموجب  اتبليشة نيشن  فتيارة مشكده هئا زيست كنا في الحلاء  بكل ده من اضر نستنتين ان تنسيزة بيو ادهي نفسو ازيفت الامبليفار باتادي فرس  باتاق اقال وحق بأظغر سواق ان مشتغل كامبليفار يقبر الاشهارات التي دخلال  أو كسوطش يفتح ويافي ويدريشي الواحد اوزير  فاستعرف التنسيز تحكم اداء أزيز فالفيت سمائة سمعة واربيين كان كبير  اده قبدة الإيدكد بس في الخمسينات والسيثينات في نفس الواقى التي الامبليفار الأديم ادهزبعك الكبير  ترنزيستور كان أدوا الضغف وفق 16 و56  حصل براثان وشوكلي واباردين على جايزة نوم الفيزي  عن اخطراهم لترنزيست  واحد أقول لي  طبعا عمي ده والتسامة ترنزيستور  والتسامة عزيست ترنزيستور لان زي ما شفنا كده  هو سعاد بيقوم الطيار  زي البقومات زي يرزيستور  وبعد الطيار فحان تنية  كانوا بعملها ترنزيستور  فتم تسميتوا ترنزيستور  بعد كده ما يدى العوبا وليلو ترنزيستور  بس عزور نان عزيز  بشي في مديه مبالغة شوية  إنان اول على 3 كرستليات  نعمولة سنداودش  إنها نار قارل العشرين  هل ترنزيستور استحاق قد تبجد كل  لو فاكر عزيز يكون بيوتر الانياء  اللي كان حدواد الأوضة  و كان معمول بالأمبلفارزة التقليدية  بتادي فورس تختراعات ترنزيستورس  إدانا القدرة  إنان خز النفس القدرة من المعلومات  فحق معال بكتير  يعني الأمبلفار الأديم  الأدوز باك كبير  والترنزيستور الأدوفة  اللي 2 عزيزي بيشيلو بيت واحدة بالمعلومات  بس ترنزيستور بيشيلها في مساحة عالي بكتير  بس خاص ترنزيستور ما وكذلك الحده  في منتصف القرن العشرين  معظهور شركة تكسس  إنسرمنز  بعد اتظهر تجميعات من ترنزيستورزدي  على شكل تشيب سيز غير  لو كسارت عزيزي لاعبة  هتلاقي تشيب سيزيدي ما جودة  إنه نكنو اتيني من الترنزيستور  تمنخ تراعو سنة 1550  على إيد المهندس المسلم  حامو دعط الله  والكوري  دون كان اسمو المسفة  ودعال لكتير من مشاكل البجيتي  ومن سهعتها بأتصنعت الأجزعة للكترونية  أسه البكتير  ويري عزيزي مدى يخصى البوم في عالم الإكترونية  ودعت الشركات تتنافس  عالمين هاي من المنتاجات أروج بها  وعلى رأسوم شركة عيبيام  اللي فيست التيينات كنت مكتسح سوك  يترنت في عبيه  وسعيتها كنت مكتسرات على الجهة الحكمية  والأسكرية بس  اللي بينها كنت ناسة  واليادر تماع تأول انسان للساكل أمان  سنتسح سوتيين  بفاد اللي قدروا بكم بطاط I بيهم  ودقتها في الحسامات  اللي في الأول وفي الأخر  بفاد اللي قدرت اللي تشيبس  اللي الشيء لألاف الترنزيستور  وما العلوقت عزيزي  الترنزيستور سبادة يتزهر اكتر وكتر وكتر وكتر  وقدرت الأجهزة  على استيعاب واتحليل البيامات توقب الاركتة  وفق الفتصعمية سمع وشعر عين في السام فرانسسك  شبينك يو يو يسمون ستيب جبز وستيب ووزدي  بعوت التميت قطعة من جهازك بيوتر شخصي  اسمه ابل تو  ومنه بدأ الشركة ابل  ومعه غرقة الكميوترات من الجهات الحكمية والعسكرية  إلى كل البيو  ومدى المستعملها شوات مواتنسية  محبو سين في معامل  بأبي استعمال حقيقي شخصي مش بتخصص  وكل شوات ترنزيسة تزغر اكتر وكتر  لحادة عزيز النهادة مبائد بيوتس بيوتس بيوتر  شوف كل اللي كنم نشح ده  الكترونيات وهول زواء متر زوم مش عين فيه  كل ده بيوتس بيوتس بيوتس بيوت  عزيزي  نهار ده في تخصص كامل في غابة زويل  لأنه تكنولوجي  ما بيعمل شخص في حياته مغرنوما بيوتس بيوتس بيوتس بيوتس خامة سين  جمع ترنزيس تربس  لحنا كنت نعني في عزيز الحلقة  دهما جمع لتروخو تدريزواء في كل هذه السيدي  ما تقول الدعاء والدعاء عزيز رح  هولي  العسف المنفسة بيوتنه وبيندك ترزويل كبير شوية  السياحة مش مش بشكارب ري بريك  عشان كتن نهارضة بعددنا الكترونيات ضقيقة جد  ويوم بعد يوم البتينشة الالحقيقي لعزياء الكترونيات بيبان أكتر وكتر  عزيزياء المشاهد أحراد الوقت في الفيدي واحد وعشلي  ولكني عزيزي تأسين الوحيد اللي يمكن انساء لتطور التكنولوجيا  اللي حصل لبساء الترنزيس ترب  إنه زمان كنت منستنى برميجنة اللي بنحب وعشام في الفتناش  لكن دي الوقت بيننا على طولة دن نشوف الحلات اللي فايتد  مش على طولة أو بنشوف الحلات اللي غاية  ونو تربس على مساعدة رو لحنا نيتو بنشتركة لقناة  نوضوع سهل ومسيء  يقد يكون أسل من تحن سمالة  يالى بتوفيلا أحبه بالتلابة  إن شاء الله يجب درجات كويسة بيزن اللي  فتحكر حالة شفة كزة مرة  وبس إن شاء الله يجلك سؤل بتاع ترنزيس ترده  دون العين شبتر بالشباتر  ويتحلي كويس بيزن اللي  وما السباح سيبك بيد جريبا اللي حاجة بيزن اللي,احب بطلوب اسلامه لك ورفط الله بركه  اهزي حسنا  اصدرها معنا رب  لديتهم موكره  اهزي شبن ركه  عشاني جيب الدراجه  لديها ايها في هزر المتحد الصعب  بحكم السبب السلاموري  ونرش اول في زياء  وحده قضين  وحفظ المغنطيخ  وصحب قلون  ونعود مطرحك  ودروات خلال رغه على اهم السؤال في المتحده  اهت تان زيسته  هتقول لي امسته  بالسؤال دهيجه في المتحد اهي  اهو هو ترنزيسته  دم جنج الامي  الشعب السييده  برحب البسيد يحبن  اترنزيست رحبات طعب كحيانس بغسي  بالدخان واليشارك  دعيس من النحيه  تدخلوا بعدين يحصل  انه وبعد انتطلاق قويه من النحيه التانيات  وبالس ولكي انا حصل ايهاك  هل وقوه وقوه وقوه  تحيح الزون في المكابي والجرنين  يتسكس علينا نورس الجهان  و نورسون المي  فاياسه  اهي بس امستر  تترنزيست ربطان  دعيها بالزم  حيث ترنزيست  و حيث ترنزيست  ترنزيست  ترنزيست ري  لا تقلم كوبر لمشاد  غير لي باشواء حلوين كتل  بسيئه تستطرق بسيئه  كتل تطمان تستطرق بسيئه  لتينه بها دعوه فقط  يا رحايه السوده  هونى ادامت تجابت كتل  ستجردت حيث تمولم في شرحه حيثته  ارقع بها  ارقع  ارقع تايد  يشد يمد يحد يواضي  بلك فيديواضي لمدحاك جايما  خجفها لك بعد لمدحاك افررقها لاهليك  والساته مارجه حون  والتشيفني  ايها شايفه كحماده  وكتايد بدل الدموقه في مك  راكد  راكد راكس راكس  روشومت دهور الوارضي  في تل بخيمه بتحكم بشرف حامه  بتحكم بتحفظها  احفظها حاماده  ابلاها حاماده  ابلاها حاماده  ابلاها حاله  ابلاها حاله  ابلاها حاله  حاله  ابلاها حاله  ابلاها حاله  حاله  لكن نمجanner  ستكون لديك منطيب  ستكون لا يكون فيطخ  فلن تتمجي  فلن تتمجي  لا يكون اكثر  كيف يمكنEN  تملنا  كيف يكون احد  اعزي المشاهدين والمشاهدات وطلبت وطالبات السنويه العامه  العرف دومه غالبا سيبين المزكره وبيفراء على الحالات الواتي  المفروض منهم بمتحنون الويندون والمفروض انهم فرموشه الحاجه  وبيركز في مزكرههم اللي يطبعا برنامج الدحيح  وعشان كده انا عزيز جيال لك بحاله من المانها  عشان مالحاجه تخش عليك وتفيشه لنبو السنه ممه  انا بزكره ها فبيب انت عزيز ودم نفسه ودم العالم  اعيد بزاكره هم مشكله عزيلا ودخه تعليقوات اللي سكتش  والحاله عزيز مشاربا حما السعاء نشوفها ونرعني زكره هاتو  كله لبقى نبدا الحاله عزيز  بس اخدركها لاسعبه محتاجه تركيز  حدك بايت الشيبي تعطا  صحيح لكده وايه وربره صحيح  عزيز مشاهد على احد السهول الافريقيه  من مليون وخمسميت الفسان  كان عامك الانسان مستلق  ما انتقف حاله لا يعباء بالديني وما فيه  عدني اسه باي جي هكلو  نازلد بادد جيب اجلو  الحياه بسيطه لا يوجد فيه دد لايم  كل ده عزيز استمر الالف السنين لحد ما جي واحد  غاوي وقع الالد  ادى مهندس في التاري  هزل مهندس عزيزي اختشف النار  بمجع  ومن هنا عزيزي البشاريه  بدا يتخذ خطواتها الاولى نحو الحضار  ونحو الدد لايمس  لا عزيزي ما تستهونش بالنار  حبت الخشب واللفح من الموالعين دول  يخلو دفعين في برد الشيطه  يخلو الحاوله المفترسه  تخفط اربلا  يخلو ده در تساوي اكله  يبقى فيه قلو دز عكتر  وكلو دز عكتر  يعني تققى اكتر  تغري بها بالاسود  وتققى اكبر تروح اللي مهكره  وشفى عزيزي بان تتنى التقام اللي مهكره  اللغه  الكتاب  الزراع  الحضار  والبيدزه  وسلوا عم بطبعه  كل ده عزيزي نتاجل تطور متسهره  يلخو دورات البشر  يلي بدا من يكتشف النار  كل عزيزي رفاياه الحوالي ده الوقت  ده ده من الفضل  بتاريخ قاوب اوقره  يكتشف النار  ان مليون ونسس سنه  عزير مشاهد  احبه ولكن نحنا في القرن العشرين  يكتشف النار مره تانيه  بكده بحميت  نهاتحك عليك لي  صحاب احنا  عزر معاك  عزر معاك  عزر معاك  عزد قافه على سنه واحده  اكلمدا  ولكن انسان القديم  وحشائش السفان  الي جمج تشف النار  للقنى عشريه بحميت  الكتبين  مايكي الريورت  وليل ينهود سنه  يكتبهم  كرست الفائر  بيولو انه واحد من اخترعت  القرنه العشريه  كان لتاسير على تاريخ البشريه  وتطورها  بالزابت زيك تشف النار  من مليون ونس سنه  اختراده عزيزي من غير  حياتك تتحتي بحياته  نيخان  سبين كنى بحميت محاقه افضل  عزيزي  احنا نفترض ان تريح ما يشف خط  وطل مهما يشف يازل خط  فهو احسن من قبل كتب  فكره حديثه بحميت  حنا بانان اول  حديثه باو كده  رعزاكر  شكلك بك ادبي  ادى بيروه فرغو على الحرب عمي الثان  لكن عيني يتعمل مع التاريخ  بشكل لنوبي بورجلس  فلواخه عزيزي  بمغير هذا اللي اخترال عزي  وقد تشحبها بوجود  وقد دمك دلوائت  بالغير وقد شتار في طبعات ممزل صحبتك  لما تبقى بالدائع  وغيرها عزيزي  كتح تحيب الفيزه في سنوائعب  ومشتار ربما  بينك تفرق عدد حيه  قلستك تشاف نار القرنه العشرين  ما بتبداش في حجاش اسفان  اللي قلست بتبدا  لما عم الغروهن بالمختاره اكت الفون  قرر ينضم للمنزومه الراس ماليه  واسس الامريكه انتلجراف كمبن  اللي اشتارك لحد يومينها هزه بالاي تنتي  وكان هذا بالمن هزي الشركه  هو نشتو اخطاعه في امريكه  عن طريق شبا كامل الخضوض الارضيه طويله المدع  تقدر تنئل السوب  عن طريق تحوله ليشارات كهروبائيه  بس تحايا لافسك في اواخر قرن سعط شركيد  وعيز تعمل ليشارات كامل الاسلاع  تشل الاشارات كهروبائيه على مدام اسفات طويل  اول حاجه لازم تفق فيها  هو السيطي اقدر تحافز على الاشارات دي  بحيز الاوال فسلا في يور  ونت في سام فرنسسك  وبين حالي خمس ثلاثه وخمسومت كيلومتر من الاسلاع  الاشارات كهروبائيه لا بعتالك من التلفون بتاع  توصلت في التلفون بتاع  زي معايا  نغرم طاعد عف او تتشاوش او تختفق اسطل  شوف الاشارات ضعينا بتاع تسوطه دي  عشين با ان شاء خمس ثلاثه وخمسومت كيلومت  الحال بديه  اللي ممكن يكون جيد في دماء  كلها كانت طالب مكتاحه في السنوال  عامه بتشوف برنامج الدحيخ  خمس ثلاثه وخمس ثلاثه وخمسومت كيلومتر دول  تحطت في الناس جهاز  الجهاز ده يقوى الاشار  بحيث بعدما الرساله  يحصل الله كله لا يحصل الله في السكه من دعف  بعد من هذا الجهاز وتبدا القويه  عرف عزيزي كانت في مجشوف سارعه  تبدا تبدا تبدا تبدا تبدا  وبعدين تتعرف  بعدين يجب ان نسلو يوعدين مسحله بالفوته  ويحطت مشارف مايه  فان تتبعا نشيط وترجع لخويه تكتاني  بعدما تعمل تعمل تقويه توصل الاشاره التي تريفون بتاعه  يوم تريفون محوالها من اشاره كهربه الا  الا صوت وبالفال  هو ده الي ايتي انتي تقرد فيه  وبدا الشغل على فكره الانبلي فار  المضخم  المضخم عن طريق شركه فرعيه من ايتي انتي  اسمها واسترن اليكتري  فارفت سومايه سته  يتم اختراع اول انبلي فار في التاريه  عن طريق المختاره الامريكي لدفورس  الانبلي فارع عزيزي تادفورس  كانت فكره بسيطه الجد  كل فكره انت عستعمل جهاز  تدخلوا اشاره ضعيفه  يتلاعلك اشاره قويه  فمام  طمام  الانبلي فار  اللعنه وديفورس تبقى  هاتل يوده مدنواتي عزيز  ايرايه  امه  فهده اليه بحمان  قوه ده جيفه اللي انتحان  عزيزي اهت مدتوات ترشي مدتوات ترشي  استعملها فهم  سيبق من كلها زيار خزع بلها  ورقز لعلى الخطه الماطع اللي في النصنه  نقطه ده عزيزي بحب برعن شهبك  شهما هو الشش الشويه كبدي عزيزي  اللي من دخل عليها  الاشاره ضعيف  ودن استلمها قويه  من فوق من الطرف اللوال موغب ده  لو مهتب تعرف اللي بيحصل قوه  فهو اللي علاقه بزاهره اسمها  اثير ما يونك افك  واحد يقول اب وحمج الثير ما يونك افك  عزيزي  ما تجرنش معك في الفيزيه  لحسن حقا قرر معه  ونبصر حاره حي بها ومعبوت فيها  اللي انت امحتك تعرفه بس  انه عزيز شركه  بتكوم عساسه جدا للاشاره اللي دخلال  حسن نعي تغيو  ولا حتى زغي  فادي الشركه دي موقابه  او سالبه  هي ادئي لتغيير كبير في الاشاره  اللي خارجه بالنحكه  وده  السير  بتاع الامبلفار  بتاع دي فورس  دلوال دي انا بكلم في تلفون بتاع  اللي  توم الاشارات اللي شاره اللي شاره لسوت  تمشي في الاسلاك بس اول ما توصلنا  تعدد على هذا الامبلفار  وتبدا تتفاع المعن  وعلى الرغب  لنضع في الاشاره دي  بعد المسافه الكبيره  اللي ممكن تكون مشيطها  الا انه زي ما اقول  اي تغيير بسوت في هذه الشركه  دي ادئي لتغيير كبير في الاشاره اللي بتغيير  وبكده اللي شاره اللي بتخشع شركه  بيتم تجبرها  عدنحه تنمي  والاشار تتلع بالامبلفار  بتكبر  وتكامل تريها  لتلفونه  وتصمع سوتئه جميل  طبعا عزيزي  الاشاره متعديش على امبلفار  واحد بس  على حسب المسافه بين التلفونيين  الطبيعي  كل مزاده المسافه  كل ما محتاج في التلفارز اخط  عشان تبدا محافظه على الاشاره  وتم تطوير الامبلفار ده  عشاني باوناسب لحب بالنهاب المطلوب منه  وبالفاحه في الفتصمام 14  ادرت ATT بالمساعده  وستر لكتر  انها تعمل اول شابك تخوط ارضيه  تخطي امريكه كلح  وفالفت صعميه وخمستوشه  غرحب بالعمل اول مقعلمه تلفونيه  بالنيور لساب فرنسيز  الام  الانجاز العظيم ده  اده لنوستر ان الكتر  تدريك اهميت الابحاج في مجال الت صلاه  في الاول و في الاخر  هي عمرها مكان تتعرف  تعمل شامك التلفوند بتعيطها  ونغير الامبلفار  الاختاره ودفارز  فعزي من الدكتير يا شابين  وفالفت صعميه 25  يتم تاسيز باللابز  وختمرد بالن  عشان تبقى مسوله على الجنب البخس  بنوستر مليك تبقى  باللابز دي عزيز اللي في خلال عشرين سنه  هي تمك تشاف نار القرن على عشرين  بس عزيز مشاهد بعد كم سنه  من اول مكاله مع مالها غرحب  على شامك التلفوند  يجد نبطعته  اي امبلفار بتعدي فورس  ادركنا  انه مطلعش يهمت كنت زي ما كنت مطخيلين  لا محمد  لا ازبا بكتير  من انه بحتك تقاق بي رجدا عشان الشتغل  مع عشان يارف في قوى الاشاره  زائد اللي يمكن يتكسر بسول  عشان كان لازم يعمل حوود بعمبوا عزاز  و بس رحاق قل حقا حقا حقا حقا بي راود  وحد يقول بحب تكن ادئي  كان ادع عزيزي سباكي كبير  عزيزي  طتل تتحار برحب  لخبطيني  ايها عزيزي السباكي بي راي  يسكول دي كبير فوره ريزي  تحال ادزباك كبير فور بي راي  يمكن حاجم كبير دي بعمالش مشكله  في خطوطيني تصحاب بتادي اي تنتي  لكل مشكله لما تنسخ بعمل عفلي فوره  في اول كمبيوته في التاريخ  الاليكترونيك  نيو ميريكال  انتجريتر انتكمبيوتر  الانيك في قامعه فينسل فينسل فينسل فينسل  هزيك كببيوتر عزيزي تم استخدام في  طا منتاشر عفى عمبيوتر  ينها ربيض  يعني حاجمه عزيزي كام  طا منتاشر عفز بعكي بي راي  يوضح كاملا الوحد  وراي انت تحيال التمنطشه باقي امكليفاء ردول  يحتاج ان اده يطرع عشاني شتغل  مخرب يوض  من هاتف الفهوه تردي  يكال لمبقى بله حاجه  حاجه  هل يقول لي  تما معمين  الزل امكليفاء  اللهوه بن كبير بي شرط اتلفون  عملون منه اول كمبيوتر في تريق  الكمبيوتر الادر يحسب قمي في بي  لحد الفين سبع وتلتي من رقم  بعد العرم عشريه  الزاه عامل كده  انا اقول ايكم بيوتر بيشيل مع المات عن طريق  بتس  البيتس دي بتبقى سلسله من الوحيد والسفار  اي حاجه بتخشيكم بيوتر  بيتم بتحوله لوحيد والسفار  و اي عامليه تحصل بوى  بتحصل على الهائي بحايد والسفار  او اكم بيوتر كده  يوحد يصفر ما فيش تفام  عشان دي عزيز ابسى الطريقه  لتعمل مع المعلومات  فلا هنا عايز تعمل كم بيوتر  وعايز حاجه  تشيلي الوحيد والسفار دي  عندك اقتارت كده  بوك المسلن تجيب ازدقاء  وتحفظ كل واحد رقب  يوحد يصف  و كل ما تعمل عامليه بسيطه  زي ان نكتج مع رقمين عاملاء  توم لافعليهم كلهم تحفظوا مرخمهم بالجديد  انتواحد  واحد  عامل واحد  انتصف  فرون  تواحد  والله صف  انا اي  اي كاتت ما ليش  وي بكدها عزيز كل واحد من ازدقاء اكشي البيت  لو ايش تعمل  اي كم بيوتها بنفس الساعه ايني اي  فنتم احتاج عزيزي تمان تشهر الف ساحب  وتعاده بلف اضع احده بقى  بسيطه اخيرك سيطه صحاب  اربعا بقى تلقى الواتسه ومتردش  وتنين لو فتحت الواتت لا بعمل للقلوب  اي الحلقه المنتقى اطقى  ان اكتجيب جهاز يشيلي البيتسدي  جهاز عندو حلتي  يم يكون في واحد  يم يكون في صف  لا يتحلي جهاز ذات  بيشتغل بالقهره بقهره بقى  تمكن تقول ان مرورك كهره فيه  دي الحلقه المتعبر عنه  وعدى مرورها فيه  دي الحاله اللي بتعبر عن صف  ومقاره تحقومك في القهره اللي مش  تقدر تحاول من واحد الى سفر ومن سفر الى واحد  ودى جهاز مش هين ساو مش هيتلاخبه  يعني انت عز جهاز كهربائي  سهل التتحكم في كميت القهره اللي مش فيه  مش مي فقره بحاجه  دو ان ادز باك كبير  الامطل فايا  والامطل فايا بانطبق عليها ساكله  لو لعبتني في شبك الحساسه بتاعت  تقدر بسهوله تغير كميت القهربه اللي بتعدي فيه  وبالتل تقدر تعبر على الواحيد والسفر  بسهوله  واحد لو لعبت في شبك  وخلتها تعدي تحاول كبير  وسف  لو لعبت فيها  ومخلت عش تعدي اي تيار خالص  لك انت تخالي عز جزي ان يمي كل حب ملاد العضاده  كم في التمنطشر الف ابل فايا  يعني كان اخرو  يشتغلها تمنطشر الف بيت  تمنطشر الف بيت  ارى في عزيز دائل عددي  لو معك فلاشه واحد يجب بيت بسهد الوقت  فهي تقدر تشير تباد ميليار بيت  لو عايز تستعمل  ان يكلي تغزير المعلومات زي الفلاشه  فالسعب تعتوها تمنين كيلوبايت وروب عدس  ينه رش ودجهاز  ادر الاوضه  يشل لتمنين كيلوبايت وروب  طبحت مش شتنين ميجبايت  ميجبايت ايه  مفيش  لا لك بير جدا من سات تغزين سعيد  وسات تغزين بفادي الوقت  وعشان تحسن الحزين معلوم  كلازم في احد مختبر باللابس  وليا مشوكلي  واجون بردين  ووليا بردين في ثلاثه وعشين دسمبر  الفت سعومي سمع وربعين  يعلنوا عن اختراءه في دلور القرن العشرين  ايهيه  امطلفاير جديه  ابه  ما بستهلكش قهره بكتير  اوه  وازغر بكتير  يا راج  مش فاهم اللي بارفكد  ايه تامع عزيز يليس ستل ياي  بسد مايه  اي امطلفاير جديد دي عزيز  قن مصنوع  وثلاثه ثلاثه تحتها تهزي كلنا  من سمي كندكت  ما هو  لا هي كندكت  رزبت وصل القهربه  ولا من نهايه انسوليطه  بتمنع مرورك قهربه  حجه بين اللي تنين  سمي كندكت بس سمي شئو  عن دي عزيزي  متسوين  قدرت السمي كندكت سي عزيز  على توصيل القهربه  بتعتمد على البيئه اللي هي فيها  يعني ما سنه بتلاعون سوزيزي  سيزيز سيكون  اللي هو واحد من احامه السيبي كندكت  تزلحنا نعرف  قدرته على توصيل القهربه  وطامد على دراجت حرار  كل مدتو حراره  كل مدتو حراره  ودعنا انظرات السيكون  بتكون ترابطه مع بعضي  ما يسمع الكوفيلن  بون  رواب التسيه وميئه  لبتعمل كده  كل زرد سيكون بيكون عندها  اربع الكتورنات  في اللي في الالاخير  من الطاقه  تقدر تتفعلبي  حولت على قدار بعي الكتورنات  مبدا لبتفعلبي  ولو انت عزيز  زكر كميك  هتعرف ان اي ضر  هدفها الاساسي  ورئيسي في الحياه  هي انها توصل لتمنى الكتورنات  كيف هم كده  اني بعنده في الانرجي لفل اخير  تمنى الكتورنات  ففي ما العندوهم  ما اتنين  فيقول لك  حن نخلص من الانتنين لعندنا  وفي العندوهم ستفع  فيحاولو يجبوكم عد عزيخ لصبعا لتنين  فاكده في العندوهم  ويحاولو باشيار مقابعه  تكنيكس  كل زر باه ومزاجه  فدومي سيكون هي  راح ما سيكون هي  وعمل غد ديو  انا فتح مش رعي عشبه  كل واحد اتشارب بالاكتروم مع التنين  ويعملو رابطه تسافه ميجا  يبقى في الكترونين بنوه  وشتركين  ومكده عدد الكترونيات  كل واحده فيهم في الليل الاخير  يزيد واحد  ويبقى خمس  وهكذا عزيز يتفضى زرت السيكون  يبقى عددها تبن الكترونيات  على اخر انجله  وبقى تبقى بتناس وشعب عنا  ومتربى عسا تربى  لنهاها  يتزاو الدراجه الحراره  الرابط التساوميه  اللي بين السيكون هذه  بتبقى تقصه  وبالتالي  الكترونيات  اللي بتبقى في الرابط التساوميه  بتتشارب  يا ستر يا راب  لكذا يشعب بتشارد الالكترونيات  عزيزي  دي بتبقى من الالكترونات الحراره  سترونج انتبنده الكترون  بالتكسر باهم التساوميه  اكتر  كل ميزيد عدد الالكترونات الحراره  وكل ما تزيط قدرت السلك  على توصل لك قهربه  اي الكترت الحراره دي قهرامه  الكترهت عملت تتحره  نفس العمل هذه عزيزي  رؤكين ابصلها  بس تانيه  السلكون في العادي بيكون ملو الشحنه  السلفه اد الموجم  لكن لم الرابطه التساوميه تكسر  الخوظلن بندي عنه  وزاره السلكون تفكد الكترون  و يبقى حر دمعنه انظره هتبقى موقبه او هتبقى ايهون ايهون موقب عشان في اللكترون كان موجود فيها شاير شوحنا ساليبه وهربن بحر ممكن مصعا لعمليه دي كان اللكترون اليربده سبب كانوا فرغ  و لو تعملنا عزيزي مجازه مع عز الفرار كانه جزي زي يزي اللكترون لو شوحنا فريكون لو شوحنا موقب  لانه جود هذا الفرار عندظره السلكون بيخليها موقبه انا رفع صعب شويه عزيزي بس انت عنك زرت سلك لموقبه ولا ساليبه رح من نهايه اللكترون حاجه ساليبه ميشيه فطبيب عن دنيه هاجه موقبه الحاجه الموقبه هنسمي عدم موجود السلف فيها حاجه هنسمي عزيزي هول نقدر بها نظريه نهازيزي نتعامل نعال هول زديه زي ممنت عامل مع اللكترون رغب الزوح بسن احنا عرفين ان اللكترونات هي اللي بتشيل الطيار انا بحمت كتار في النات  انكترونات بالتحارق بتعمل لنات طيار كهربائل نفس الطيار ده ممكن نبسله على انه حاركت هولز بس ما شفل الاتجال معاكس فانتاتيه نساخن السلكون الانكترات تتيرك ده الهولز التيرك ده فهم الفكره عزيزي انا رفنيه كمبيكس شويه بس احتف همها مشاعد لا يعني سنوعه عم مبتطفرج الدحيه تلعيل واحد اولى بحميد احلاقت كل ده اول اكون امن اول اده العزيز في الوقت زياد الدرجه الحرار مش احسن طريقه تزاود بها قدرت اسمك اندكت  فهم يعني اتكد مش هل فيكل السلس السلكون اصطن ام شهدات طيار فحش اكت في طريقه اتانيه اروش ممكن نزاود بها توصلهم لكهرب اتطريقه عزيزي اسمها ادوبي اتطعي بها عزيزي مش دي ابو حميد بتائل اتترزي لك هو السينو فارم والحاجات ده لا عزيزي مش هو اتسلكون مناتك ويسا مكتلاح ايلي بحسن ان احنا من طاعه مهزه السلكوني عزيزي اعناس ارتاني اعناس اردها عتض اكبر من الكترونات في الانان جيلي في  فلما ام احدي ان ازارت فيس فور و اندخلها وست ازارت اسلكون ازارت السلكون بها تعمل عاجي ولكن انه هو اخذ بل و توم عامل اربع رومت تسهو بامعها زي اي اي ازارت السلكون اسي عزيزي ازارت الفس فوردي عندها خامس الكترونات ده انا اعني ان فيه الكترون هاي بحوره طليقه في الكترستاله يوانس القاربه برحه وبالتالي هاي كل الكترستاله قادره اضبر انها توصل القاربه اكتر من غير من زاود دراجت حاراتها شهدت الحركه دي اي  اصيار انا  لما نموغتين هذا البورن ونمحطينه في كرسطاله السلكون  هيا حصل النفسه لحصل مع الفس فور  السلكون يتعمل عاجي ولكن وقت بل  ويعمل مع البورن 4 عابت تساهومي  بس تستعملها شبابه  بل البورن عنده 3 الكترونات بس  هيا من 4 عابت الزاء  لبي حصل عزيزي  اين البورن بيقون الكترون من زر السلكون تاني  اذا لكذا ده حرامي عبعني  ممكن بالتفاق بينهم عزيزي ما فيش اكترون  وبيع من بحزه الكترون المسروه الرابه الرابه  يخريبي تكبورون  فزارت السلكون الخد منها الكترونتي  يبعن ده عزيزي اي  اللي كلمنا عندهم نشايه  الحاجه الابستركه مزريه  يبعن ده هول مهنيه ست الكترون  فما يتبوقب عشاننا فيش اكترون  فعالم وقود الكترون ده  احنا اسم منها اي  هول جدا عزيزي  يبعن دينه هولز اكتر في كرسطاله  لذا مقلنا تدتعمل طيوه  مثل الكترون زبتعمل  طبعا عزيزي احنا مش من طعمه بزارت بورون واحده بس  بالطعمه ده ماليين الزراء  بحسب عم دهنا ادامه ماليين الهولز  دينه اللي نقه ربا  انه ده عزيزي من كرسطاله السلكون  اللي با في بورون زدا  بيب اشتبه بيطايب  البيجه يا من اي  من بزيطف  اللي امنا عندنا هولز  لان دي كن اميك ينجم فيها الكترونات  مشيه  لو انت مشاهد عادي  بشاهد من ابطال السنوال عم اللي امتحن في الكلام ده بعد كم يو  يكفيق النكتار في النباد عمليه التطعم ده  ببعا عم دهنا نوعي من كرسطاله السلكون  الانتاي والبيطايب  الان امي عزيزي  لكتب فيها الكترونات كتير  البيج  بوزه فيها  هولز كتير  والهولز ده ندرنون  اخوات الكترونات  بس شهر نتو مجابه  بوزه تبعا عزيز ده تبسي تمخيل  بس تمشاهد عادي با  نخل معاقه خوشي حنو بعيبه علاقه  طيب عام  احنا الحمد اللي امواتينين سالحيد  تعامنا كرسطاله السلكون بالبورون اول فوسفرس  عمان الان والبي  وكل هذا كلام الروش  فين بامار القرن عشرين  ها  يا خيه ده علي  اعتبرني شيف  بحضر الحلقه على نره هديه  اكال بعا شموه شدش منني  خلينا ناخد كرسطاله انتاي  اللي فيها الفوسفرس  وفيها الكترونات كتير  وكرسطاله بيطايب  ونحقين الان  لذي انها في الفكد هوا  من غير ايعه تبارل ايسوشي الديستنس  بو بتعمل بقا  هل ازاءهم في بعض  ايلا يا عصر بقا  هيا حصل النفسه بيحصل البندزب  لما تحط بكتد الشي  في كبايه بقايه بقايه بقايه بقايه بقايه  بقايه اكتد الشي  فيها تركيز الشي  عال  فلما تحطف المياه  يتركيز الشي فيها العلي  بيحصل البدفيوشن  قبل تشي  توريها يزح مديه  одно الدين ي own a Até فلوه駭طه العين  يكون فيهз Bahra  تبداstellung هنا ROM  في اليوم نفس الدركيس  حוק Veronica  ثم الامون التжеيده الطلاحي  لم تحسب في كان الحالد  توقفوا للحلام الذي فاطئت future  و ISSfta بان وتنقوم بهم  بان تنقوم بى Ektron Mesh  لكي فالطالعات المغني  الليكتورات بتروح من الان للبي  والهول زبتروح من البيل الان  يحسن تياركنا بالسالب  وتياركنا بالموغب  والمفروضه عمليه تفضل المستمره  لحد ما تركيز الاليكتورنات  والهولز يبقوا في كرستلتين  ادبعا  بس دعا بيحسانش  ايضا بحب من انتخدتنا  انا كنت فكره متعاقه عزيزي  ليما بيحسان  خلال ركز على الكرستل لانه لوحبها  المفروض انها فيها الاليكتورنات كتيه  واليكتورات دي حره تقدر تين القهرب  بس لفاكر  الليكتورات دي كايه من زرات في سفور  والزرات دي سابت الاليكتورون بها  وعمل رواب التسابوميه مع السلك  وتعشان حيث يزرات فقط الاليكتورون  فبتبعا ايهونات موجوده  وبتقال عليها دون  انزعشانت بالرات بالاليكتورون بتاعتها  فلما نحطه كرستل البي  جمبا كرستل الان  واليكتورات دي بدا تيمشي  من الان للبي  وقفت الموجوده في السفور  بدا تيمشي  وقفت الموجوده في السفور  وقفت الموجوده في السفور  وبتقال على طرف كرستل الان  نفس الحاجه تحصل مع كرستل البي  الهولز كتير  الغالت والجديه جي يمزرات البي  والتاله الاليكتورون  وعمل رابت تسابوميه  وكولنا للهولدا  فعالي سيكونت فتبعا  ايهونات سالب  وبتقال عليها  عشان طرفعات وابل تلكترانات من زرات تنم  فلم نحطه كرسطاله π  جمب كرسطاله الن  والهول زتبدا تنشي من البيل الان  الانه السعلي بدي بحب تاتع شره هيزهر  و بتكون هي كمام  طبقه بس سالبه من الاعيونات على طرف كرسطاله البيل  بكنا عزيزي بعن دين طبقه تكامل الاعيونات  و فينا على الخطه الفاسل بين الانه والبيل  طبقه من الاعيونات المجابعه عن الان  و طبقه من الاعيونات السعليبه عن البيل  انه الباركستي حزيني excellence  انHAHA تاسيرially amazing  عن الاتركات من النحيا و نمج seventy  و على حركاتهم المتحدثا في الاول  لو كسطه عزيزه ح cảm diaperي  induborque عزيزي بكتار kos communaut to DF  وهف انا عشان لانت موجد التенная  ابتمنين واحدها على the one whoogenous  the two sliding are a little arrows  لهيس Chengy has nothing to say  لناتي عزيزي  للمنتائله في الناس  او المنتاق قاحله  سماكد عزيز في كتابنوزار  الا نعملنا المكاول من كرستل تين  اسمو البين جنكشن  او الديود اداء الي فئيس مودي  جي من انه عمد ترفيين  ترفيين و ترفيين  هل يبقى ان شوف اداده بشتغل الزيين  و هل ينسال ايه اللي يحصل  لو الصنه هزدديود ببطريه  الدفرشه عزيزي سوف فتوزبح  مهم جدا  قطرها عائق  بسيبو يجب علي الاكترارات تعالدي  والهلزي تعالدي الله  اللي من الحول نق مع الاكتروني  عزيزيز  دهم اموهم في نار قرن العشنين  اللي هي ايه بعمل  انا ملتلها لكشي من الاول لسبب  واحد يقول لها فزيع انت ايه بعمل  مش واحد دلك من اسم الحلع  في تاري تيني عزيزي نوصه بيو الديوده لبطريه  اتراء لون هو ايه نوصه للترف الموغه في البطريه  بالبين  وترفي السالب في البين  اللي بين الان والبيدي  هاتيك بر اكتر  وبكده هي بامستحيل ايه طيار  يعدد فيها  ودايه عزيزي اسبو  الرذرس بيس  اللي في الديود  بيو الصلش ايه طيار خالص  شيف المضوع راح لفيد  اول هنتت  واحد صفار  انه اف  شيف  تمعنا  ان عن طريق هذا الديود  نقدر نتحكت في الالتجاه  اللي الطيار يمشي في الديره  لانه بيسمح للتجاه  يعدد في التجاه  والالتجاه يتاني لها  وده  بيتم استخدامه في تطبيقات كهرويه  كتير ممكن المستر فيز يبتاك  يولاك عليه  بس احام يتطبيبها  وليل وددتك  وجبت كل داعش انه بسلم  هو اخو الديود الكبير  مش ديود  اسمه كدعش ان عندي طرفين  خد بها ل عندي طالت اطراف  اكتر انزيس تر  هو داع عزيزي  نار القنل العشرين  زي ديود دعود بزد  اكتر انزيس تريع عزيزيها  تليمه عمول من كرس تلاد  بس عشان هو عندي طالت اطراف  فهو برده مكاروه من طالت كيس تلاد  يا اما اين وبعدين بي  وبعدين اين  يا اما بي وبعدين اين وبعدين بي  عارف عزيز سندواج  عدنا عرفه حفظ صام  عدى عزيزي سندواجس ديلك  وسبايسي فبي كارر  يا عم تستاني  هي ودى نار القنل العشرين  وزداده امبل فار اسطلت  طبل امبل فار بتادي فرسط اللي بالسيب الخير  كم في قاربه بتادي وشابكه وشاره  طعيف وما يدرشي طالع طيار كبير  بهما زد عدد الالكترات اللي وصلاله  في اللي متر  هو عندي الكترات كتير  بسما يدرشي طالعها  ودى بحل في الكترات كتير  عيسه تخرب من البيز  بسوى بشقدر الخراره  مع سياده كسافه هذه الكترات  بتقدر تطلع هذه الكترات  من البيز لكلكتر  اللي عنده القدره هو كمان انه وصل طيار كبير  ومتالي الكترات اللي دخلت للمتر  قوز الزوائر بالنها بيتسارسد للبيز  وقوز الغبار منها بيروح لكلكت  وهنا عزيز تيك السياعه  الطياره البسيط اللي مشي في البيزده  يقدر يتحكم في طيار كبير اللي ميوصل لكلكت  لان يو يتحكم في الدبلشان ريجان  فكر عزيز الدبلشان ريجان  اللي بينه وبين الامتر  فلما البيز اللي يبقى موقب اكتر  حتى لو بمقدر صوير  هاي سغه الدبلشان ريجان  وهي خليك ميه كبيره من الكترونات  خصطا مع كسابك كبيره  فاتت اللي اكترنت  اللي غامل الامتر اصلا  وذبت الزبت عزيز اللي كان بعمل الامفل فائر بتاعك دي فورس  تغير صغير فاحد الاطراف  بيوعتك لتغير كبير فتاعك فتاعك  دي كانت اشابك عن دي فورست  تعمله  وده اللي البيز والترنزيستر  بيعمل  هاي بحجئولي  لا بحمد الترنزيستر ما بيش اني بيباس  ويتبقى الدبلشان ريجان اللي بين الاني والبي  اللي بين الاني والبي  هي دي الحاجز  اللي تعمل كرن تقوم بتعمل شيء  المشكله عزيزي انه اللي كان اني بيباس  فتح بحناي  ان كل التعيير لبي خوش من الاني  ايما بيت العمي بيي  ايما بيتلاعش  فاتسول  ارنان  دي كان عزيزي عزينا من الانكليفاير  مش عزيين يسفر يواحد  عزينا لعبين السفر ونواحد  عزيين جهاز في النص يتحكم  فادي ايه يحصل كرن  ادي ايه يحصل تيار  واحد يوض بتعنى عزيزي لازم يتحطلوا  طرف تيار  اترفده ميباس هو اللي ميدخه للتيار  اترفده كل مهمه  انه يتحكم في التيار  اتحكم في الكرن  وكده عزيزي يكون عندنا اترنزيستور  اللي هو مكوه من تلتك استلي  كرس تلتين وهو الامتر  والكوليكتر  دول اللي بعملوا طيار  او الكرن تفترنزيست  وطرف النص الهوال بيز  او الهوال بيي  بس وزفت انه يتحكم في الطار المش  وبنفس الفكره عزيزي  الترنزيستور يقدر شيل بتس  البيتس اللي هي ما نمت على شكل وحد او زير  لعينين او حسنه البيز  بتطرف البطاريه السلد  اتبليشه ايشن ايشن هتئا جبير جدا  فتمعي لاتتيار  وكده ترنزيستور يبقى اوف  او شايل زير  اما لو حسنه عزيزي بل كده بتطرف الموجب  اتبليشه نيشن  فتياره مشكده هئا زيست كنا في الحلاء  بكل ده من اضر نستنتين ان تنسيزه بيو ادهي نفسو ازيفت الامبليفار باتادي فرس  باتاق اقال وحق باظغر سواق ان مشتغل كامبليفار يقبر الاشهارات التي دخلال  او كسوطش يفتح ويافي ويدريشي الواحد اوزير  فاستعرف التنسيز تحكم اداء ازيز فالفيت سمائه سمعه واربيين كان كبير  اده قبده الايدكد بس في الخمسينات والسيثينات في نفس الواقى التي الامبليفار الاديم ادهزبعك الكبير  ترنزيستور كان ادوا الضغف وفق 16 و56  حصل براثان وشوكلي واباردين على جايزه نوم الفيزي  عن اخطراهم لترنزيست  واحد اقول لي  طبعا عمي ده والتسامه ترنزيستور  والتسامه عزيست ترنزيستور لان زي ما شفنا كده  هو سعاد بيقوم الطيار  زي البقومات زي يرزيستور  وبعد الطيار فحان تنيه  كانوا بعملها ترنزيستور  فتم تسميتوا ترنزيستور  بعد كده ما يدى العوبا وليلو ترنزيستور  بس عزور نان عزيز  بشي في مديه مبالغه شويه  انان اول على 3 كرستليات  نعموله سنداودش  انها نار قارل العشرين  هل ترنزيستور استحاق قد تبجد كل  لو فاكر عزيز يكون بيوتر الانياء  اللي كان حدواد الاوضه  و كان معمول بالامبلفارزه التقليديه  بتادي فورس تختراعات ترنزيستورس  ادانا القدره  انان خز النفس القدره من المعلومات  فحق معال بكتير  يعني الامبلفار الاديم  الادوز باك كبير  والترنزيستور الادوفه  اللي 2 عزيزي بيشيلو بيت واحده بالمعلومات  بس ترنزيستور بيشيلها في مساحه عالي بكتير  بس خاص ترنزيستور ما وكذلك الحده  في منتصف القرن العشرين  معظهور شركه تكسس  انسرمنز  بعد اتظهر تجميعات من ترنزيستورزدي  على شكل تشيب سيز غير  لو كسارت عزيزي لاعبه  هتلاقي تشيب سيزيدي ما جوده  انه نكنو اتيني من الترنزيستور  تمنخ تراعو سنه 1550  على ايد المهندس المسلم  حامو دعط الله  والكوري  دون كان اسمو المسفه  ودعال لكتير من مشاكل البجيتي  ومن سهعتها باتصنعت الاجزعه للكترونيه  اسه البكتير  ويري عزيزي مدى يخصى البوم في عالم الاكترونيه  ودعت الشركات تتنافس  عالمين هاي من المنتاجات اروج بها  وعلى راسوم شركه عيبيام  اللي فيست التيينات كنت مكتسح سوك  يترنت في عبيه  وسعيتها كنت مكتسرات على الجهه الحكميه  والاسكريه بس  اللي بينها كنت ناسه  واليادر تماع تاول انسان للساكل امان  سنتسح سوتيين  بفاد اللي قدروا بكم بطاط I بيهم  ودقتها في الحسامات  اللي في الاول وفي الاخر  بفاد اللي قدرت اللي تشيبس  اللي الشيء لالاف الترنزيستور  وما العلوقت عزيزي  الترنزيستور سباده يتزهر اكتر وكتر وكتر وكتر  وقدرت الاجهزه  على استيعاب واتحليل البيامات توقب الاركته  وفق الفتصعميه سمع وشعر عين في السام فرانسسك  شبينك يو يو يسمون ستيب جبز وستيب ووزدي  بعوت التميت قطعه من جهازك بيوتر شخصي  اسمه ابل تو  ومنه بدا الشركه ابل  ومعه غرقه الكميوترات من الجهات الحكميه والعسكريه  الى كل البيو  ومدى المستعملها شوات مواتنسيه  محبو سين في معامل  بابي استعمال حقيقي شخصي مش بتخصص  وكل شوات ترنزيسه تزغر اكتر وكتر  لحاده عزيز النهاده مبائد بيوتس بيوتس بيوتر  شوف كل اللي كنم نشح ده  الكترونيات وهول زواء متر زوم مش عين فيه  كل ده بيوتس بيوتس بيوتس بيوت  عزيزي  نهار ده في تخصص كامل في غابه زويل  لانه تكنولوجي  ما بيعمل شخص في حياته مغرنوما بيوتس بيوتس بيوتس بيوتس خامه سين  جمع ترنزيس تربس  لحنا كنت نعني في عزيز الحلقه  دهما جمع لتروخو تدريزواء في كل هذه السيدي  ما تقول الدعاء والدعاء عزيز رح  هولي  العسف المنفسه بيوتنه وبيندك ترزويل كبير شويه  السياحه مش مش بشكارب ري بريك  عشان كتن نهارضه بعددنا الكترونيات ضقيقه جد  ويوم بعد يوم البتينشه الالحقيقي لعزياء الكترونيات بيبان اكتر وكتر  عزيزياء المشاهد احراد الوقت في الفيدي واحد وعشلي  ولكني عزيزي تاسين الوحيد اللي يمكن انساء لتطور التكنولوجيا  اللي حصل لبساء الترنزيس ترب  انه زمان كنت منستنى برميجنه اللي بنحب وعشام في الفتناش  لكن دي الوقت بيننا على طوله دن نشوف الحلات اللي فايتد  مش على طوله او بنشوف الحلات اللي غايه  ونو تربس على مساعده رو لحنا نيتو بنشتركه لقناه  نوضوع سهل ومسيء  يقد يكون اسل من تحن سماله  يالى بتوفيلا احبه بالتلابه  ان شاء الله يجب درجات كويسه بيزن اللي  فتحكر حاله شفه كزه مره  وبس ان شاء الله يجلك سؤل بتاع ترنزيس ترده  دون العين شبتر بالشباتر  ويتحلي كويس بيزن اللي  وما السباح سيبك بيد جريبا اللي حاجه بيزن اللي,,0.0,,,"[0.26811182498931885, 0.6209016442298889, 0.07560834288597107, -0.01563982665538788, -0.3063477575778961, -0.07649529725313187, 0.5869361758232117, 0.07617306709289551, -0.08299857378005981, 0.1541074812412262, -0.010458524338901043, -0.5962497591972351, 0.5282637476921082, -0.10386060923337936, 0.1962704211473465, 0.007242794148623943, 0.050184864550828934, 0.0251825749874115, -0.392371267080307, -0.6536440253257751, -0.37287968397140503, -0.12565894424915314, 0.1944102644920349, -0.19252070784568787, 0.10238146781921387, -0.20020520687103271, 0.17855510115623474, 0.15039680898189545, 0.04111916571855545, 0.8203434944152832, 0.1351119726896286, -0.12514673173427582, 0.41893699765205383, 0.02991306222975254, -0.11774425953626633, 0.38130655884742737, -0.06769181787967682, 0.07050047069787979, -0.12927034497261047, 0.4888289272785187, -0.06091202050447464, -0.0521993562579155, 0.07209775596857071, 0.3426694869995117, -0.11668726056814194, 0.1563708335161209, 0.03409361466765404, -0.07548969984054565, -0.49507543444633484, -0.11270994693040848, -0.03445185720920563, -0.19202762842178345, -0.277373731136322, -0.06771088391542435, 0.17969460785388947, -0.17712122201919556, 0.5841444134712219, 0.04652547463774681, -0.34328314661979675, 0.11896855384111404, 0.14411218464374542, 0.034655727446079254, -0.4375595450401306, 0.09212887287139893, -0.8297755718231201, 0.10994526743888855, 0.3578234910964966, 0.22054645419120789, 0.01891734078526497, -0.2292136400938034, -0.17226950824260712, 0.08934082090854645, -0.20595930516719818, 0.12477823346853256, -0.1283617466688156, -0.3470924496650696, -0.10128509998321533, 0.05509386956691742, 0.0030198334716260433, 0.34306368231773376, 0.3978089988231659, -0.06455046683549881, 0.24968597292900085, -0.35169294476509094, -0.06966304779052734, 0.16156131029129028, 0.026153571903705597, 0.19041241705417633, 0.2176676094532013, 0.12198270857334137, -0.22672627866268158, -0.16188649833202362, 0.037956371903419495, 0.08595830947160721, -0.600265383720398, -0.10107757151126862, -0.28293314576148987, -0.016819443553686142, 0.027558982372283936, 0.29356807470321655, 0.0789356380701065, -0.023356812074780464, 0.07401255518198013, 0.2147577702999115, -0.03401825577020645, 0.317951500415802, -0.11309617757797241, 0.12516681849956512, -0.05598864331841469, 0.10229848325252533, -0.7412983179092407, -0.20911385118961334, 0.015596084296703339, 0.022470548748970032, -0.16330809891223907, 0.18891505897045135, 0.05059743672609329, -0.2266276776790619, -0.20745839178562164, 0.05806431546807289, -0.1752253919839859, -0.05354071035981178, -0.23386022448539734, 0.3152427077293396, 0.2946545481681824, -0.5913463234901428, 0.11044379323720932, 0.21506597101688385, 0.2932768166065216, 0.10391121357679367, 0.09474178403615952, 0.025579700246453285, -0.19585026800632477, 0.3524145781993866, 0.15883582830429077, -0.361667275428772, 0.02584277093410492, 0.09223651885986328, 0.10851147770881653, -0.6749116778373718, -0.07397252321243286, -0.12287798523902893, -0.4030766785144806, -0.1375056952238083, 0.11252716928720474, 0.17560893297195435, -0.3221054971218109, 0.20162656903266907, 0.28049471974372864, -0.14680320024490356, 0.3583486080169678, -0.1686869114637375, -0.045990701764822006, -0.04449906200170517, 0.3386610448360443, 0.2581946849822998, 0.6257309317588806, -0.2687697410583496, 0.24085885286331177, -0.14637592434883118, -0.522489070892334, -0.15727531909942627, -0.3732168972492218, -0.14269201457500458, 0.029051629826426506, 0.31353625655174255, -0.07010283321142197, -0.13707901537418365, -0.32797276973724365, 0.03446365147829056, -0.07563929259777069, 0.07403481006622314, 0.6358399987220764, 0.3169202506542206, -0.030255381017923355, -0.25268441438674927, -0.023225486278533936, -0.4455982446670532, -0.2885282337665558, -0.10218188166618347, -0.05637159198522568, 0.15745232999324799, -0.15817204117774963, -0.11835437268018723, -0.11804895848035812, 0.13623753190040588, -0.1405360847711563, 0.10401847213506699, 0.07704472541809082, -0.24993711709976196, -0.506301760673523, -0.12357351928949356, 0.00484452722594142, -0.6699756979942322, 0.007988885045051575, -0.21800753474235535, 0.02911502495408058, 0.15083198249340057, 0.5724334120750427, 0.17376768589019775, 0.19072076678276062, 0.39255285263061523, -0.14294105768203735, 0.20976823568344116, -0.009077989496290684, 0.10215634107589722, 0.13809362053871155, 0.11505342274904251, -0.2685449719429016, 0.19500085711479187, 0.27262091636657715, 0.0923280268907547, -0.37935352325439453, 0.23663026094436646, 0.0390254445374012, -0.0753685012459755, -0.005429799668490887, 0.47584253549575806, -0.5652419328689575, 0.06283091008663177, 0.16107775270938873, -0.5295643210411072, 0.08956608921289444, -0.28578439354896545, 0.5541961789131165, 0.3800196945667267, -0.46966084837913513, -0.20339283347129822, 0.032426804304122925, 0.020030710846185684, -0.23670488595962524, 0.32534950971603394, -0.33208486437797546, 0.0010503947269171476, 0.16215527057647705, -0.05112050846219063, -0.028633257374167442, 0.017814800143241882, -0.19041571021080017, -0.2124326229095459, 0.5594909191131592, -0.012041432783007622, -0.20906604826450348, 0.16040262579917908, -0.04954919219017029, -0.37197569012641907, -0.3886926472187042, 0.45806220173835754, -0.03852757066488266, 0.3668687045574188, 0.22002080082893372, -0.12120430171489716, 0.240496426820755, 0.15911032259464264, 0.35948842763900757, 0.3876347839832306, -0.5417631268501282, -0.055840544402599335, 0.15690992772579193, -0.4411672055721283, -0.3144809305667877, 0.23651769757270813, -0.2906341552734375, 0.41774970293045044, 0.22989501059055328, 0.11388714611530304, 0.05554874986410141, -0.44333159923553467, 0.20783619582653046, -0.25451239943504333, 0.07542271912097931, 0.036435917019844055, 0.04032294824719429, -0.34814193844795227, 0.28200483322143555, -0.09513425081968307, 0.3238586187362671, 0.04866505414247513, 0.35239702463150024, 0.29215890169143677, -0.19953709840774536, -0.23364166915416718, 0.3231867551803589, -0.39658892154693604, -0.2835977077484131, -0.043476901948451996, 0.6104618310928345, 0.22331003844738007, -0.17908614873886108, 0.15059809386730194, 0.1800955981016159, 0.05926066264510155, 0.5582523345947266, -0.126153364777565, 0.3729243874549866, -0.13210439682006836, -0.0949179157614708, 0.12981025874614716, 0.005377565510571003, 0.3029479384422302, -0.22565186023712158, 0.1259482204914093, 0.040840476751327515, 0.0056637660600245, 0.4505618214607239, 0.06473219394683838, -0.04742306470870972, -0.1666473150253296, 0.22123736143112183, -0.41949906945228577, 0.09222164750099182, -0.2563897967338562, 0.19656610488891602, -0.309116929769516, -0.17785125970840454, 0.5939598679542542, 0.10867080837488174, 0.208888977766037, 0.12975949048995972, -0.5698416233062744, -0.21046501398086548, -0.5401412844657898, -0.21794486045837402, -0.09103839099407196, 0.05940387398004532, 0.23824912309646606, 0.26072046160697937, -0.6390277743339539, 0.09239927679300308, -0.300096333026886, -0.5996339321136475, 0.10562247782945633, -0.371716171503067, -0.1411699801683426, -0.18609291315078735, 0.11418372392654419, -0.03464910760521889, -0.15248090028762817, -0.11909008771181107, 0.10824792087078094, -0.15122635662555695, -0.21073542535305023, -0.2928291857242584, 0.3346799314022064, -0.09206153452396393, 0.1262064129114151, -0.3139871060848236, -0.3739071488380432, -0.0066370535641908646, -0.019440561532974243, 0.3425724506378174, 0.31335899233818054, 0.10988014936447144, -0.15348556637763977, -0.5496799945831299, 0.18057139217853546, 0.09116128832101822, -0.16828131675720215, 0.1707783341407776, 0.08549994975328445, 0.27049314975738525, -0.05936263129115105, 0.18439270555973053, 0.7487825155258179, 0.3276926279067993, -0.21965117752552032, -0.02971498854458332, -0.035068757832050323, -0.03468142822384834, 0.10103297978639603, -0.1488022357225418, 0.14498043060302734, 0.134540393948555, 0.04308615252375603, -0.13234327733516693, 0.13241925835609436, 0.006734631489962339, -0.016787877306342125, -0.10175959765911102, 0.2839011549949646, 0.2798224687576294, -0.27226683497428894, 0.16128548979759216, -0.15819361805915833]","الترانزيستور هو أساس التكنولوجيا الحديثة

قبل الترانزيستور كانت الأجهزة ضخمة جدًا

اختراع الترانزيستور أحدث ثورة تقنية

كلما زاد عدد الترانزيستورات داخل الشريحة الإلكترونية زادت قدرة المعالجة، وده مرتبط بما يُعرف بـ قانون مور.  

العالم الرقمي الحالي قائم على هذا الاختراع
",إيجابي/تعليمي 
WLxWvkR_ecQ,https://youtu.be/WLxWvkR_ecQ?si=NiYO4Xc-JPBJr-TT,لغة الجسد | الدحيح,New Media Academy Life ,1702,20250705,4489857,transcribed, زي مبقول لحد رتك دعي دكتر المريد لهاي السكينة برد فالمشطبيعي أنا عايز افتكر بس أنا منه وبعمل يا هنا ست دعني حولنا رفعنا كاي معلومة من سات ملعنة أنا مش فاكر أي حاجة غير تتردو الشارد تنتنتر لننتر... دجمس رونس طيب سنة واحدك دع مش ممكن مش ممكن فالن والتي لك يا دكتر زي كرتك جسد عندك زي مرد عيالك زي كرت مقاطل هي فيعن مع راتك في استغدام السكينة دي مع رات زابت يعني نجا بس هو فيين نجب كل مسعيد يا دكتر نجا دريا من أي حاجة دولا خفة من الدخان واصر عمل انترنت الارضي وبعلينا انت ناسي نحن لأنا لأبسيس و تسيس و تنقيوه و كان ملتو بعلي بسو بليباني حتى تحوى ريابني حتى تحوى شيفة رغل دائك يدعو دفجامعة سرية من اللهمة بيعيشو في الزل وبيعبود الشروع تفتكر النجدة بحققى العدارة والتي بيصف الناس بدا مبارت علو طيب فنبي المريد فاقد زكر بالفعل طلع نجا صح حضرتك متاكد فنتم طيب تمام شكرا لك اتتلعو اتلعو اتلعو مشكرة صح طلع شيف شيف سيفود و طولي طبوطا ملسود وكتابة ليباني طلع لست متعايد في مطاعة من السوشي اللي على أول الشارع حسنا عايزة قد تحت ماتهم مشارف لي حتى ما خيارة هنا بمأنه هنا متيكين تعشى السشيمي وتتحسب عن العايزي دعني اللي اختراحة لا زي في فاني مشهم فعا سوشي ما اندنش ترياكي عايزة المشكلي الساخة طبعك طوالي ما يكوفي حالق ان جديدة برمجد دحي في سنة 1330 بيوح اطفل حيند ملائسر منها العقلة وبيغماط راص وحينري بيوه بينفض قدومه وبيكملي ومعاده بيحسنا عايزين بعد كم سنة بتبدا تزهر علي نوبتصرع خفيفة ومعلوات النوبات دي حدتها بتزيد بيوصة العجير لعشنات و النوبات دي بتبدا تنعو إنه يمارس حياته بشكل طبيع يغرب أدوية يمين وشمال ما فيش حاجة غال حينري من قدر المعناء بأمستهد يغرب أي حاجة في سنة 1350 حيزور دكتور اسمو اليوم سكوفي هاي قطرح علي إنه محتاجة عمل جرحة هاي خشب مشارتو ويشي الجزة من فصص الدماء لنها منتاس بالحصي اللي هي الحيط وكبس شكل عزيزي إنه دي منتاء عساسية في تكون إزك رايا المهم بيعمل بطلنا هينري العملية والبيلاحظو إنه نوبيت بتبداتين لشكلك بي اللي حالوا جميل يلغي في الحلقة وحمدون اختبى ستنة بتبداتظهار مشكلة عسعب هيني مزكرتو بتطعطل تنامة فاكر كل حاجة عملية لكي بعد العملية ما فيش حاجة بيستقرف موه معتش عادري في تكر الناسي جديد لبيعب لها حتى لو كان بيقبلها كل يو بيخش في محاتسة عادة بس بعد دائي بينسك للعالو هينري عزيزي فقز عقدتو قصيرت المده فقد الفيزا كرتو عندو سهب عشر شنسان وفقد العائش الحدث ننتم إنسان طول الوث ده عزيزي لما كان يبو السلمرية كان بتخض لأنه عقد صورة في الماغو كان وهو شخص شب عندو سهب عشر شنسان حالت انري عزيزي تعتبر واحدة من أهم حالات النورسائن سأريبا ضاقتر إنسان حياتم مدرستو فتايخيع المنفس الحد النهارضة احنا متبزين بمخ لأنه حالتك شفت لنا معلومة سورية زباني عزيزي أحنا كنا فكرين إن الزكرة ليها مكان ويحت في الدمال ولكن بعدما تنمست صلحة ده عنده لحزنا حاجة حريبة جدا إنه بالرغم النوع مع عشي عدري يفتكر حاجات إلا إنه قادر إنه يتحل مهارات زي إي مسلم زي السواء والرس فنت تتكتقوله معلومة تيجد سألو فيها بعدها تلينس يجد تتحل محاجة يعملها بتلئي بتحسن فيها برغم النوع ممكن ملتكرش نوع ملا بلكدة زي متل كتا عزيزي كأنه يجسم بيمتلك زكرة مختلفة عن الزكرة لحن نعرفها كأنه يجسم مخسن زكرة هم نفسي عزيزي بيأسن زكرة للعين زكرة صاريحة حاجة واطحة قادة بنفسكرة بوعي ونقول أنه فكر الحدث الفليم دي بتتخذز في دوار الحصين وبرده فقشت المخلقاني ودي عادة محتاجة اللغة عشان نضرنا سدعيها في نريكول تعالي يا زكرة ده نوع من الزكرة إنه هاتيني من الزكرة هي الزكرة ضمنية ده حاجة مش من ندركة بالحاجة بالنودركة بالأحسيز بردود الفياد ده حيه حيه حالي درسط الزكرة تطور عشان يزهار في أخرى عشين سنة مفون جديد إسم عزة مفون زكرة ألجة سد بيقولك مش بس الدماغ هيل بتخذز زكرة لا ده أجسمك نفسه أدري خزنه ده حي خلال الموضوع أخط بكتير أخط بكتير من أن نشهور لك لما كان بعينه ولقاء أهو هو ده الفيليش ميموري الباحث تومس فوقس السم زكرة تجسد لانوائع أو النوع هو زكرة العايدة الحبيت شوال بدي ميموري إجس بياختها سبعب التكره زي مسل النسواء إلعاس حاجات انتممكن ما تبقاش وعي أوي ونتبتمل ده عزي بنسميها زكرة العظلاء لنزل لسعوين يومين في جمب جسم عزيزي بيضضة الفكرة العايدة حتى لو بعد عنا عسنين فرمسة لم المدبطة العاجل مترجع لو سوولة جسم ان بياخفظ العايدة حتى ومخلت حالته ونتده هو مرض الزائمر ميسة لده ده ده ترتعلمهم مهارات حركية جديدة ممكن ما يفتكروش بس بيكليه مستواتهم تده التحس لو فيد لو تراموش اكلم منتظر كأنه العضرون بتوزه كرة ممتعة تمتش على مناوت الزائقرة الصريحة الممدف الموخ الموضوع عزيزي مش في الحقاتك كويسة بس عكشي في دراصة عملت عالفران الفران لكامت مليانا شوية زمان لم تقدم لون صورات عالية استعاد الوزن عصا بكتير من الفرن العديق من زمت أقول كده الخلاية دهنية محتفظة بزاكرت حالت السمنا الكتم وودة بلكده حتى لو عملنا دائل الخلاية بتفضل فكرة لمودى التحريبا عشر سنين بس درجة كحرة بايتمعتادة اللعظوة عزيزي إني جسمها عورة الفران تصرف كأنه بردان زوج من حرق الدهون استهلاك اللي يقشي جين ضدك محاجة عزيزي السيارقة زيكرة ده مش لازم يوم مغرر المكان وانكي بازمان ولا نفسه لعرف وزاهرة اسبهة الانفرسر ريائكش نتممكن تتعافة من زكرة سياء ولكن مشارة عزيز زكرة الواحشة تيجي تهجمك لما تيجي فاطرة مشابها فبس لن تكون فيه فبس لنحصل لكي حتى في عيد ملادي عيد ملادي اللبادة كده اب أنا حس بطوات وحس بقالة عشان الحدثة اللي حس بحمز زي باللائل المسلدة فقصة حكاها دوكتور بيتر لفي عمينا عزيزي ام تحاقى من الشيط بحناف تقر أن يكون بيطر في الشيطة كل سنة يتحبس في البيت مع عومة تكسك فهنا كل الشيطة بايفتكر الزكرة الواحشة دي والعكس بارد وممكن التباطة قربة يجبية زي نتبس لن بتتفاقل كل سنة في عيد ملادي أو في بداية السنة جديدة لأن الزكرة بتتحبس في الدماء وفي جس كان هذا يضي بنحفظ كل حصم وكل الدلاء المحيطة بي دحصل فيه دحصل إمتة دحصل مع عميين المكان والأصوات الريحة خصوصة لو ذكر سيئة عشاني نبيعك في مستقبل فيه ريحة أو صوت عربية أو مكان زي المستش في مسلنة لاي بيتم استدعاء الإحساسة جسدي بتحزق ردي وحتى زخلت حاتسة أو عتداء مسلنة مش محتاجة في تكرة التريح متاحة لأن الجسم لديما ميفتكر متبسة عزيزي مفون زهكرة الجسد كل حاجة بالمورد بي يدتخز في الجسم و بتتحول إلا زكرة و دممكن تليه على مستال خليفة على في الجهاز المناعي عمد زكرة بيفتكر الجزائعات أو أمكن معيانة بحسنها يضر عدد من استجابته عشاني باقوة أو أضع بنايان على الزكرة اللعامل وبرضب ان شوف زكرة التفاية نشوف مسلن شخص بن حبو فايدة ترغة تجل نزكرة جميلة نحسي بالدفة الجسم يبدأ يحسي بالأمان اعوان نشوف حد من حبوش بنكراه الجسم وتهة يفتال التطوطر والغضب من غير واعي ينهر السوء بحماد نكتفكنا عشاني تخلص من زكرةها محتاجات حتى في نوخي دلوات المحتاجات حتى في نوخي لا يشوف عزيزي دلاء أخبار الوعشة اللي يكسها تفضل وراء وراء كنت تحزيز زكرة الجسد مش محنة إن في زكرة لا تشنون اللي في دل العلم قاطع بيقول اللي في مكان دل في الجس بيخذن زكرة غر المخ وصعب نحن حد ام تبين تهي دور المخفل زكرة وابد يدخول العضلات مصلاف حجز زكرة بس أن أكيد إن الفاس لبين قضور العق و قضور الجسد بحجز عقبة خلين عزيشة بحضوات ورايب لو لن تكون ميفسروا لنعنى الجسد قولا شل المخ الجسد لغضور في العمل ليه الفكري دعني نورجة لو باخرنا عالي بفكر من خلال الجسد لأنه طريق فهمينة للا العالم بتعتامد إزايج جسد مبيتحارك وبيتأصر بالحاجة اللي تحصل في الكوم بتاعك وبلك المخدى امر مشاف العالم امر مليمس العالم فتاي متخلاتك كلها جاي من عضاء برة جاي من العنو والويدن والرغل والإيد والحواس الإدراء بيبدأ من الجسد نفس دمفون عالم النفس والأعصاب الإدراء المتقاسد الى شخص الذي يعانه من ألب مزمن إدراءكم المسافات بحسوات وكل نكى من عرفين ان الاترمات النفسية منك التعصر جس لكن احيانا بيحصل العقس المشكلة نفسية بيبقى آسسها مشكلة جسدية مشكلة في جسد مكة اصلاً مداصة على النفسية فتأصر على إدراءك كل العالم لحالي مثلاً لو عندك قصور في الغضة الدركية دحن بيضهر على هيطة عرضك تأاب وضاف في الزكرة وحاجة جسدية غضة الانامية وناصل في تمانات زيبايتم ويطلب ممكن يضهر في شكلك تأاب أو ارتباك مشكل الألب والأوعية ممكن تخلص حيبة في حالة من الخوف المستمر بمعنى إن الجسد جزء من العاق ولحاق لجزء من الجسد الفرق بينهم داعزيزي مصحة الجسد المشمغرة شاتصة مطع التغار بيسمع اللبتاء لا دقكت في راح جاي بيخذ زن زكرة وكمان وبيستدعية حتى لو كان العالم سيها من روضة عزيزي انتحاس انكلام صاب استيعاب وحسئيل لا بلنى بعورودة انا في عزيزي اللي بقول ده يبن غريب لان المعلمة ده حتى لو بتاع صلفة بتخلف السردل وبوة او السردل العالم بولها في كتابه ديوزر الوجر بيول الكاتب إنها علنى نواعي بيانحذ للنفس وبيخنانا إنهم سايتها إنها وأصد يعمل العمل ده بيسمي روال مأحيانا برهو الداخل بيحكنا السردية اللي بيحبها مش السردية اللي حصل بتمهول وحيد لعنده اكسس الليوغة هو اللي حيده يرفي كل اليد يموت رفش تكال البطن بترفش تكال التحالم بيعرش تكال الغدة ده ركيه وترفش تكال عالم على عصاب الشهيد ميكي الجزانية هيعمل تقارب مهمة على مرض الدمال المقسك اللي مننا عناف اوال حلاتنا على تستقل المولح درجة عزيز الالفليد برين بيشنس سنوشة عددهم معنا مساول عالم اثنوشة اثنوشة مريد بيشنس تفل عالم الناس دي كتخضعت لجراحة فاصد نص المخليمين عن نص المخليمين اتلاقي مسلم لما الدماغ الميين دعم الحاجة معيانا نص الشمال لو مسؤول عن اللغة والتفسرات والمانتك بيخترع مبارررت سريعة لا فعل النص الميين برغب عزيزي نوما كان شاعت تعرفنا بتحصة ده عزيزي يسمي للماء ذئلوجن of agency وحن الفاالية انت خالبا بتعمل أعمال أنت مساير لها ولكن يبخى بارع فإنه الفصر ما تفعله على أنها حرط أراضة تنهار السودة بحب الددتة تدينة في دهة تدينة في دهة في دهة في دهة في دهة في دهة في دهة في دهة في دهة دهة عزي مشكلامي أنا او تلق أوبر معرفة من دوب شخن معلومات وعرى ده عزيزي كلم وده إلا حالات زيال ستبرين بيشنس بتورول ورغب عشوف الحالة حالك عزيزي بتحقى النفس وبتحق علي بيانسة بالفضل النفس ويبرر أفعال مش حاجة تنهى بسد هول بعملة مش مساً إين بتعملها الوحدة هى او الرجلين بتعملها الوحدة لا ضنسل مين بعملها يعني بيفصر حاجات هو مع ملحاش فنفس النخل عافي المتحالد السرس مدى بيقولك أي حاجة عشان يحسسك ويحسس نفسك إننت مدحكي مين بيجل عزيزي إنه جسمك مش بي ملس عزيز تحقكم إنه مبيجي واجه موقف بيواجه الموقف بزاكرت كلها الفعلي شوفا فرنسي نار الوطنتي اقترها إنه هناك طبعطين في جسمين اجسب في اللحظة الحالية والهابد بدي اللي شاء اللي زكر ده عزيزي شاء اللي زكرت كل تعلنها بتقروبها جسمك عزيزي مش باسي لتفاع المعلوم فحلت اللحظية ده شاء اللي طبعه عبق من الزكرة والعاداء لاني من الزبال وكتلوق انه جاء مش باسي في مع المتلوعة يعني أنا لو وجه لقترد الوائطي ماحتك صرف الوائطي مش الساة هادا باعت للمخو الفرنة القرطيك ستفاكر ونرى جايبني شوف ملفت الزكرة في الهبو كنبس لا أرغب جع مش عرفت لحبطنا في الفريران القرطيك مش مش قلندا مش وقندا ننجو الزكرة والوعيه هي معرفة الكزة وكزة نوين جذات لكن الزكرة الغسدية أو الدمنية نوين جهة و الزيه نعش في العالم كلنا عزيز اخدك رفحت مخيفة شوي ايه ليحصل لو الزكرة اللي خزنا جسم دي الزكرة مخيفة شاء اللحظية قد أتل بكتن ملحظة للحاضر اللي بتعمل معها يعني مسلل الموخل ماذا بفكر الزكرة دي ويتصرع طفيا وعمل كلنا زكرة عندنة فرب لكن الزكرة دائع عزيزي قد دملك الممسلة البرطانية أنتوني برنات تعزيزي ممسلة نكحة وشاهية وزارت عجتنا شورة زي دونتون أبي ولكن ورن نجاح بكولنا تفولة مرعبة تفلا كنبوها بيضربها كل يو لدرجت نام كتر ضرب في الاشتعف طعق كل الأطفال بتخف من البواب أو الخوش الخيالية خوف البنت دي في صورها كنبوها يتلاة من كتر ضرب أنتوني بتكلم ناحاول التتعافة كل حياتها من الدرب لكمبيع صلى الله عليه وسلم وذا خد عزيزي لأنوها تانية من زكرت الجسد نوع زيزي زكرة اطقى مصيئ نحن بنتشرب سلوك الأخرين ونزارتهم ونمن بها أنت حركية تعبرية يعني بنحسك ده بالحيالة بنشوف العنين بنبدأ جسمنا ياامل ردفعا نمت معيان شكل معيان مشكلة تحصل إن أن المضي يمكن تكامل معنا بيضحياتة خوصوصا لو حصل الكلمدة في فطرة التكوين مهمة جدا من أشخاص مهمة جدا مثل الأبول أم أو العيالة وند أن توني عزيزي كمفلح زي دربها في تصلاح صى ينهاروا عايب ويقول له نبيعمل كلا شمي حبها ده خلع عزيزي أن توني عدادة صور غريب تصور مشاوة يعني حب هتحب العنم جسدية من عشان تعمل أصدقاف المدرسة كببتروح تعمل لون حركة في دراهم اسمت شايبيز بانز حركة مزيجدة لأنها بصاطة يتعلمت من أبوها إن الحب يوسيويل أزة يبه ذاكل زيبي بينوكة ممن الزكرة اسمو أزكرة التفاعولي دي خبرت فعلي حصلت يدبنت عن طريق التفاعول بتاعنا مع الناس خصوصا في الفترة تعتقدت تفول وديبت أصر على شخصيطنا ويسلوبنا في تكون العلقات وبتظهر على جسمنا وتصر رفطنا في المواقف الإجتمعية لما سنعزيز تفلت ربط في بتعنيف لم يجبر ويخش أي نقش حاية حتى لو مكتش هذا ما قشعنيف جسمه بتخش بويده بتاعرا وينو بتطرب من نظراء انتونيه بتتكلمه بتقول إن شخصيطة وتفاعولتها فتفلتها يتكونوني بالكامل من إيزاء أبوها الجسدي أو بتعبيرها إن تفلو أتابيكون ذاوكي مبادمت أفضاء بيوز صفل بيتجست في العنف والانتهي درد عزيزنا وهي عدع عشر سنين يتشخصت في الادي اتشدي لأنها بتولل الوقت كتازة طرق بالحركة تلوقع يحسن هم احتاجة تبقى أوي راني نظر أبوها في مخيلتها من العنف ده تلوقت حسنه بترده فجسمه بشكل لا يراضي عيست حارة مش عيز جوات ساكت مش آدري عيسي بالأمان نوع الخامس بقى بالزاكره قسدية مده المفضل للانترنت اترومة او الصد من نفسية طبيب الآصاب السوисري اذ ورد كابلة كم مش تغل مع مريدت فخداً زاكر واحدة مش فكرة اي حاجة بتحسل الله فيما عزيزي هو بيسلل معليها كان مخبدا بصار في يدفك الحركة المعفينة ده وليضة لمجد سلمة يتواجعت و سحابة إذا بصورع كبعة ده الهازات نيسي تلحصلت نعمم تن يوم لما جيحة و يسلل معليها رفض التميد ده ده ورد لنا حسن مش عزة سلم بس مش عرفة ري مفرم زاكرت الجسداء عزيزي بيساعدنا النان فهم احدة أعنف الاطربات النفسية اتطراب ما بعد الصبب الفيتي ازدي ببساطة في زكرة مؤلمة احنا مش عرفين نحتويها مش عرفين نساعد طرعليها مش عرفين نتخطاه حتى لو علنا ناس الحرس فالجيس بيفضاً وحتفز بي بدون انصادة السكر دي ممكن تقتاح ميومة بسور زهنية أو بساط مفاجة أو بطوزها في شخل كوبيس أو أعراد زيديت نفس بعد عزيزي سينين من محولات عالق ده حالة الصدمات الى علاقة طرعات الترومة تتخزي وتستحاد بشكل مختلف تماماً عن باء الزكرة الترومة تجربة بتفضل آع ده مع الشيشة في الدمال في جيس وجيس من الأسف بيفتكرة بها تبارة حدس مستمير على حسب الأبحاس فحتى لو علنا مش فكري الترومة هي تضل متخزينة في جسمينة محبوسة موانة فنتممكن فالعليزي شخصة بيباشة عن دواعي ان هو طعرة بلعن في معاي أو لنتهاج معايين بس السجاس مو بس عيشة لس فكرة وشانكرة في الجمال عمريكال عالم النفس بتعرف الترومة انها أي تقروب بتتسبب في خوف شديد أو مشاهر قوية كيف انها تعمل تاسيخ سالبي طويل المده و ده ممكن يحصل بسها بحدس واحد عنه في قوي أو حدس متكرر أو حدس ما يشي بهدو فمحنا طويل مستمرة ممكن كمان حاجات زي غياب الولدين إن الولدين موجودين في حياتك ولكن نوم خيبين عن احتياجاتة غيبين عن الهتمنبي مشكلة عجيز بتبدا في تخزين الزكرة في ساحة أو أنه بتسل الطرومة الدماغ بتوضرك إنه دا تحديد لو جودة جسد لنفي هند دماغ بتلغي الوعية تماما ركلا انت على جب الوعية إيه اعمل بهم مؤيضة جسم بيموته استاز صعر لثن فكر ونتأمل ونحل بيبدأ إفدهاز العاصب اللي اراضي واللكفقين باكلانتة أنا خوشة اشتغل يبدأ هو اشتغل يدوخك ادرن لمي حفز العضلات ويزاوذ كرتزولة عشاني يرفع السقفة تباقوة دي استغابة القتال أو الهروب الفائر فلايط وديه عزيز بتخلنف أو ايهات معيانة اتحو الى صور غيرز سنوطة من ضم عربية أو تهرب من خطر بيحسل بصورع أو تام الرفلكس سريع انت نفسك متبعش عرفة وبيحسل لي وحن عزيلا عكس تماما وفي شعالة تعيبه جسمك تخشب متدنش لا تكلم ولا تحارك جسمك تحسن هو متخضة دبي حسن بصورة ستحارش والاختصاب دي استغابة غيريزية اسمها اتتونيك إموبيليتي حن ليه بعد الحنظة تخشالة لم تحسن التحديد حسن بخطر طبعا عزيزي مشاكل ترومة بتحسلنا بتتسبب في PTSD سنوضوع باختلف من شخص ومن حادس لتين مثل انتونيك طريقها في تعامل معت ترومة بتاعت بوها انها طورت اي تن بصورت مشاكل في الكلس تمارت معها لسنين كتعويد عن قاعة للحب اللي ما خدجه من لبوها من العامل المتأصر في خوديو سبتيك إزدي انه جسمهة الصدمة بيحتاج ينهي استغابته هاي زيجري يا رب روضو دي الفيالة دي لو ما قمع اتش خليلا نجس بيتها فمصد لكي المشكلة بتحسل عزيزي وعزيز تبقى لكي باتنا روضو دي فيالة دي مثلا ضحيال حوادس اللي بياتم نتقيد حركت أو في بعض الأحيان تنعي لحسب كلمة راجل لكياتم اعطاءهم مهدئات هنا على حسب كلمة كتام أنا توقتكم عرف زمال تلك التطور اللي ما تصرفش بيبدأ يطرقم في الجيس ويتحو المعلوات الالام عضالي وعاراد جسدي ويتخزن في جاز العصبي كتاقى غير من تهي وفضل حبيب جاز العصبي معلق الله سديه حق دمتوز بحق جزء من زكرت الجازد حيفضل هناءك تهديد ممتن لم ينتهي محصل لوش روزلوشة محصلوش كلوجر فجس بيفضل دي من في حال التأهم يقاز مفروطة مع عاطة الطروالة جس ممستاني أي حقا عشة تحصل خطبا لك عزيزي تغزي نزكرة ما بياديش على العال الوائع تريبا يعني عام في كتام دبادي كيبس تسكور مالف عاماً ضراصة برنيم المعمطيسي الأمر أي عشاني رائع بنشاط الدماغ لماردة الفتيسدي يشوف مخوم وهم بيرجاء زورو زكراتهم الصادمة المؤلمة واتاع عزيزي لاحق غريب إذ مناطة إذ منودة في الدماغ إذ لم يسؤول عن اللغة والتفكير المنتقى نشاطها ويف وهم بيستردعو زكرات الوحش دي بايمكن لايمكن لايمكن واتحصل الطرومة بيحصل فرق بينك وبين حواسك ممكن يبطلع بشكل حجة عزيزي اسناع الفيري التروماتيك بسوصيشان الامفصال اسناع الصادمة داع عزيزي بيمنع دم جزكرات في الزكر الصريحة الزكرة المدرز بتحبها ديو أسلل نفسية تبعى عزيز الزكرة المقبضة عن وعيك ولكن لو يستيش الوعي أنا مسكاب بعبوبة بيسمك عزيزي الاسفة احتفص بها بشكل الظائن سبطس نوع طعمية تبدأ العزيزي الزكرة قسدية تزهر كفلاش باكس أو زكرات من جزاء مش أبداً حكاة كاملة واتصطمة أنت محطشة لنسل العائل الواعي اللي بحلوا بفكر انت بايد جسد بحل النجاة انت دوسط على زل البقاء فكل حاجة أفالت سرفايف المون عزيزي قلمة دكتورة جانينا في شر احنا فمن فتكرش الترومة بمناتة الزكرة الصردية اللي موجودة في جزء اللي فدمرنا الشمال إنها ما اللي بفتكرها هو جسد الزكرة المؤلمة زمت أوركة عزيزة تتشفر كحالة جسدية عاطفية مش كحدوة مش كستوري ودامداً لأنه غريزيًا آمن لينة مشكلة كمانة عزيزي فزكرة جسدية إنها مش مش شهاة بالتسلسة للزماني بتاع العائل الواعي اللي مسألهم حلص معان حسن من سنة تلاتة فزروف معايانا اللي حنفيد الواتي لحاجة مختلفة لا إحنا نزاي ما أقولنا طبع موجودة طول الوقت طبعي تقلع عاادة هابد بادي شنكد أن تنع تكلم أور باللربعين سنة عن زكرات حصالت الله فزو عامل سنة تين وهي لسلحة اللي أتفكرها ودائع عزيزي وصنة لحاجة مؤمن مجدًا جداً موجودة كتير على تويتر الحاجات الترغرين ده بيبقى محافز مرتابد بالحادة الصادم يددنا ردف على غريزي ده حاجة بتصحة الزكرة جسدية حتى لو بتال مصنف في سيخ مختلف لأنه زكرات جسدية مش بياتم استعدتها على أدما بياتم تحفظها ترغرين زمال تلك عزيزي الأراضي بتبان في الجس ممكن تبان فطريت عادتها فطريت تنفوسة فطريت نومة مثل لو واحد أبوعة صحابة طول الوقت هي تعلنه هو نفسه يدد بضغطه يخبيه هي تكاية مع يوضع وهي حاول لبيرغبت اللحالي مهماً كانت صعبة ومهماً كانت مش معقول لي لنخيف حتى لو يمكن مسان يبقى عاد بشكل استف بطريقة جمدة ممكن معنده مقومة جسدية إنه يجري أو يروس أو يتحرق بسلاسة كأنه جسمه خيف من حيويد كده عزيز اند اللواتي حيث ننا أفلتفه الشك ونتول بتعزها كرد جسمة جدا وبروها ونتولم بتولم ناية طفل طبيعي ناة كتحس نا بارس جايز لنها فواتها كبتاخض ضربة بوها من غير مايب عندها أي احساس إنها تقضر تقوم ونفاش على حسب تفكيرها وتربيتها وقضرتها الجسمانية إنها تردب أي شكل من أشكاء أو تنع العنف ده أي شكل من الأشكاء جسمها بس بيسهجي البزاكرة كل شيء ولكن بتعبيرها حاجة وحتبس التطغير إنه جزي مقدركت الألم وفي ذلك الجسمك فكره من تفلطك بتدفت تدرك إن تعافي منه مسؤولي تكنت ومفاجعنا إنه زاكرة تجسد نفسها تبقى أئا والطريق التعافي وعلى المعالج هنا مع أجبع تمت بس على الحكاية التي تحكيها لكن بيراك تزمع جسم المريض يشوف الجسم الزي بيحكي الحاجة اللمر بيه هذا المريض بعد ناس عزي مساعدها ايدي اجدي مش فكر الترومة اللحصة لها وده من أحد الأسباب اللي خلين والنهم عندهم ايدي اجدي في كتاب بدير ممبرس بيون ان الترومة حتى لو مساعد بيتش ألم جسد يمباشر بتحيبس في جس فتخلى التراب في وضعي في الأعضاء ده ممكن مساً يظهر في الارخب صورع أو الطوات وصولو بتنوه وتركيز فبالتالي على جسد ما لازم يتجاوز على العلاق النافس التقليد زي مساعداً إلى العلاق السلوق المعرفة السيبتي أكوغنيت بهي برثرة في الحرات يعزيزي الثرة بيساعدك بيبع عينك بيساعدك تلاح استخد بلك من أفكارك وثلوقك لما جسدك بيستعيد الصدمة بيشوف الرواية لنتفتحكي عن نفسك ويشوف الزيب تصف طريق تفكير ومن ده يقدريسادك في تغير صياغة أفكارك بيحديزي أحام بتسنب بالعلاق التنازولي من فوق لتحت بتعالج المغط عن طريق أفكار وتعمل إنه صلى الله بأي جس مهم من أنت تتكلم وتربط مشارك المؤلمة بالأحداث والشل الحاصل ويستقرر في زهنك أنت شخص بتألم ومحتاج يعتني بجروح تبروسيس هذه الترومة وتحطها في صيقى الزماني وبانا يدي حاجة حاصلت في الماضي وانتدلواتي في الحاضر في مستقبل باعجيزي تكلي وبعد الأحيان ممكن ينجى ولكن فتكري أعجيزي حالت ترومة زي ما كلام أحيانا بيبقصا بتفعيل العقل المنتقل وجث من نفسه في مشكلة هنا بيجدور إليه جسد من تحت لفوء الأهراض الجسدية للترومة فراء الدكتور منذ ركول ممكن تبعد للتعافة إلى لاجك جسد بيودرك تأسير الصد مع جس أول حاجة التحسل هو نحن نحاول النسامي نحطل لغة على اللي بيحصل في جسمن حالفت عطوة فعضلاتك أو فباطنك أو حاجة بفراء جوك كما نحاول النسامي الأحيس السعيدة أو المريحة زي النعضراتي من التاحة أو سيدري مفتوه بيدر رب قشرت الفسي الجبه المنتقل إنها تتواصل مع جسد متدريجي ودى بيحصل العزيزي مش مرة ومرتين دى بيحصل على مضر شهور من العلاق بنيدري في السيب نوعه نوعه أول دعيك تفنى الزيب نتنفس أيه اللي بنحسل لما حدث بنحبه المستنة فعام قموخين في منتقص غير اسمها الانسيولر كورتكس ودى عزيزي بعد الناس بيشوف إنها المفتاح الزابي لفهم العلاقى بين المخ وجسد الجسد المشاع لأن لها وضفتنا السيطين الوهي جسد اللي بيحصل بوهي وطنظيم المشاع فدراصف نجال الجورنة الوفكمبرتب نيورولجي إن ربط بين اللي شارت اللي جايب نجيس والوائعي اللي نزل من المخ من نظم المشاعر وستجايب تجيس عين جسد مكهب هايزي فرر المشاعر سيب يتلاحة تنهيدة نفس عميق راشة الدموعة سيب عادي لو هايزيز نجيس مكهايزت حرى بشكل معايين أو يدرد فعال هايو التامل الحركة بمطوء ووائع قد اختور بترليبين بيهات أمر با بيستك مل استجايبت النجاه لتحاليك تجيس لان الصدمة زي ما اقول لان هي استجايبت النجاه لان تكتمل يمكن تفرغ المشاعر دي بشكل رام زي ما سنة ممكن تكتب رسالة وتطع عدد اختور أدخطور من رجول بتاعك كتاب دعب بدي كيف ستسكور فتح مركز علاج لن ناس اللي في الداد حياتها ما تشلوش أو تلاب معهم بالتريع اللي بحتاجها يطفل عشان يحلس بيلا أمان في جسم مركز اللي اللاجدة كان كانه ملعب كبير مراجية ماذا بحقور العاق تحسنا تفولي الهدف منها إن الشخص يستعيد لغط التواصل الثاني مع جسم نلنت رومة بالإهمال والإساءة بتخل الإنسان ينسحب من جسم بيمتلك جسمة ولكنه مشاش جواء بيحسوا بحسم مش مريح لوحد لما سهم أو شافنا في سوم بتحركوا فيدي يمكن برماقوا إنها عكسدهم نفسها أكسد من فرق إلى العمل حركاتي ما حاجد زي المسجل علاجي بيساعدهم يعيدوا بناء سقطهم تاني فأكسدهم الجسم بيمر بتغارض دتناقض مع اللي الترومة بتلهول كمان يتمري الرضية ومكن دساعد جداً على العلاق اليوغة والمدتيشة بيسادوا في تحفيف الأعراض لأنها بتجمع بن الحركة السهلة والتنفس العميق اللي بينشت الجهاز العصبي الفرس مفاو اللي بيوم عامع عكسلاء في وضعات الفائطة الفليدي انت مش فخاطر اهدا من لو ان شطع زي الصلاة بتقالل من هزي الأعراض لأنها بتخلا برضه حالة من التأام والسخة بالقضفة طبعًا إلى الجانب الرواحاني والإناني اللي فيها و لو جسمك رجع لذكرة تروماتك في الماضي حتى سادك تمريين زيج جراند دل مشيء ملمس واضح أو تشم مريح معيان الدماغ حتى تركز على إشهارات الحسي جديدة اللي تقدر تربطك بالحاضر اللي انت فيه للواتي و الثاني مثلا زي الماشي الواعي تمشب بوت وتركز في كل خطوة و دبي سادك تنظم يحزك العاصم كمان التعبير الفان زي الرسم أو الكتابة لأن الفان بيفاع الناس المخلمين اللي بيقدر يخزن الصور والزاكر الحسيجة فالفاني بيقدر يخرج المشاعر اللي متخزنا في الجسة من غير اللغة ويرجع شف حالة كرفاجه فنا عزيزي زاكرت الجسة بتقول لنا إمجس بيحمي نفسه بحمي تربعور أنا مشها غامر و نحفظ في المنطقة المعتاعدة أنا عايز أنجو الحن ده ممكن يبقى خبر سيدي لأنه معناء النجوة جسمينة يمكن يدج بارة الطار الجسمينة يحصارها عشني سهالة علينا ويمكن ده اللي حن نحتاجين النحن نطعاطف مع نفسينة و مع جسمينة و ندههم الواقع و التفاهم المحتاجين البيوتوه بياخدوا الجسم بيفضا مكامل بالنموزج لعرف عن العالم و بتصرف على اساس و تول محنة و تصنش النموزج ده و بالتالي لازم نحدي سهز النموزج و ندميجو مع الواقع اللي حنة آميين فيه لأنه ده غالة غالة النحنة جسمينة بيفضصرف على اساس النهنكك و في الحيين فيه ليس عزيزي إذا أكسن حية بتدغاية رو بتتعالل مع مروز زمن دخاية الجسمة كأنه حق العش بجمبي بيتك كل ما تتمشي في هذا الحق بيبدأ إيظهر مصر ممهد من كتر المشعلي فبتدام مع الواقع في استخدام المصردة لأنه الاسهل والأصفة والتعوية التعلي و كل ما تمشي فيه عكتر بتزيد ملائم حز الطريق و دوه و سبات دي بالصابت عزيزي زاكلت الجسم ما تكرار بيتشكل الطريق الاسهل جوانة صحيح إنها المصربة أواضح وبينة متعودين علي ولكن تمام ناش إن المصردة ومكن انظرائيه لو مشينا ببطه عكتر وتأمنوا الأكتر وفعليه عكتر نحاموا للنحن نستكشف ايطروا الجديدة اللي نقدر نحس بيها بالانان جوه جسمين و لبعتبرها دوكتور بانكو أهم ملحظة لايه شخص مربة رومة اللحظة اللي الجسد بيوصل فيها اللي أمان دي بتبقى لحصة ننصوة بيشي لأنه جسمين ناسي اللي مربي ولكن لنناع اللي نناع زي تعمل مع توقع لزاكرة بتاكي بسك دازيزي خيرا على الساخلة بسك دازيزي,زي مبقول لحد رتك دعي دكتر المريد لهاي السكينه برد فالمشطبيعي انا عايز افتكر بس انا منه وبعمل يا هنا ست دعني حولنا رفعنا كاي معلومه من سات ملعنه انا مش فاكر اي حاجه غير تتردو الشارد تنتنتر لننتر دجمس رونس طيب سنه واحدك دع مش ممكن مش ممكن فالن والتي لك يا دكتر زي كرتك جسد عندك زي مرد عيالك زي كرت مقاطل هي فيعن مع راتك في استغدام السكينه دي مع رات زابت يعني نجا بس هو فيين نجب كل مسعيد يا دكتر نجا دريا من اي حاجه دولا خفه من الدخان واصر عمل انترنت الارضي وبعلينا انت ناسي نحن لانا لابسيس و تسيس و تنقيوه و كان ملتو بعلي بسو بليباني حتى تحوى ريابني حتى تحوى شيفه رغل دائك يدعو دفجامعه سريه من اللهمه بيعيشو في الزل وبيعبود الشروع تفتكر النجده بحققى العداره والتي بيصف الناس بدا مبارت علو طيب فنبي المريد فاقد زكر بالفعل طلع نجا صح حضرتك متاكد فنتم طيب تمام شكرا لك اتتلعو اتلعو اتلعو مشكره صح طلع شيف شيف سيفود و طولي طبوطا ملسود وكتابه ليباني طلع لست متعايد في مطاعه من السوشي اللي على اول الشارع حسنا عايزه قد تحت ماتهم مشارف لي حتى ما خياره هنا بمانه هنا متيكين تعشى السشيمي وتتحسب عن العايزي دعني اللي اختراحه لا زي في فاني مشهم فعا سوشي ما اندنش ترياكي عايزه المشكلي الساخه طبعك طوالي ما يكوفي حالق ان جديده برمجد دحي في سنه 1330 بيوح اطفل حيند ملائسر منها العقله وبيغماط راص وحينري بيوه بينفض قدومه وبيكملي ومعاده بيحسنا عايزين بعد كم سنه بتبدا تزهر علي نوبتصرع خفيفه ومعلوات النوبات دي حدتها بتزيد بيوصه العجير لعشنات و النوبات دي بتبدا تنعو انه يمارس حياته بشكل طبيع يغرب ادويه يمين وشمال ما فيش حاجه غال حينري من قدر المعناء بامستهد يغرب اي حاجه في سنه 1350 حيزور دكتور اسمو اليوم سكوفي هاي قطرح علي انه محتاجه عمل جرحه هاي خشب مشارتو ويشي الجزه من فصص الدماء لنها منتاس بالحصي اللي هي الحيط وكبس شكل عزيزي انه دي منتاء عساسيه في تكون ازك رايا المهم بيعمل بطلنا هينري العمليه والبيلاحظو انه نوبيت بتبداتين لشكلك بي اللي حالوا جميل يلغي في الحلقه وحمدون اختبى ستنه بتبداتظهار مشكله عسعب هيني مزكرتو بتطعطل تنامه فاكر كل حاجه عمليه لكي بعد العمليه ما فيش حاجه بيستقرف موه معتش عادري في تكر الناسي جديد لبيعب لها حتى لو كان بيقبلها كل يو بيخش في محاتسه عاده بس بعد دائي بينسك للعالو هينري عزيزي فقز عقدتو قصيرت المده فقد الفيزا كرتو عندو سهب عشر شنسان وفقد العائش الحدث ننتم انسان طول الوث ده عزيزي لما كان يبو السلمريه كان بتخض لانه عقد صوره في الماغو كان وهو شخص شب عندو سهب عشر شنسان حالت انري عزيزي تعتبر واحده من اهم حالات النورسائن ساريبا ضاقتر انسان حياتم مدرستو فتايخيع المنفس الحد النهارضه احنا متبزين بمخ لانه حالتك شفت لنا معلومه سوريه زباني عزيزي احنا كنا فكرين ان الزكره ليها مكان ويحت في الدمال ولكن بعدما تنمست صلحه ده عنده لحزنا حاجه حريبه جدا انه بالرغم النوع مع عشي عدري يفتكر حاجات الا انه قادر انه يتحل مهارات زي اي مسلم زي السواء والرس فنت تتكتقوله معلومه تيجد سالو فيها بعدها تلينس يجد تتحل محاجه يعملها بتلئي بتحسن فيها برغم النوع ممكن ملتكرش نوع ملا بلكده زي متل كتا عزيزي كانه يجسم بيمتلك زكره مختلفه عن الزكره لحن نعرفها كانه يجسم مخسن زكره هم نفسي عزيزي بياسن زكره للعين زكره صاريحه حاجه واطحه قاده بنفسكره بوعي ونقول انه فكر الحدث الفليم دي بتتخذز في دوار الحصين وبرده فقشت المخلقاني ودي عاده محتاجه اللغه عشان نضرنا سدعيها في نريكول تعالي يا زكره ده نوع من الزكره انه هاتيني من الزكره هي الزكره ضمنيه ده حاجه مش من ندركه بالحاجه بالنودركه بالاحسيز بردود الفياد ده حيه حيه حالي درسط الزكره تطور عشان يزهار في اخرى عشين سنه مفون جديد اسم عزه مفون زكره الجه سد بيقولك مش بس الدماغ هيل بتخذز زكره لا ده اجسمك نفسه ادري خزنه ده حي خلال الموضوع اخط بكتير اخط بكتير من ان نشهور لك لما كان بعينه ولقاء اهو هو ده الفيليش ميموري الباحث تومس فوقس السم زكره تجسد لانوائع او النوع هو زكره العايده الحبيت شوال بدي ميموري اجس بياختها سبعب التكره زي مسل النسواء العاس حاجات انتممكن ما تبقاش وعي اوي ونتبتمل ده عزي بنسميها زكره العظلاء لنزل لسعوين يومين في جمب جسم عزيزي بيضضه الفكره العايده حتى لو بعد عنا عسنين فرمسه لم المدبطه العاجل مترجع لو سووله جسم ان بياخفظ العايده حتى ومخلت حالته ونتده هو مرض الزائمر ميسه لده ده ده ترتعلمهم مهارات حركيه جديده ممكن ما يفتكروش بس بيكليه مستواتهم تده التحس لو فيد لو تراموش اكلم منتظر كانه العضرون بتوزه كره ممتعه تمتش على مناوت الزائقره الصريحه الممدف الموخ الموضوع عزيزي مش في الحقاتك كويسه بس عكشي في دراصه عملت عالفران الفران لكامت مليانا شويه زمان لم تقدم لون صورات عاليه استعاد الوزن عصا بكتير من الفرن العديق من زمت اقول كده الخلايه دهنيه محتفظه بزاكرت حالت السمنا الكتم ووده بلكده حتى لو عملنا دائل الخلايه بتفضل فكره لمودى التحريبا عشر سنين بس درجه كحره بايتمعتاده اللعظوه عزيزي اني جسمها عوره الفران تصرف كانه بردان زوج من حرق الدهون استهلاك اللي يقشي جين ضدك محاجه عزيزي السيارقه زيكره ده مش لازم يوم مغرر المكان وانكي بازمان ولا نفسه لعرف وزاهره اسبهه الانفرسر ريائكش نتممكن تتعافه من زكره سياء ولكن مشاره عزيز زكره الواحشه تيجي تهجمك لما تيجي فاطره مشابها فبس لن تكون فيه فبس لنحصل لكي حتى في عيد ملادي عيد ملادي اللباده كده اب انا حس بطوات وحس بقاله عشان الحدثه اللي حس بحمز زي باللائل المسلده فقصه حكاها دوكتور بيتر لفي عمينا عزيزي ام تحاقى من الشيط بحناف تقر ان يكون بيطر في الشيطه كل سنه يتحبس في البيت مع عومه تكسك فهنا كل الشيطه بايفتكر الزكره الواحشه دي والعكس بارد وممكن التباطه قربه يجبيه زي نتبس لن بتتفاقل كل سنه في عيد ملادي او في بدايه السنه جديده لان الزكره بتتحبس في الدماء وفي جس كان هذا يضي بنحفظ كل حصم وكل الدلاء المحيطه بي دحصل فيه دحصل امته دحصل مع عميين المكان والاصوات الريحه خصوصه لو ذكر سيئه عشاني نبيعك في مستقبل فيه ريحه او صوت عربيه او مكان زي المستش في مسلنه لاي بيتم استدعاء الاحساسه جسدي بتحزق ردي وحتى زخلت حاتسه او عتداء مسلنه مش محتاجه في تكره التريح متاحه لان الجسم لديما ميفتكر متبسه عزيزي مفون زهكره الجسد كل حاجه بالمورد بي يدتخز في الجسم و بتتحول الا زكره و دممكن تليه على مستال خليفه على في الجهاز المناعي عمد زكره بيفتكر الجزائعات او امكن معيانه بحسنها يضر عدد من استجابته عشاني باقوه او اضع بنايان على الزكره اللعامل وبرضب ان شوف زكره التفايه نشوف مسلن شخص بن حبو فايده ترغه تجل نزكره جميله نحسي بالدفه الجسم يبدا يحسي بالامان اعوان نشوف حد من حبوش بنكراه الجسم وتهه يفتال التطوطر والغضب من غير واعي ينهر السوء بحماد نكتفكنا عشاني تخلص من زكرهها محتاجات حتى في نوخي دلوات المحتاجات حتى في نوخي لا يشوف عزيزي دلاء اخبار الوعشه اللي يكسها تفضل وراء وراء كنت تحزيز زكره الجسد مش محنه ان في زكره لا تشنون اللي في دل العلم قاطع بيقول اللي في مكان دل في الجس بيخذن زكره غر المخ وصعب نحن حد ام تبين تهي دور المخفل زكره وابد يدخول العضلات مصلاف حجز زكره بس ان اكيد ان الفاس لبين قضور العق و قضور الجسد بحجز عقبه خلين عزيشه بحضوات ورايب لو لن تكون ميفسروا لنعنى الجسد قولا شل المخ الجسد لغضور في العمل ليه الفكري دعني نورجه لو باخرنا عالي بفكر من خلال الجسد لانه طريق فهمينه للا العالم بتعتامد ازايج جسد مبيتحارك وبيتاصر بالحاجه اللي تحصل في الكوم بتاعك وبلك المخدى امر مشاف العالم امر مليمس العالم فتاي متخلاتك كلها جاي من عضاء بره جاي من العنو والويدن والرغل والايد والحواس الادراء بيبدا من الجسد نفس دمفون عالم النفس والاعصاب الادراء المتقاسد الى شخص الذي يعانه من الب مزمن ادراءكم المسافات بحسوات وكل نكى من عرفين ان الاترمات النفسيه منك التعصر جس لكن احيانا بيحصل العقس المشكله نفسيه بيبقى اسسها مشكله جسديه مشكله في جسد مكه اصلا مداصه على النفسيه فتاصر على ادراءك كل العالم لحالي مثلا لو عندك قصور في الغضه الدركيه دحن بيضهر على هيطه عرضك تااب وضاف في الزكره وحاجه جسديه غضه الاناميه وناصل في تمانات زيبايتم ويطلب ممكن يضهر في شكلك تااب او ارتباك مشكل الالب والاوعيه ممكن تخلص حيبه في حاله من الخوف المستمر بمعنى ان الجسد جزء من العاق ولحاق لجزء من الجسد الفرق بينهم داعزيزي مصحه الجسد المشمغره شاتصه مطع التغار بيسمع اللبتاء لا دقكت في راح جاي بيخذ زن زكره وكمان وبيستدعيه حتى لو كان العالم سيها من روضه عزيزي انتحاس انكلام صاب استيعاب وحسئيل لا بلنى بعوروده انا في عزيزي اللي بقول ده يبن غريب لان المعلمه ده حتى لو بتاع صلفه بتخلف السردل وبوه او السردل العالم بولها في كتابه ديوزر الوجر بيول الكاتب انها علنى نواعي بيانحذ للنفس وبيخنانا انهم سايتها انها واصد يعمل العمل ده بيسمي روال ماحيانا برهو الداخل بيحكنا السرديه اللي بيحبها مش السرديه اللي حصل بتمهول وحيد لعنده اكسس الليوغه هو اللي حيده يرفي كل اليد يموت رفش تكال البطن بترفش تكال التحالم بيعرش تكال الغده ده ركيه وترفش تكال عالم على عصاب الشهيد ميكي الجزانيه هيعمل تقارب مهمه على مرض الدمال المقسك اللي مننا عناف اوال حلاتنا على تستقل المولح درجه عزيز الالفليد برين بيشنس سنوشه عددهم معنا مساول عالم اثنوشه اثنوشه مريد بيشنس تفل عالم الناس دي كتخضعت لجراحه فاصد نص المخليمين عن نص المخليمين اتلاقي مسلم لما الدماغ الميين دعم الحاجه معيانا نص الشمال لو مسؤول عن اللغه والتفسرات والمانتك بيخترع مبارررت سريعه لا فعل النص الميين برغب عزيزي نوما كان شاعت تعرفنا بتحصه ده عزيزي يسمي للماء ذئلوجن of agency وحن الفااليه انت خالبا بتعمل اعمال انت مساير لها ولكن يبخى بارع فانه الفصر ما تفعله على انها حرط اراضه تنهار السوده بحب الددته تدينه في دهه تدينه في دهه في دهه في دهه في دهه في دهه في دهه في دهه في دهه دهه عزي مشكلامي انا او تلق اوبر معرفه من دوب شخن معلومات وعرى ده عزيزي كلم وده الا حالات زيال ستبرين بيشنس بتورول ورغب عشوف الحاله حالك عزيزي بتحقى النفس وبتحق علي بيانسه بالفضل النفس ويبرر افعال مش حاجه تنهى بسد هول بعمله مش مسا اين بتعملها الوحده هى او الرجلين بتعملها الوحده لا ضنسل مين بعملها يعني بيفصر حاجات هو مع ملحاش فنفس النخل عافي المتحالد السرس مدى بيقولك اي حاجه عشان يحسسك ويحسس نفسك اننت مدحكي مين بيجل عزيزي انه جسمك مش بي ملس عزيز تحقكم انه مبيجي واجه موقف بيواجه الموقف بزاكرت كلها الفعلي شوفا فرنسي نار الوطنتي اقترها انه هناك طبعطين في جسمين اجسب في اللحظه الحاليه والهابد بدي اللي شاء اللي زكر ده عزيزي شاء اللي زكرت كل تعلنها بتقروبها جسمك عزيزي مش باسي لتفاع المعلوم فحلت اللحظيه ده شاء اللي طبعه عبق من الزكره والعاداء لاني من الزبال وكتلوق انه جاء مش باسي في مع المتلوعه يعني انا لو وجه لقترد الوائطي ماحتك صرف الوائطي مش الساه هادا باعت للمخو الفرنه القرطيك ستفاكر ونرى جايبني شوف ملفت الزكره في الهبو كنبس لا ارغب جع مش عرفت لحبطنا في الفريران القرطيك مش مش قلندا مش وقندا ننجو الزكره والوعيه هي معرفه الكزه وكزه نوين جذات لكن الزكره الغسديه او الدمنيه نوين جهه و الزيه نعش في العالم كلنا عزيز اخدك رفحت مخيفه شوي ايه ليحصل لو الزكره اللي خزنا جسم دي الزكره مخيفه شاء اللحظيه قد اتل بكتن ملحظه للحاضر اللي بتعمل معها يعني مسلل الموخل ماذا بفكر الزكره دي ويتصرع طفيا وعمل كلنا زكره عندنه فرب لكن الزكره دائع عزيزي قد دملك الممسله البرطانيه انتوني برنات تعزيزي ممسله نكحه وشاهيه وزارت عجتنا شوره زي دونتون ابي ولكن ورن نجاح بكولنا تفوله مرعبه تفلا كنبوها بيضربها كل يو لدرجت نام كتر ضرب في الاشتعف طعق كل الاطفال بتخف من البواب او الخوش الخياليه خوف البنت دي في صورها كنبوها يتلاه من كتر ضرب انتوني بتكلم ناحاول التتعافه كل حياتها من الدرب لكمبيع صلى الله عليه وسلم وذا خد عزيزي لانوها تانيه من زكرت الجسد نوع زيزي زكره اطقى مصيئ نحن بنتشرب سلوك الاخرين ونزارتهم ونمن بها انت حركيه تعبريه يعني بنحسك ده بالحياله بنشوف العنين بنبدا جسمنا ياامل ردفعا نمت معيان شكل معيان مشكله تحصل ان ان المضي يمكن تكامل معنا بيضحياته خوصوصا لو حصل الكلمده في فطره التكوين مهمه جدا من اشخاص مهمه جدا مثل الابول ام او العياله وند ان توني عزيزي كمفلح زي دربها في تصلاح صى ينهاروا عايب ويقول له نبيعمل كلا شمي حبها ده خلع عزيزي ان توني عداده صور غريب تصور مشاوه يعني حب هتحب العنم جسديه من عشان تعمل اصدقاف المدرسه كببتروح تعمل لون حركه في دراهم اسمت شايبيز بانز حركه مزيجده لانها بصاطه يتعلمت من ابوها ان الحب يوسيويل ازه يبه ذاكل زيبي بينوكه ممن الزكره اسمو ازكره التفاعولي دي خبرت فعلي حصلت يدبنت عن طريق التفاعول بتاعنا مع الناس خصوصا في الفتره تعتقدت تفول وديبت اصر على شخصيطنا ويسلوبنا في تكون العلقات وبتظهر على جسمنا وتصر رفطنا في المواقف الاجتمعيه لما سنعزيز تفلت ربط في بتعنيف لم يجبر ويخش اي نقش حايه حتى لو مكتش هذا ما قشعنيف جسمه بتخش بويده بتاعرا وينو بتطرب من نظراء انتونيه بتتكلمه بتقول ان شخصيطه وتفاعولتها فتفلتها يتكونوني بالكامل من ايزاء ابوها الجسدي او بتعبيرها ان تفلو اتابيكون ذاوكي مبادمت افضاء بيوز صفل بيتجست في العنف والانتهي درد عزيزنا وهي عدع عشر سنين يتشخصت في الادي اتشدي لانها بتولل الوقت كتازه طرق بالحركه تلوقع يحسن هم احتاجه تبقى اوي راني نظر ابوها في مخيلتها من العنف ده تلوقت حسنه بترده فجسمه بشكل لا يراضي عيست حاره مش عيز جوات ساكت مش ادري عيسي بالامان نوع الخامس بقى بالزاكره قسديه مده المفضل للانترنت اترومه او الصد من نفسيه طبيب الاصاب السوисري اذ ورد كابله كم مش تغل مع مريدت فخدا زاكر واحده مش فكره اي حاجه بتحسل الله فيما عزيزي هو بيسلل معليها كان مخبدا بصار في يدفك الحركه المعفينه ده وليضه لمجد سلمه يتواجعت و سحابه اذا بصورع كبعه ده الهازات نيسي تلحصلت نعمم تن يوم لما جيحه و يسلل معليها رفض التميد ده ده ورد لنا حسن مش عزه سلم بس مش عرفه ري مفرم زاكرت الجسداء عزيزي بيساعدنا النان فهم احده اعنف الاطربات النفسيه اتطراب ما بعد الصبب الفيتي ازدي ببساطه في زكره مؤلمه احنا مش عرفين نحتويها مش عرفين نساعد طرعليها مش عرفين نتخطاه حتى لو علنا ناس الحرس فالجيس بيفضا وحتفز بي بدون انصاده السكر دي ممكن تقتاح ميومه بسور زهنيه او بساط مفاجه او بطوزها في شخل كوبيس او اعراد زيديت نفس بعد عزيزي سينين من محولات عالق ده حاله الصدمات الى علاقه طرعات الترومه تتخزي وتستحاد بشكل مختلف تماما عن باء الزكره الترومه تجربه بتفضل اع ده مع الشيشه في الدمال في جيس وجيس من الاسف بيفتكره بها تباره حدس مستمير على حسب الابحاس فحتى لو علنا مش فكري الترومه هي تضل متخزينه في جسمينه محبوسه موانه فنتممكن فالعليزي شخصه بيباشه عن دواعي ان هو طعره بلعن في معاي او لنتهاج معايين بس السجاس مو بس عيشه لس فكره وشانكره في الجمال عمريكال عالم النفس بتعرف الترومه انها اي تقروب بتتسبب في خوف شديد او مشاهر قويه كيف انها تعمل تاسيخ سالبي طويل المده و ده ممكن يحصل بسها بحدس واحد عنه في قوي او حدس متكرر او حدس ما يشي بهدو فمحنا طويل مستمره ممكن كمان حاجات زي غياب الولدين ان الولدين موجودين في حياتك ولكن نوم خيبين عن احتياجاته غيبين عن الهتمنبي مشكله عجيز بتبدا في تخزين الزكره في ساحه او انه بتسل الطرومه الدماغ بتوضرك انه دا تحديد لو جوده جسد لنفي هند دماغ بتلغي الوعيه تماما ركلا انت على جب الوعيه ايه اعمل بهم مؤيضه جسم بيموته استاز صعر لثن فكر ونتامل ونحل بيبدا افدهاز العاصب اللي اراضي واللكفقين باكلانته انا خوشه اشتغل يبدا هو اشتغل يدوخك ادرن لمي حفز العضلات ويزاوذ كرتزوله عشاني يرفع السقفه تباقوه دي استغابه القتال او الهروب الفائر فلايط وديه عزيز بتخلنف او ايهات معيانه اتحو الى صور غيرز سنوطه من ضم عربيه او تهرب من خطر بيحسل بصورع او تام الرفلكس سريع انت نفسك متبعش عرفه وبيحسل لي وحن عزيلا عكس تماما وفي شعاله تعيبه جسمك تخشب متدنش لا تكلم ولا تحارك جسمك تحسن هو متخضه دبي حسن بصوره ستحارش والاختصاب دي استغابه غيريزيه اسمها اتتونيك اموبيليتي حن ليه بعد الحنظه تخشاله لم تحسن التحديد حسن بخطر طبعا عزيزي مشاكل ترومه بتحسلنا بتتسبب في PTSD سنوضوع باختلف من شخص ومن حادس لتين مثل انتونيك طريقها في تعامل معت ترومه بتاعت بوها انها طورت اي تن بصورت مشاكل في الكلس تمارت معها لسنين كتعويد عن قاعه للحب اللي ما خدجه من لبوها من العامل المتاصر في خوديو سبتيك ازدي انه جسمهه الصدمه بيحتاج ينهي استغابته هاي زيجري يا رب روضو دي الفياله دي لو ما قمع اتش خليلا نجس بيتها فمصد لكي المشكله بتحسل عزيزي وعزيز تبقى لكي باتنا روضو دي فياله دي مثلا ضحيال حوادس اللي بياتم نتقيد حركت او في بعض الاحيان تنعي لحسب كلمه راجل لكياتم اعطاءهم مهدئات هنا على حسب كلمه كتام انا توقتكم عرف زمال تلك التطور اللي ما تصرفش بيبدا يطرقم في الجيس ويتحو المعلوات الالام عضالي وعاراد جسدي ويتخزن في جاز العصبي كتاقى غير من تهي وفضل حبيب جاز العصبي معلق الله سديه حق دمتوز بحق جزء من زكرت الجازد حيفضل هناءك تهديد ممتن لم ينتهي محصل لوش روزلوشه محصلوش كلوجر فجس بيفضل دي من في حال التاهم يقاز مفروطه مع عاطه الطرواله جس ممستاني اي حقا عشه تحصل خطبا لك عزيزي تغزي نزكره ما بياديش على العال الوائع تريبا يعني عام في كتام دبادي كيبس تسكور مالف عاما ضراصه برنيم المعمطيسي الامر اي عشاني رائع بنشاط الدماغ لمارده الفتيسدي يشوف مخوم وهم بيرجاء زورو زكراتهم الصادمه المؤلمه واتاع عزيزي لاحق غريب اذ مناطه اذ منوده في الدماغ اذ لم يسؤول عن اللغه والتفكير المنتقى نشاطها ويف وهم بيستردعو زكرات الوحش دي بايمكن لايمكن لايمكن واتحصل الطرومه بيحصل فرق بينك وبين حواسك ممكن يبطلع بشكل حجه عزيزي اسناع الفيري التروماتيك بسوصيشان الامفصال اسناع الصادمه داع عزيزي بيمنع دم جزكرات في الزكر الصريحه الزكره المدرز بتحبها ديو اسلل نفسيه تبعى عزيز الزكره المقبضه عن وعيك ولكن لو يستيش الوعي انا مسكاب بعبوبه بيسمك عزيزي الاسفه احتفص بها بشكل الظائن سبطس نوع طعميه تبدا العزيزي الزكره قسديه تزهر كفلاش باكس او زكرات من جزاء مش ابدا حكاه كامله واتصطمه انت محطشه لنسل العائل الواعي اللي بحلوا بفكر انت بايد جسد بحل النجاه انت دوسط على زل البقاء فكل حاجه افالت سرفايف المون عزيزي قلمه دكتوره جانينا في شر احنا فمن فتكرش الترومه بمناته الزكره الصرديه اللي موجوده في جزء اللي فدمرنا الشمال انها ما اللي بفتكرها هو جسد الزكره المؤلمه زمت اوركه عزيزه تتشفر كحاله جسديه عاطفيه مش كحدوه مش كستوري ودامدا لانه غريزيا امن لينه مشكله كمانه عزيزي فزكره جسديه انها مش مش شهاه بالتسلسه للزماني بتاع العائل الواعي اللي مسالهم حلص معان حسن من سنه تلاته فزروف معايانا اللي حنفيد الواتي لحاجه مختلفه لا احنا نزاي ما اقولنا طبع موجوده طول الوقت طبعي تقلع عااده هابد بادي شنكد ان تنع تكلم اور باللربعين سنه عن زكرات حصالت الله فزو عامل سنه تين وهي لسلحه اللي اتفكرها ودائع عزيزي وصنه لحاجه مؤمن مجدا جدا موجوده كتير على تويتر الحاجات الترغرين ده بيبقى محافز مرتابد بالحاده الصادم يددنا ردف على غريزي ده حاجه بتصحه الزكره جسديه حتى لو بتال مصنف في سيخ مختلف لانه زكرات جسديه مش بياتم استعدتها على ادما بياتم تحفظها ترغرين زمال تلك عزيزي الاراضي بتبان في الجس ممكن تبان فطريت عادتها فطريت تنفوسه فطريت نومه مثل لو واحد ابوعه صحابه طول الوقت هي تعلنه هو نفسه يدد بضغطه يخبيه هي تكايه مع يوضع وهي حاول لبيرغبت اللحالي مهما كانت صعبه ومهما كانت مش معقول لي لنخيف حتى لو يمكن مسان يبقى عاد بشكل استف بطريقه جمده ممكن معنده مقومه جسديه انه يجري او يروس او يتحرق بسلاسه كانه جسمه خيف من حيويد كده عزيز اند اللواتي حيث ننا افلتفه الشك ونتول بتعزها كرد جسمه جدا وبروها ونتولم بتولم نايه طفل طبيعي ناه كتحس نا بارس جايز لنها فواتها كبتاخض ضربه بوها من غير مايب عندها اي احساس انها تقضر تقوم ونفاش على حسب تفكيرها وتربيتها وقضرتها الجسمانيه انها تردب اي شكل من اشكاء او تنع العنف ده اي شكل من الاشكاء جسمها بس بيسهجي البزاكره كل شيء ولكن بتعبيرها حاجه وحتبس التطغير انه جزي مقدركت الالم وفي ذلك الجسمك فكره من تفلطك بتدفت تدرك ان تعافي منه مسؤولي تكنت ومفاجعنا انه زاكره تجسد نفسها تبقى ائا والطريق التعافي وعلى المعالج هنا مع اجبع تمت بس على الحكايه التي تحكيها لكن بيراك تزمع جسم المريض يشوف الجسم الزي بيحكي الحاجه اللمر بيه هذا المريض بعد ناس عزي مساعدها ايدي اجدي مش فكر الترومه اللحصه لها وده من احد الاسباب اللي خلين والنهم عندهم ايدي اجدي في كتاب بدير ممبرس بيون ان الترومه حتى لو مساعد بيتش الم جسد يمباشر بتحيبس في جس فتخلى التراب في وضعي في الاعضاء ده ممكن مسا يظهر في الارخب صورع او الطوات وصولو بتنوه وتركيز فبالتالي على جسد ما لازم يتجاوز على العلاق النافس التقليد زي مساعدا الى العلاق السلوق المعرفه السيبتي اكوغنيت بهي برثره في الحرات يعزيزي الثره بيساعدك بيبع عينك بيساعدك تلاح استخد بلك من افكارك وثلوقك لما جسدك بيستعيد الصدمه بيشوف الروايه لنتفتحكي عن نفسك ويشوف الزيب تصف طريق تفكير ومن ده يقدريسادك في تغير صياغه افكارك بيحديزي احام بتسنب بالعلاق التنازولي من فوق لتحت بتعالج المغط عن طريق افكار وتعمل انه صلى الله باي جس مهم من انت تتكلم وتربط مشارك المؤلمه بالاحداث والشل الحاصل ويستقرر في زهنك انت شخص بتالم ومحتاج يعتني بجروح تبروسيس هذه الترومه وتحطها في صيقى الزماني وبانا يدي حاجه حاصلت في الماضي وانتدلواتي في الحاضر في مستقبل باعجيزي تكلي وبعد الاحيان ممكن ينجى ولكن فتكري اعجيزي حالت ترومه زي ما كلام احيانا بيبقصا بتفعيل العقل المنتقل وجث من نفسه في مشكله هنا بيجدور اليه جسد من تحت لفوء الاهراض الجسديه للترومه فراء الدكتور منذ ركول ممكن تبعد للتعافه الى لاجك جسد بيودرك تاسير الصد مع جس اول حاجه التحسل هو نحن نحاول النسامي نحطل لغه على اللي بيحصل في جسمن حالفت عطوه فعضلاتك او فباطنك او حاجه بفراء جوك كما نحاول النسامي الاحيس السعيده او المريحه زي النعضراتي من التاحه او سيدري مفتوه بيدر رب قشرت الفسي الجبه المنتقل انها تتواصل مع جسد متدريجي ودى بيحصل العزيزي مش مره ومرتين دى بيحصل على مضر شهور من العلاق بنيدري في السيب نوعه نوعه اول دعيك تفنى الزيب نتنفس ايه اللي بنحسل لما حدث بنحبه المستنه فعام قموخين في منتقص غير اسمها الانسيولر كورتكس ودى عزيزي بعد الناس بيشوف انها المفتاح الزابي لفهم العلاقى بين المخ وجسد الجسد المشاع لان لها وضفتنا السيطين الوهي جسد اللي بيحصل بوهي وطنظيم المشاع فدراصف نجال الجورنه الوفكمبرتب نيورولجي ان ربط بين اللي شارت اللي جايب نجيس والوائعي اللي نزل من المخ من نظم المشاعر وستجايب تجيس عين جسد مكهب هايزي فرر المشاعر سيب يتلاحه تنهيده نفس عميق راشه الدموعه سيب عادي لو هايزيز نجيس مكهايزت حرى بشكل معايين او يدرد فعال هايو التامل الحركه بمطوء ووائع قد اختور بترليبين بيهات امر با بيستك مل استجايبت النجاه لتحاليك تجيس لان الصدمه زي ما اقول لان هي استجايبت النجاه لان تكتمل يمكن تفرغ المشاعر دي بشكل رام زي ما سنه ممكن تكتب رساله وتطع عدد اختور ادخطور من رجول بتاعك كتاب دعب بدي كيف ستسكور فتح مركز علاج لن ناس اللي في الداد حياتها ما تشلوش او تلاب معهم بالتريع اللي بحتاجها يطفل عشان يحلس بيلا امان في جسم مركز اللي اللاجده كان كانه ملعب كبير مراجيه ماذا بحقور العاق تحسنا تفولي الهدف منها ان الشخص يستعيد لغط التواصل الثاني مع جسم نلنت رومه بالاهمال والاساءه بتخل الانسان ينسحب من جسم بيمتلك جسمه ولكنه مشاش جواء بيحسوا بحسم مش مريح لوحد لما سهم او شافنا في سوم بتحركوا فيدي يمكن برماقوا انها عكسدهم نفسها اكسد من فرق الى العمل حركاتي ما حاجد زي المسجل علاجي بيساعدهم يعيدوا بناء سقطهم تاني فاكسدهم الجسم بيمر بتغارض دتناقض مع اللي الترومه بتلهول كمان يتمري الرضيه ومكن دساعد جدا على العلاق اليوغه والمدتيشه بيسادوا في تحفيف الاعراض لانها بتجمع بن الحركه السهله والتنفس العميق اللي بينشت الجهاز العصبي الفرس مفاو اللي بيوم عامع عكسلاء في وضعات الفائطه الفليدي انت مش فخاطر اهدا من لو ان شطع زي الصلاه بتقالل من هزي الاعراض لانها بتخلا برضه حاله من التاام والسخه بالقضفه طبعا الى الجانب الرواحاني والاناني اللي فيها و لو جسمك رجع لذكره تروماتك في الماضي حتى سادك تمريين زيج جراند دل مشيء ملمس واضح او تشم مريح معيان الدماغ حتى تركز على اشهارات الحسي جديده اللي تقدر تربطك بالحاضر اللي انت فيه للواتي و الثاني مثلا زي الماشي الواعي تمشب بوت وتركز في كل خطوه و دبي سادك تنظم يحزك العاصم كمان التعبير الفان زي الرسم او الكتابه لان الفان بيفاع الناس المخلمين اللي بيقدر يخزن الصور والزاكر الحسيجه فالفاني بيقدر يخرج المشاعر اللي متخزنا في الجسه من غير اللغه ويرجع شف حاله كرفاجه فنا عزيزي زاكرت الجسه بتقول لنا امجس بيحمي نفسه بحمي تربعور انا مشها غامر و نحفظ في المنطقه المعتاعده انا عايز انجو الحن ده ممكن يبقى خبر سيدي لانه معناء النجوه جسمينه يمكن يدج باره الطار الجسمينه يحصارها عشني سهاله علينا ويمكن ده اللي حن نحتاجين النحن نطعاطف مع نفسينه و مع جسمينه و ندههم الواقع و التفاهم المحتاجين البيوتوه بياخدوا الجسم بيفضا مكامل بالنموزج لعرف عن العالم و بتصرف على اساس و تول محنه و تصنش النموزج ده و بالتالي لازم نحدي سهز النموزج و ندميجو مع الواقع اللي حنه اميين فيه لانه ده غاله غاله النحنه جسمينه بيفضصرف على اساس النهنكك و في الحيين فيه ليس عزيزي اذا اكسن حيه بتدغايه رو بتتعالل مع مروز زمن دخايه الجسمه كانه حق العش بجمبي بيتك كل ما تتمشي في هذا الحق بيبدا ايظهر مصر ممهد من كتر المشعلي فبتدام مع الواقع في استخدام المصرده لانه الاسهل والاصفه والتعويه التعلي و كل ما تمشي فيه عكتر بتزيد ملائم حز الطريق و دوه و سبات دي بالصابت عزيزي زاكلت الجسم ما تكرار بيتشكل الطريق الاسهل جوانه صحيح انها المصربه اواضح وبينه متعودين علي ولكن تمام ناش ان المصرده ومكن انظرائيه لو مشينا ببطه عكتر وتامنوا الاكتر وفعليه عكتر نحاموا للنحن نستكشف ايطروا الجديده اللي نقدر نحس بيها بالانان جوه جسمين و لبعتبرها دوكتور بانكو اهم ملحظه لايه شخص مربه رومه اللحظه اللي الجسد بيوصل فيها اللي امان دي بتبقى لحصه ننصوه بيشي لانه جسمين ناسي اللي مربي ولكن لنناع اللي نناع زي تعمل مع توقع لزاكره بتاكي بسك دازيزي خيرا على الساخله بسك دازيزي,,0.0,,,"[0.24881958961486816, 0.43867558240890503, 0.13635535538196564, -0.020180074498057365, -0.26537054777145386, -0.06635841727256775, 0.5970178842544556, 0.045766714960336685, -0.08739720284938812, 0.07445169985294342, 0.07945308089256287, -0.4463118016719818, 0.3277190625667572, -0.07860328257083893, 0.11725832521915436, -0.014840524643659592, 0.06966972351074219, 0.07950729131698608, -0.32758963108062744, -0.42560744285583496, -0.22171080112457275, -0.04835301637649536, 0.11112838238477707, -0.12622103095054626, 0.009711462073028088, -0.10861814022064209, 0.11230672150850296, 0.1025596335530281, -0.04451477527618408, 0.5103269815444946, 0.04457836598157883, -0.16353288292884827, 0.2600421607494354, 0.07676421850919724, 0.01582985557615757, 0.2663068473339081, -0.05886337161064148, 0.09062300622463226, -0.1018926128745079, 0.32959112524986267, -0.05181879177689552, -0.11965495347976685, 0.0545789897441864, 0.2701164186000824, -0.06318186223506927, 0.1610228270292282, -0.047548893839120865, -0.020250793546438217, -0.2693689167499542, -0.20201048254966736, 0.019649099558591843, -0.14174532890319824, -0.24697521328926086, 0.0008070499170571566, 0.15690141916275024, -0.16323432326316833, 0.45115306973457336, 0.044456277042627335, -0.19673439860343933, 0.19709815084934235, 0.02104225941002369, 0.018144618719816208, -0.312385618686676, 0.06883661448955536, -0.655921995639801, 0.023128684610128403, 0.25735411047935486, 0.10906442999839783, -0.0998629480600357, -0.040376320481300354, -0.03235083073377609, 0.10742083936929703, -0.21747729182243347, 0.10606752336025238, -0.0452442467212677, -0.30803146958351135, -0.0011055072536692023, 0.017711808905005455, 0.04807199910283089, 0.22687575221061707, 0.2594027519226074, -0.1001289039850235, 0.06579136103391647, -0.22891902923583984, -0.04837667942047119, 0.18043863773345947, 0.013523219153285027, 0.1839221715927124, 0.20992052555084229, 0.03667864203453064, -0.20884643495082855, -0.14472655951976776, 0.09740713983774185, -0.017071859911084175, -0.3817085921764374, -0.11228207498788834, -0.15820258855819702, 0.036555033177137375, -0.022846003994345665, 0.3656580150127411, 0.05466695874929428, -0.01886366680264473, 0.06550761312246323, 0.011917531490325928, 0.010515570640563965, 0.20101968944072723, -0.012712131254374981, 0.022921863943338394, -0.041257042437791824, 0.0018326232675462961, -0.5036317110061646, -0.11223187297582626, 0.02978607639670372, 0.03872385248541832, -0.08676846325397491, 0.007876982912421227, 0.015372665598988533, -0.11864741146564484, -0.199847012758255, 0.06681912392377853, -0.13636653125286102, -0.06461048126220703, -0.23824693262577057, 0.2555809020996094, 0.27974262833595276, -0.558951199054718, 0.12545675039291382, 0.15061742067337036, 0.2080397605895996, 0.07428854703903198, 0.07680461555719376, 0.08626316487789154, -0.06919440627098083, 0.2280956506729126, 0.05880659073591232, -0.30476805567741394, 0.008802574127912521, 0.16187961399555206, 0.15104661881923676, -0.4528701901435852, -0.14844666421413422, 0.042960889637470245, -0.3337646722793579, -0.06219465285539627, 0.12809859216213226, 0.11768299341201782, -0.23597002029418945, 0.12291008234024048, 0.2295021116733551, -0.11502422392368317, 0.2029908448457718, -0.22515998780727386, -0.014069848693907261, -0.012397410348057747, 0.170362651348114, 0.1506575495004654, 0.5361711978912354, -0.1351194530725479, 0.12769989669322968, -0.11774662882089615, -0.30018383264541626, -0.07637991011142731, -0.19119630753993988, -0.11517071723937988, 0.07701712101697922, 0.21766002476215363, -0.016704382374882698, -0.034936536103487015, -0.23097726702690125, 0.054879143834114075, -0.03616657108068466, 0.04005800932645798, 0.4364968240261078, 0.2947924733161926, -0.01474371924996376, -0.07576506584882736, -0.015443557873368263, -0.21532011032104492, -0.17395292222499847, -0.10064204037189484, 0.008210064843297005, 0.040777333080768585, -0.19392703473567963, -0.02876364439725876, -0.10487857460975647, 0.1413363218307495, -0.06986482441425323, 0.12172237038612366, 0.11201314628124237, -0.15864406526088715, -0.35166025161743164, -0.05605347454547882, 0.06369923800230026, -0.4856596291065216, -0.10681507736444473, -0.14069864153862, -0.0061974492855370045, 0.23060287535190582, 0.3511033058166504, 0.17352214455604553, 0.13653899729251862, 0.23914268612861633, -0.04508794844150543, 0.12754064798355103, -0.009606207720935345, 0.09447649121284485, 0.08721652626991272, -0.10820451378822327, -0.2926614284515381, 0.20123304426670074, 0.15533624589443207, 0.028611555695533752, -0.16491831839084625, 0.21833355724811554, 0.02135583758354187, -0.03516974672675133, -0.0008357446640729904, 0.40350648760795593, -0.48311325907707214, 0.008458434604108334, 0.1239662617444992, -0.41166508197784424, 0.017504410818219185, -0.3126453757286072, 0.39115941524505615, 0.2251276820898056, -0.28982365131378174, -0.12207698822021484, 0.043432846665382385, -0.01260155439376831, -0.1636366993188858, 0.23281651735305786, -0.15155896544456482, -0.00796942226588726, 0.02869667112827301, -0.0909019485116005, 0.013433187268674374, 0.011280014179646969, -0.04515696316957474, -0.1399829387664795, 0.2667029798030853, -0.08715460449457169, -0.23090319335460663, 0.20317721366882324, -0.05991990864276886, -0.24268022179603577, -0.26680630445480347, 0.45250579714775085, -0.06557997316122055, 0.3720135986804962, 0.17735931277275085, -0.022055435925722122, 0.11557076871395111, 0.1870546191930771, 0.16218030452728271, 0.22088240087032318, -0.316284716129303, -0.015403478406369686, 0.09226536005735397, -0.33901500701904297, -0.1984565556049347, 0.07060331851243973, -0.21740420162677765, 0.2052062600851059, 0.08478237688541412, 0.01063231099396944, -0.08098156005144119, -0.18836063146591187, 0.07591259479522705, -0.29789987206459045, 0.005394437350332737, -0.03932368382811546, -0.012949485331773758, -0.24683895707130432, 0.17903080582618713, -0.1662125140428543, 0.2321784496307373, -0.0016591190360486507, 0.24053339660167694, 0.2805660665035248, -0.1559285670518875, -0.2884708642959595, 0.29677170515060425, -0.27701327204704285, -0.17108409106731415, 0.02671019919216633, 0.3975549638271332, 0.15103577077388763, -0.003237833734601736, 0.0834413543343544, 0.09060508757829666, 0.1347624659538269, 0.43367645144462585, -0.02296127751469612, 0.20127004384994507, -0.047806791961193085, -0.08040615171194077, 0.05792820081114769, 0.01813100092113018, 0.1770959198474884, -0.10873957723379135, 0.05044062063097954, 0.032910071313381195, -0.15224914252758026, 0.3924941420555115, 0.020949365571141243, -0.047520432621240616, -0.126873180270195, 0.19261637330055237, -0.23197175562381744, 0.03152398020029068, -0.04568552225828171, 0.11667269468307495, -0.2025766670703888, -0.05670309439301491, 0.4264185428619385, 0.05139092728495598, 0.20549920201301575, 0.03089454211294651, -0.5319428443908691, -0.0976966992020607, -0.3528021574020386, -0.17446798086166382, -0.06506087630987167, 0.1551847755908966, 0.1573280692100525, 0.1861235797405243, -0.4522990584373474, 0.0764312669634819, -0.21401385962963104, -0.36612942814826965, 0.031980838626623154, -0.2221623808145523, -0.1480378359556198, -0.06356359273195267, 0.18690460920333862, -0.22119171917438507, -0.14560815691947937, -0.17438006401062012, 0.1425817906856537, -0.15779103338718414, -0.18648529052734375, -0.17141273617744446, 0.18332192301750183, -0.06276735663414001, 0.0966932624578476, -0.3007800877094269, -0.264945924282074, 0.026307566091418266, 0.03368116170167923, 0.22676096856594086, 0.23371756076812744, -0.13155898451805115, -0.11574378609657288, -0.41864365339279175, 0.1474989503622055, 0.04032374545931816, -0.1364731788635254, 0.1771545559167862, -0.0642976462841034, 0.2292109727859497, -0.0006673312745988369, 0.11794158816337585, 0.6939936280250549, 0.16222098469734192, -0.18643930554389954, 0.005123441573232412, -0.028823036700487137, -0.053913429379463196, 0.12375453114509583, -0.14855210483074188, 0.09834422171115875, 0.06777936220169067, 0.11572068184614182, -0.025066770613193512, 0.11727440357208252, 0.04041400924324989, -0.04803825169801712, -0.23216304183006287, 0.17200979590415955, 0.28354349732398987, -0.1373153030872345, 0.09910611063241959, -0.05770791321992874]","-التواصل مش بالكلام فقط

-لغة الجسد قد تكشف المشاعر الحقيقية

-البشر يفسرون الإشارات بشكل تلقائي

-بعض الإشارات تختلف حسب الثقافة

لغة الجسد ليست علمًا دقيقًا 100%-
",إيجابي/تعليمي 
xfAIPyl8TSk,https://youtu.be/xfAIPyl8TSk?si=9CkuyTF5_FEPjnUM,ثلاث شركات تحكم العالم | الدحيح,New Media Academy Life ,2418,20250726,4004222,metadata_only,,,,0.0,,,,"وجود شركات استثمار ضخمة تملك حصصًا في آلاف الشركات

التأثير الاقتصادي غير المباشر

تشابك الملكية بين الشركات الكبرى

الاقتصاد العالمي مرتبط ببعضه بشكل هائل

فكرة القوة المالية الحديثة",سلبي/درامي
HdEzeiSR5eU,https://youtu.be/HdEzeiSR5eU?si=xUOsTYlnpVee8Ki9,معادلة ستغير نظرتك لكل شيء | الدحيح,New Media Academy Life ,1594,20250222,2827107,completed, يبينت؟  دلبرو فايل بتاع وبرو فايل احلامي  بيحب ببلو بورج الدلو  حتى اسمه بها  اسمه لا تفقه  زي الفادينا بها سلطان  إذا؟  جي؟  لم أخذ بها؟  أخذ عليك  في عال كتير مش هايز نركر  المكرة والدام المحال  بيقول لما نشفين دي بسبب تسبع مع البلي  ورم استعمال شهد عاماك  دي قد بعد شاء  اللي انت حوشته وجب تهاب نفسك  لا  سبتها في التبين مع الواضح مدى بانجوخ  اللي دفن ننصح بك  لا لا لا  طبعه بزاق جدا  وضنوها طوعة  عمو منا  مبصوطا لن تزلت عابلتيني بعد ما كلنا عشان  والله عبلا  اجد بسبب زاني  بقول لك يا عبلا  فوقك مليفك مائغك  ايتي مش دخلت مائغك  ورمه التزيبش  ها؟  قاول تزمو حقات كده  مش بتاعتي  لا لا لا لا  أنا مش خنيا خالص  أنا عفى منا كروجر  و بتحب بتنزل التواض  مع صحبك على أهوة  غرزة  و تحب بحدش صداك  و تتشوف شيء  خمرة  و عاوز واحدة الدلاك  تضرابني  عاوزك بس تحكيلي  كل حاجة عن نفسك  احب عارف تاريخة  او عتخيف  أنا مش غير خالص  لا لا لا لا ولا أي تاريخ  او ماضيتي  والتلتة أفلت  لا ده موجود أدل  يا حبيبي  انت عشي حي تك مزلوم كده على طول  لا أنا مش مزلوه  أنا فعلاً انتكابت قرامت ده بحسب كل اسراء  أنا مغابة عبلا  أيوة  يعني انت شخص ما بيستسلمش للزروف  انت نقدم  لا لا لا  حاجة  بنطة البوط والساحة  الله  زي رباً هو بتسرى من الأغنية  عشان تدد الفارة  لا حضرتك  مصرى من الفارة  مش ان أسهل  و بددل الار بتاعي  ما هو الددل الار دائي  مش شخص بي لا أتريزه  وهو إيه لغماء  انه بي مخطرات  عشان تعبين فئير  و انت بيشغل  سدى عبلا  انت عول واحدة تخط كل العيوبي  يشوف الانسان اللي جوايا  يفهمني واسماني  وتقبلني  أنا تعتلك  وانك مني بحق  ارتعتلك أول  نعبلا بحق  بلحر اسمي يا  بحقنا بس مبويا  اندعيني باسمي اللي اولنا على طول  عب  عمن  يا احمن دائي  أنا حرف لبعرفت  احمن دائي  انت توقسك  انت طواب نات  انت مركمش عمان  وانت تستحايا واللت إنزك  طعم المعاك  احمن الدائي أنا حسانニ لون فدى مش compassionateة كلحعية  اي شي كايكا فيكسيو  متكسل لحك  من أications  إ disappointment  انظرها على أة sons  هؤه الآر ماء I  لم ن tumors  يhibر أعرف  ع smile  нетن نشف تعطيك  من القة ستمنى  الل المرة  تستخدم من هقد  من نهى قوالين عامة لعالبين وراصة  من البسالة  ادري كلمة علينا كباشر  يبسير حجيزي ننتم مش محتكتب عليم فيزياء أو جينات أو محيطات  عشان تائفش نامة  تحمد بنوخ تكل عم نتمن سنين عم دو قدرة هائلة على أفشل أضمارة  يبشف عنابية عام رفش شيرع  والتنون نديه عربية  ورواحت البيت  الديطة عربية صفرة ليعبة  هيقول نديه عربية  والنديه عربية  هيفش  إن حاجة مش على عربة عجالات  يزن غياء صيارة  بغض النصر عن اللون  ومغض النصر عن الحاجم  يلوات عامة الأمستاكشان  إن نمت خلال يقدر يعمنا مستنتاجه  هنه عزيزي مخيح ماذا  ومخينا كلنا  يدري ليه  شرطك  اللى بحمت حلو أمه وضع البطر من ربك نشان ده  حلو أفشل أماط  أنا هذا بخبير فأفشل أماط  عزيزي أنا قد تمستنيك تعمل نفس عزيك كامرة  عشان أقول لك  إن الدمش بالطرورة يبحك كويسة في كل أؤاء  دفنكي ممكن ينقص حياتك في حكاتك كثير  ممكن يخليك تدتفرة بالعربيات  وتفرق بدل أطط  وتعمل زكاس تناعي  يفرق بدل عربيات  ويفرق بدل أطط  ولكنه أيضا  ممكن يعمل مشاكل  عادة بناختك  مش بسها يعمل كل مطاربية على كل عربيات  إنه ممكن يحتاج برأي رجل بشان بيب أبابه  لأنه بشانه بويس التشعارات طويل يبقى أمامه  شنشاء بهم وده عزيزة المسطة العطفوال ممكن بحاجة عدية  لكن عمسطة كبور  ممكن يبكرس  لو انت آي عد عشر تيام  السهة من لنتم تبعو كل يوم بيطل  هتفترض إن انت قد أفشنامه  ساعدها تحطة فلوسة كلها  وتخصر كل حاجة  أو السهة مده  مفضل شيطة لعزاي من التبطعق  نقحيًا كتير تجربة مع شخص  بالنباشة معيانة  بالصفة معيانة  ممكن يخليك تعمل بهذا الفيال  على بيطل الأشخاص لعندو بنون بشهدي  أو العندون الصفاضي  ده العنسرية  تعدميرهم كلهم سيئين  أو كلهم أسكية  أو كلهم رحيتهم وحشا  بس ذلك عزيزي  شوفنا أنه الخصارة والعنسرية  كانت نتيج لموخة كسول  مين في الشنامة  وبالستسالي  الانسان زي ما قدريته على البحث على الأنماه  خلته على إنسان العظيم  لادر ساتر عكاكم  قدريته على وجدن الأنماه  من أي حاجة كده  بارده ممكن تخليم  يفشل  يده رسده بحمان تعمل تعمل تعمل  تعمل كل حلاء  عشنه واللقل الحال  أنه مش عزارف  إه؟  عزيزي  وسمع تسأل  أنه متفنش على كده  والله مش موتمي  عزيزي  شوفنا عزيزي  شوفت بحمان ده نمه  كنت قرر أنه كنت تعرفه  فضل خلاصة  أولي الله يرحل أخذ  عزيزي إن الحل  هو الرياضيات  وتحنيد ان تحديد  علم الاحتمالات  فيهم الاحتمالات بيسهدنا النحفة نولصة  بشكل موضوع  لأجبات أسئلة  مشكل يحمينة  من مننا الفتر للتعاميم  لأنه بقومنا القام  ولا يسبب أراء  ده عزيزي بخليوم يسأم معلوم الاحتمالات  كون تر انتويته  قلوم لا يسأد بديهية  يعني انت بون كلي معاكل يجب الصح  ومتأكد منها رياضام تبام  بس ترطل حسد بسهومة شديدة  إن ان تتقن عموخك  انه يده لجب الصح  ما تحزش نارك بمرائدم  هناك فرطة عزيز  لو التحليل تلابوزتي فنت عندك المارد بنسبة سقى  تو سلت سين في المية  تو دفرنت  ايو عندت هستو لي  أنا مش فبحاقة بحمات  ايه ملدية  في جميلة يولا عزيزي  انت عيام بالمارد  شوفنا القارود  وحادك القوحة و عادك العادس  وحادك كل حاجة عارفنا الننتة عيام بالمارد  لما بندمت هست أقكوا سهيتها تحليل بيطلاة  بوزتيف تسعين في المية من المارد  ينجبنا متحيان  والمارد  وحللنا لهم  التحليل عيطلاة تسعين في المية  بوزتيف  تسعين واحد فيهم  تحليلهم حيب أبوزتيف  عشرة بالنون  تحليل أمهيب أبوزتيف  فكل نتحليب عزيزي  إحنا من عرفش نتحليل  إحنا بدأنا بالتحليل  وكل عتمادنا على التحليل  سعيدت عينا السؤال حيكون  حالك تحليل ذا  كي أدريا أكد لنا  من انت عيام بالمارد  ولو يقدر  نسبة السخة تبعدي  هنا عيز السؤال إيجابتو  لم تعد مصيطة  إيجابة هنا ممكن تكون بأكد لنا  من نسبة تسعين في المي  أوارب عيوم في المي  أو عشرة في المي  هنا مش عرف قاول  إلا وفرتلي  معلمت أكثر عزي التحليل  بحنمات  بتكشف لنا عواملتانية  نكلم نشفيها  ولكنها  تصغدنا فكابت السؤال  بلك عزيزي  عوامل زيييي  زي ماسة لنا  إيجابت معليل  إن البشر يصبو هذا المارد  هل دمارد؟  مش عام منتشر  هل مارد نادر  مي سيبنا سؤال إيجابتو  تحليل دمسة لنا  إحنا عرفنا  إن لو شخص ماريد  فحت مالي تنوب أصح  يحت مالي تنتحليل  يدي بزتيب في سعين في المي  بسحنا هنا نعرف ناش  إيجابت مالي  إن الشخص يطلع بزتيب  وهو معا دوش المارد  مش جايز يبقى  تحليل مهاز  وبطلع موقع بأغلى بلواء  بغلد النظر أن تنبك المارد  ولا أي إنسان  إنسان  كونو إنسان  تجقيين في المي  هل تطلع عندهمارد؟  ودي الأعصادة؟  إنت غليب لست مش فاية  خلينا بصطالك  بحزير الرازم  تخيل عزيزي  إنت الرازم لنفعل إنهم دمنا  هي العالم  رازمة  بتمس المغضرة تعيش  فيها ميشخص  كل شخص ممسة البعليم  أي شخص عالم تزييد  بتمسل شخص مصب بالمارد  ويشخص  عالم تُديرة  تمسل شخص السليم  معا دوش المارد  يجب ان يكون لديهم كلهم  اللون محمر  تلعى تحليل النجتف  واللون أزرى  تلعى بوزدف  بمعلمات لنا التهديي  الراسم  هل يديني مش مزموته  احنا يقولنا كله واحد على شكل دائرة  لا يسامريد  طب لي بأأأ  في دوائر  يعني اعش خاص  مش مصابة  واللون هازرى  يعني تحليلها  تلعى بوزدف  بيننا احنا يقولنا  أن يحدى عن تزايد  مصابة المرض  لي بنشوف  عالبت زايد  يعني التحليل  نبيت اللاشة  نعن ده المرض  ده ميتاني  النهى مصابة  يعني استخدام الراضيات  اللي بتحليل هذا العالم  ومعطياته  واته الليلة  إنه من دم نربعين شخصة  مصابة المرض  يعني هم يتهم زايد  ده مولة  في ستة و تلتين شخص  اللون هم أزرى  يعني تحليلهم بوزدف  يعني تحليل  تحليل من مصابيد من المرض  التحليل بتاعهم تلعى إجابي  لفكرة عزيزي  فردية بتترك باك كلم  من لو جبنا مرضة  متأكدين من مرضهم  وحلنا لهم  تسعين في المامنهم  التحليل ها يطلع إجابي  تحلبها عزيزي  بالرسمة  ورناضيات  نجاوب عصال التاني  اللي انت غلقت فيه  لما عكس تولة  السؤال  لا تحليل بتاعك  تلعى إجابي  احتمالي يكون عندك المرض بنز بتأدي  هنه عزيزي  نرجع عزيزي  هنه تكني نشوف كل تلعى  تحليلهم إجابي  مخضل النصف  كما كانوا دائرة  ولا زائد  بس المهم لنهم عزرة  دون عزيزي في الرسمة  سبعة وتمانية على مزارة  هنشوف بها منهم  كم واحد  بلس  كم واحد  بوزيطف  يعني عنده أكشل المرض  يعني مريد فعلم  فهم  يعني دول العالم تزائد  ولنو عزرة  فهر من فكرة  يعني خمي عزيزي  ستة و تلتيين  عدهم كده تم ستة و تلتي  لوالسناهم  ستة و تلتيين  على سبعة وتمانيين  يعني في الوقت  اللي احتماليين  تدني تحليل  التطول عموجب  لو ان تقيد مريد  تسين في الميه  فطرح العقسي  أو احتماليي  تنتهي بشكل معاندك المرض  ج debating  ينتهي بتاعك تلعب معاندك  بتسوح في عصة المسل  واحدو الفيديو في المييد  بس ينلح لك ما تجه حالد  يا رسودي بحمد  وذبعة بعمل تحليل  واللستودة تحليل  أنا عايز عرفة بحماد  العصف في الحيث مو عمل  عصف الفر  يقول لك على عامل لنا قلتلكنا حضر أنا عندي  ذات جاهزا بتجواب لأن نزبت البشر العبومان  اللي عنديهم المارض ده في العالم ده  بها ضد النظام عن التحليل  وفي هالة بالرسمة  هما أربعين في الماء من العالم  ده عريزي في العالم اللي عندي ورتورك في الأمر  الميت واحد دول بالصفضي  ده عريزي كان عالم  تعلبها روح العالم جديد  بحسبات وارقم مختلفة  لو رحنا لعالم زي الرسمة لو الدماء جيدة  فهذا العالم سيتيم في الماء من الناس عنديهم المارض  يعني هنا لو معندكش المارض فهو ناك  احتمالي يتوصل لخام سوطوين في الماء  إن التحليب ده عق يطلع موقع برضه  فهذا معلق إنه أساساً أساساً أساساً  التحليل ده مش أحساً حاجة في التفريق  من المريد والسليم وارقى أخوط في نفسة  قصول الله بحمات  معلو الله ضبتهم في العيونة  شربت تلتة ريد بلي  أحسي عملت التحليل دب  آه  شرفت عزيزي  الرغدت حيوة زي  وبتحمك من نفسة  بالسلمة وزوجته  خلصة بحبات الفيامتي  على نشوف الحلات باللفاتة  والحيات اللي قد استناء أهوة  وقلصة مخلصتش  يا عزيزي  انت شوفت أنا عملتقيه  عشان  نفهم هذا الموضوع  كبنا سوقان  ونزور أونس حوم  وعلمت زائد  وعلمت دائرة  خدات تطويل  عشان نحم مقينة  من شرطقة  شرطقة جاية  من أنه بيجمع أمان  تخلنا يوها  في حيث بتطويلة جدا  في القرآن هذه الحزبة  هي خدوات  ومقوهد  فهراتها  لوهمل لكل ده  فخطوة واحدة بس  فلقرات تمنطاشرة  هي قد مننا  القيس والفلنسوف  والعالم بضومة سبايس  يا بعمال  تومس بايز  أكيد بقبرة التلاقى  يا خوية  بقبرة مرتماً العزل  تركز مع this  تومس بايز دائع  عزيزي على محترب  دل حطقة واعدة معادلة بايز رولي  اللي بتخطصر كل الحكة والده  في حساب الاحتمالات  الحصب مخارب في ذالان سجورنر  بعنوان بايز رولي  ذلكسي افتومس بايز  فقما اعد بايز  حيزيز استغتمها  مع الحرب العالمية  لما بيزيد الليحتياج  لحسب الليحتمالات  في سباً مخيف  زي زي زمان الحرب  هل العالم انشورن  هي استغد بايز روليز  قوانين بايز  عشان يقدر يفوق شفرة إنه مش شهير  فكرة في الحرب العالمية  فكرة الشباب  وهي أقدر يساعد العلفاء  على الفوس في الحرب في شفاء  ما سنة ضد النزيين  في الوقت  اللي كان في العالم الروتي  اندري كل مربوف  هي استغد مواعد لد بايز  عشان يحسن من دقيق بتنهار  بتاعث المتفعية  مش بس كده  دقوات قوية البرطانية  كمان  حتى استغد مواعدات بايز  وطق بايز  عشان تحسن من كفاءة  الحجماء بتاعث بتربيض  حرب عزيز من غرب بايز  كتتبى جونا رتانية  تقل عزيزي مواعد لراضية واحدة  ازباتت كفاءتها في الحسابة احتمالات  الاحتمالات  وائف عليها  حيات ومتناس  بايز عزيزي استغد مواعد لاته  مش هتوفرد الحروب بايز  بعد كده ما شاء الله  هاتروح على كل حاجة  كل شيء  في التأمنات  والتغارة  والباحث عن الغوصة الغرانة  بايز استغد مواهة  بدل عن مطل أموايد  تحياني عزيزي بنشوفها  بتستغدها في تحقات بسيطة  زي الليستام فلترز  الليستام فلترز  اللي متماليز بن الأميلاة  المروفية  والأميلاة اللي مش مروفية  بايز عزيز مواود في الأزرس  بتخلع عزيزي مواعد لا واحدة  بتقدم شورت تكت عزيم  يصلح من شورت تكتس الموخ  أرمال عزيزي  انت لما تفهمها  حتى ليها أبصط من ما تتخيلها  بسيطة على كل قض بأطخة المعقدة دي  وياتي عزيزي عصمت الريوديو  ساتر مكتوب  يقدر يغير العالم  حتى بمخطانة ومتوقع  إن تليومين دون  من مستقل 14 أبالهم  واحد فيه  تأتي بان عندو البرد  تأتي عزيزي  اللي فترض الموزبق  أو الفرائر بتاع  خمس عشي في الميين من الناس  عندو البرد  وصيفت داع عزيزي  تحيط طبي إنه يعمل عبدية لعزة الفرائر  لو تحيط بتاعك  كل عدقية قوى بنناس  و تاع بوزتف  فهنا  اللي احتمالي لنتعمل تاعك  اللي احتمالي ابتاعت إنه فران مريد  إفدنس  إفدنس داع  هاي خليك تعمل تعديل  عبدية  زي ما سنة انت تلاقي الرغل بيكوح  أو سوخ  إفدنس ورى إفدنس  هنا تيضى التعمل عبدية تاني  ودنس بالسغطك  تزيد لخمسة وصبعين في المية  كل عبدية ورى تاني  بيأكيد لك إنه فردية تقسخيحة  يعني تحلكن إفدنس  كسخنية إفدنس  وكوح إفدنس  كل خطم دون عزيزي  بتبدأ بترعيور  فحتملات هينا ان يكون عمد برد  لو شدت بيكوح  هتكون أئل من لو كنت شفت واحد  مع اندش خسيحة غمد  لعبدها السيح  انت متوقع نوضع من بكوح  شولانت  في الإفدنس هنا  كل مكان  ولاي الحدوس  كل مكان تأسيرو  في فهما كنت مهاي  بحنامه  لو كنت بيأسر عمل على رطال  فتأسيرو أئل  حالت عزيزي  صاحبك لعندها السيحة  دمج دعليل قليل الحدوس  بحنامه  دعليل نادر  وقدريته إنه يزاوه  ودعتم الفردية تك  أقبر  دعليل يديت في العضية  خرصة بحمد فيهمت  أنا عندي فردية  كل شعب افضال عمي فيها بدت  أبدت أبدت  زل أيوالس  بس تقدم زمتعوالتك دمجر مصرحة  ما يعرف بدعليل  الإفدنس  بعد كده  بحصد دعلي  أشوف أن ندر الحدوس  ولا مش ندر الحدوس  أشعى الله طبرة كما  محمد بن المسلخوريز من فرق عليها  وقد تبقى تحسبية  وقد تنسى قولك دمجر بشعب حاجة  هرش رحل  أبل عزيزي مشحلة بالتفسيل  خلن استضى مصطلحات  اللي نسمع لبهالة  القراري والفستراري والحاجة  تحالة ندخلهم قول معدلي  شخص المعدلة بالمصطلحات بتعطة  هل بشخص لكد  البسترير بيوسيوي  احتمالية الدليل  بموعة الفردية  به ما أسوم  علاحتمالية الدليل  كل دول  مدروبيم في ألقر أفضال  رحل  هنا على القربي للفسترير  أو اللي احتمالية لنعزل صلى الله  مبنية على الأدل  اللي بعمل لا أبديته وبغماءها  والفرير اللي فترد المبداية بتاعي  اللي المصبق  اللي نسمى ما أترش أدل  دول عزيزي بيحكمه بالنسبة اللي فنص  يعني الحدة اللي فنص دي  هي اللي ما تدرف في the priority  فعمك بسترير  فهي هذه العنس أهدد الشئة  لو النسبة اللي هاتن تكانه  أقبر من واحد  فهن البسترير بتاعك  هي بأقبر من البسترير  فبالتالي اللي احتمال اللحق  أقبر من اللي فترد الصبق  وكل من نسبة زيد  البسترير عيزيد  طب لو النسبة اللي هاتن تقدي  أقال من واحد كده  البسترير هي بأقال من البسترير  وكل من نسبة اللي  البسترير هي اللي  بحمد  أنا البرور بتاعي إني فيهم  وحزاً بالأبدات  وثالك سؤال  يدني دليل  عسى أن يحول لبسترير  لو هذه النسبة تلعت واحد  أل صرف زي  سحتها عزيزي  عزة الدليل ملهش أي إيما  لا بيزاوت فرسك  ولا بيقل للحق  دليل ساكك  زمساً للمقول لك  اي احتمالية نوعاً دي برد  جي فن يعني بمعطة الدليل  ان رائيز بوتن  زر مصر نهارضة  حتى أولي  تلد نفسه احتمالية  بحمدنا عندك برد  من غير معرف ان رائيز بوتن  زر مصر نهارض  رائيز بوتن  ما بيجاب شبرد  مش بيكور حتى لكم الطيار  دول حاكتين  ملهمش أيها لقب بعض  حباً  نتبق أهازي المواد لبقوانينها  عالي سال بتعن  احتمالية المرد  العالمين دي  ليه  بيزيز  ديهي  البرد بتاعك  افترضك المزبق  في نفسه  هم سعوشي في المام الناس  عند حبارد  من غير متمترك لشعي دريل  لا تحليل ولا كحة ولا حد رفى بس مطول أي حاجة  اما لعش ملدة  بيزيز  جي فن تستيف  بفترض  إنتست إجابي  ماذا نوضرت إن التحليل ده  يطلع موغب  هل نتكلي التحليل ده  بتطلع موغب عمال عوى بطال  والله  نسبة العيالة  اللي حلاؤ قبن اللي تندول  حد حدث  إذا كان البستير من بتاعنا  هيكون أجمه  والله عالي  تعالي عزيزي نعوض مصر  لولنا إن التحليل ده تحليل مهزة  نتكتو نوغب طول الوقت  بغط النظن تواند ولا نسبة  ثمية في المية  بيحفزك  كفعنا إن نسبة تبقى  يعني عارفين أردين  إن التحليل بزتف  أو معنى آخر  من دم للناس  اللي تحليل هم تلع موغب  كم واحد فيهم  عندوا بارد ده قد  تا عزيز  إن تلشاكك في مردق  مش هدار عالي سب  لكن هتروح تسئل إحتمالية  إن يطلع عندك المرد  لكن هي نهر  إحنا من تعمل بنسب  عشد هي رياضي ين  أبصد في الفيه  من الحتمالية  إحنا في نهاية  السؤالين أهم موكهين  لهم لوحدة  لو كلمنا برياضيات في الناس بدي  هي نسبة بالدرقمي  عدد الناس  اللي عندى المرض  والتحليل بتاعها تلع موغب  على العدد كل  للناس التي تحليل هم  تلع موغب  إسماء تلع موغب  يعني تفكي  هنعوه عن كل موطة  بسيغة أبصد  بصباة البسط الواحد  أو عدد الناس المريضة  التي تحليلها تلع موغب  هتلع عزيزي ممكن يتفكي  ده بيساوي عدد الناس لعندوم المرض  فيو الناس  فيو الناس  فيو الناس  فيو الناس  عليها أن ينفوط بلحست  ان يعني نعم بر  بي  عدد وحتم علي  تهزيز معنا إنه معددتنا اللي فوق بايت كده  نعم التشاهيف  نقدم نطيير  الامنة توطل من البست و المقام  انه إن البيدي زيز  جيبن  البوزي تفتست بي تشاهي  البيدي زيز  في البيي  بوزي تفتست  جيبن إن زيز  على بي بوزي تفتست  وديها عزيزي  هي هي البيسرور  اللي كلمنا عنها من شوية  بيز بيز عدة تعرفي لدار قمك بيير  دارخة مكبير  لي إنه متأصر بالبرائرة تاني  راربي اللي  يوزتازة  يا عالى  يا متعلمة  إن الناس اللي سمهها احمد  قررت في البلد كتير  يعني بصاط to  لو البلد كلها سمهها احمد  ونت تسمعي  إن كل خييني  اسمههم احمد  دعيا يعني  إن كل الاسمههم احمد  خييني  لان البلد كلها سمهها احمد  فلاثر عقم سه خييني  كل Wam اسمهم احمد  في احماد  دي فين  النخين على احتمالية احماد مدروب في نسب الخيان  كرلود عزيزي حبنا تغزف المعادل  تلايه اللي اسمهم أحماد  يعني انظايكة  عشان عزيزي برغبنا البستك بير  بدليني لغتصص لحظة بيسمعيها  وكلها لا تزلق قصص لامتوزمت بالأدلة  عمر بكانت رسال وانتساب وانتلجرام  دليل داملخ  لا تزل مجارد احتماليات  فهنا  البست هي كمكبير  وورد با عزيزتي  هل المقامة يكون كبير  عشان عزيزي لسمهم أحماد أصلا كتير  واللتنين مقسمين على بعض  في الزروف التبعية  هي سواب عض  وهنا في الاخر  ان المعادل بطارب عضا  وهي يصبح لتين  متى شاويتين  احتمالية الخيان  وهو اسمه أحماد  بتساوي احتمالية الخيانة عوومة  أيا كان اسمه  المشكلة لاست في خنت الاس  المشكلة في خنت الصنف  موسط للمسيخ  يا أحماد محمد ميكل  هي خنت الزكر  فناء عزيزي  ممكن للاخص هذه الحالقة  بيجوم لتأرياضي الفرنسي  يرسي من لبلس  لبقال  ان الفروبيزة فيه  إذناثن  بتكومون سنس  رديوس توكى الكليشان  نظريت اللي احتمالات  ما هي إلا المنطق  والحسي السليم  بعد مس  مختلف يحسبت وارقام  حناء عزيزي المنطق  اللي بعملو علينا  ممكن يغدان  بس الارقام  نبقى جميل شو بتخداش  فهمها  ممكن بغالط  بس سهية بنفسها  وقعية  بترمالك فوش شخصائمة  وده عظم نظم أمان  لحميت عائلة من الألعيب  والأنموت اللي بعملها  وشورت قادث التعطر  بس عزيزي  نظريت لحتمالات من أهم  النظريات  معناها بتده يحتمالات  ما التحسمش  تولوأة عزيزي  رفع كتفه  بس رفعان كتفادة  وشتكها  وتحللها  إندية احتمالية  احتماليات بفرضيات  بتعالل عن نفسها  بالأدلة بيقالها متكاملة  فهي عزيزي  هزيين نظرية  لا يستنظرية كاملة  دكشي جبط قطاع  ولكنها تم احتمالية  بتعامل معناها  ممكن تبغالط  تعامل معناها  بتصلح من نفسها  بالأدلة  فبيا بلنا عزيز نموزك عزيين  يخلينا  قولنا نقدر هذا البرنامك  ونحيه  ونشوف بأحلاته  اللي فايتش مشفحاته بأية  انزبوص على مصدر  لحنا اللي تشوف نشرك على القناة  يزيين مشاكلنا معرفن  حلاته رضبكم بتعيبه  أعرف  فاستعلبنا نخود احتمالية  حلاته رياضة  جذن النهة متعيبه  وستحلات بحيكة وتوطل  دربطوم مع بييتش  بتحمد الأساتك  أسمطوم على اللقم أبقادر  مضروا فيه مرفواف  والسباية  هل تلعل خرخم  ما يشعي عميهم  سلام عليكم  والله مخييني,يبينت  دلبرو فايل بتاع وبرو فايل احلامي  بيحب ببلو بورج الدلو  حتى اسمه بها  اسمه لا تفقه  زي الفادينا بها سلطان  اذا  جي  لم اخذ بها  اخذ عليك  في عال كتير مش هايز نركر  المكره والدام المحال  بيقول لما نشفين دي بسبب تسبع مع البلي  ورم استعمال شهد عاماك  دي قد بعد شاء  اللي انت حوشته وجب تهاب نفسك  لا  سبتها في التبين مع الواضح مدى بانجوخ  اللي دفن ننصح بك  لا لا لا  طبعه بزاق جدا  وضنوها طوعه  عمو منا  مبصوطا لن تزلت عابلتيني بعد ما كلنا عشان  والله عبلا  اجد بسبب زاني  بقول لك يا عبلا  فوقك مليفك مائغك  ايتي مش دخلت مائغك  ورمه التزيبش  ها  قاول تزمو حقات كده  مش بتاعتي  لا لا لا لا  انا مش خنيا خالص  انا عفى منا كروجر  و بتحب بتنزل التواض  مع صحبك على اهوه  غرزه  و تحب بحدش صداك  و تتشوف شيء  خمره  و عاوز واحده الدلاك  تضرابني  عاوزك بس تحكيلي  كل حاجه عن نفسك  احب عارف تاريخه  او عتخيف  انا مش غير خالص  لا لا لا لا ولا اي تاريخ  او ماضيتي  والتلته افلت  لا ده موجود ادل  يا حبيبي  انت عشي حي تك مزلوم كده على طول  لا انا مش مزلوه  انا فعلا انتكابت قرامت ده بحسب كل اسراء  انا مغابه عبلا  ايوه  يعني انت شخص ما بيستسلمش للزروف  انت نقدم  لا لا لا  حاجه  بنطه البوط والساحه  الله  زي ربا هو بتسرى من الاغنيه  عشان تدد الفاره  لا حضرتك  مصرى من الفاره  مش ان اسهل  و بددل الار بتاعي  ما هو الددل الار دائي  مش شخص بي لا اتريزه  وهو ايه لغماء  انه بي مخطرات  عشان تعبين فئير  و انت بيشغل  سدى عبلا  انت عول واحده تخط كل العيوبي  يشوف الانسان اللي جوايا  يفهمني واسماني  وتقبلني  انا تعتلك  وانك مني بحق  ارتعتلك اول  نعبلا بحق  بلحر اسمي يا  بحقنا بس مبويا  اندعيني باسمي اللي اولنا على طول  عب  عمن  يا احمن دائي  انا حرف لبعرفت  احمن دائي  انت توقسك  انت طواب نات  انت مركمش عمان  وانت تستحايا واللت انزك  طعم المعاك  احمن الدائي انا حسانニ لون فدى مش compassionateه كلحعيه  اي شي كايكا فيكسيو  متكسل لحك  من اications  ا disappointment  انظرها على اه sons  هؤه الار ماء I  لم ن tumors  يhibر اعرف  ع smile  нетن نشف تعطيك  من القه ستمنى  الل المره  تستخدم من هقد  من نهى قوالين عامه لعالبين وراصه  من البساله  ادري كلمه علينا كباشر  يبسير حجيزي ننتم مش محتكتب عليم فيزياء او جينات او محيطات  عشان تائفش نامه  تحمد بنوخ تكل عم نتمن سنين عم دو قدره هائله على افشل اضماره  يبشف عنابيه عام رفش شيرع  والتنون نديه عربيه  ورواحت البيت  الديطه عربيه صفره ليعبه  هيقول نديه عربيه  والنديه عربيه  هيفش  ان حاجه مش على عربه عجالات  يزن غياء صياره  بغض النصر عن اللون  ومغض النصر عن الحاجم  يلوات عامه الامستاكشان  ان نمت خلال يقدر يعمنا مستنتاجه  هنه عزيزي مخيح ماذا  ومخينا كلنا  يدري ليه  شرطك  اللى بحمت حلو امه وضع البطر من ربك نشان ده  حلو افشل اماط  انا هذا بخبير فافشل اماط  عزيزي انا قد تمستنيك تعمل نفس عزيك كامره  عشان اقول لك  ان الدمش بالطروره يبحك كويسه في كل اؤاء  دفنكي ممكن ينقص حياتك في حكاتك كثير  ممكن يخليك تدتفره بالعربيات  وتفرق بدل اطط  وتعمل زكاس تناعي  يفرق بدل عربيات  ويفرق بدل اطط  ولكنه ايضا  ممكن يعمل مشاكل  عاده بناختك  مش بسها يعمل كل مطاربيه على كل عربيات  انه ممكن يحتاج براي رجل بشان بيب ابابه  لانه بشانه بويس التشعارات طويل يبقى امامه  شنشاء بهم وده عزيزه المسطه العطفوال ممكن بحاجه عديه  لكن عمسطه كبور  ممكن يبكرس  لو انت اي عد عشر تيام  السهه من لنتم تبعو كل يوم بيطل  هتفترض ان انت قد افشنامه  ساعدها تحطه فلوسه كلها  وتخصر كل حاجه  او السهه مده  مفضل شيطه لعزاي من التبطعق  نقحيا كتير تجربه مع شخص  بالنباشه معيانه  بالصفه معيانه  ممكن يخليك تعمل بهذا الفيال  على بيطل الاشخاص لعندو بنون بشهدي  او العندون الصفاضي  ده العنسريه  تعدميرهم كلهم سيئين  او كلهم اسكيه  او كلهم رحيتهم وحشا  بس ذلك عزيزي  شوفنا انه الخصاره والعنسريه  كانت نتيج لموخه كسول  مين في الشنامه  وبالستسالي  الانسان زي ما قدريته على البحث على الانماه  خلته على انسان العظيم  لادر ساتر عكاكم  قدريته على وجدن الانماه  من اي حاجه كده  بارده ممكن تخليم  يفشل  يده رسده بحمان تعمل تعمل تعمل  تعمل كل حلاء  عشنه واللقل الحال  انه مش عزارف  اه  عزيزي  وسمع تسال  انه متفنش على كده  والله مش موتمي  عزيزي  شوفنا عزيزي  شوفت بحمان ده نمه  كنت قرر انه كنت تعرفه  فضل خلاصه  اولي الله يرحل اخذ  عزيزي ان الحل  هو الرياضيات  وتحنيد ان تحديد  علم الاحتمالات  فيهم الاحتمالات بيسهدنا النحفه نولصه  بشكل موضوع  لاجبات اسئله  مشكل يحمينه  من مننا الفتر للتعاميم  لانه بقومنا القام  ولا يسبب اراء  ده عزيزي بخليوم يسام معلوم الاحتمالات  كون تر انتويته  قلوم لا يساد بديهيه  يعني انت بون كلي معاكل يجب الصح  ومتاكد منها رياضام تبام  بس ترطل حسد بسهومه شديده  ان ان تتقن عموخك  انه يده لجب الصح  ما تحزش نارك بمرائدم  هناك فرطه عزيز  لو التحليل تلابوزتي فنت عندك المارد بنسبه سقى  تو سلت سين في الميه  تو دفرنت  ايو عندت هستو لي  انا مش فبحاقه بحمات  ايه ملديه  في جميله يولا عزيزي  انت عيام بالمارد  شوفنا القارود  وحادك القوحه و عادك العادس  وحادك كل حاجه عارفنا الننته عيام بالمارد  لما بندمت هست اقكوا سهيتها تحليل بيطلاه  بوزتيف تسعين في الميه من المارد  ينجبنا متحيان  والمارد  وحللنا لهم  التحليل عيطلاه تسعين في الميه  بوزتيف  تسعين واحد فيهم  تحليلهم حيب ابوزتيف  عشره بالنون  تحليل امهيب ابوزتيف  فكل نتحليب عزيزي  احنا من عرفش نتحليل  احنا بدانا بالتحليل  وكل عتمادنا على التحليل  سعيدت عينا السؤال حيكون  حالك تحليل ذا  كي ادريا اكد لنا  من انت عيام بالمارد  ولو يقدر  نسبه السخه تبعدي  هنا عيز السؤال ايجابتو  لم تعد مصيطه  ايجابه هنا ممكن تكون باكد لنا  من نسبه تسعين في المي  اوارب عيوم في المي  او عشره في المي  هنا مش عرف قاول  الا وفرتلي  معلمت اكثر عزي التحليل  بحنمات  بتكشف لنا عواملتانيه  نكلم نشفيها  ولكنها  تصغدنا فكابت السؤال  بلك عزيزي  عوامل زيييي  زي ماسه لنا  ايجابت معليل  ان البشر يصبو هذا المارد  هل دمارد  مش عام منتشر  هل مارد نادر  مي سيبنا سؤال ايجابتو  تحليل دمسه لنا  احنا عرفنا  ان لو شخص ماريد  فحت مالي تنوب اصح  يحت مالي تنتحليل  يدي بزتيب في سعين في المي  بسحنا هنا نعرف ناش  ايجابت مالي  ان الشخص يطلع بزتيب  وهو معا دوش المارد  مش جايز يبقى  تحليل مهاز  وبطلع موقع باغلى بلواء  بغلد النظر ان تنبك المارد  ولا اي انسان  انسان  كونو انسان  تجقيين في المي  هل تطلع عندهمارد  ودي الاعصاده  انت غليب لست مش فايه  خلينا بصطالك  بحزير الرازم  تخيل عزيزي  انت الرازم لنفعل انهم دمنا  هي العالم  رازمه  بتمس المغضره تعيش  فيها ميشخص  كل شخص ممسه البعليم  اي شخص عالم تزييد  بتمسل شخص مصب بالمارد  ويشخص  عالم تديره  تمسل شخص السليم  معا دوش المارد  يجب ان يكون لديهم كلهم  اللون محمر  تلعى تحليل النجتف  واللون ازرى  تلعى بوزدف  بمعلمات لنا التهديي  الراسم  هل يديني مش مزموته  احنا يقولنا كله واحد على شكل دائره  لا يسامريد  طب لي بااا  في دوائر  يعني اعش خاص  مش مصابه  واللون هازرى  يعني تحليلها  تلعى بوزدف  بيننا احنا يقولنا  ان يحدى عن تزايد  مصابه المرض  لي بنشوف  عالبت زايد  يعني التحليل  نبيت اللاشه  نعن ده المرض  ده ميتاني  النهى مصابه  يعني استخدام الراضيات  اللي بتحليل هذا العالم  ومعطياته  واته الليله  انه من دم نربعين شخصه  مصابه المرض  يعني هم يتهم زايد  ده موله  في سته و تلتين شخص  اللون هم ازرى  يعني تحليلهم بوزدف  يعني تحليل  تحليل من مصابيد من المرض  التحليل بتاعهم تلعى اجابي  لفكره عزيزي  فرديه بتترك باك كلم  من لو جبنا مرضه  متاكدين من مرضهم  وحلنا لهم  تسعين في المامنهم  التحليل ها يطلع اجابي  تحلبها عزيزي  بالرسمه  ورناضيات  نجاوب عصال التاني  اللي انت غلقت فيه  لما عكس توله  السؤال  لا تحليل بتاعك  تلعى اجابي  احتمالي يكون عندك المرض بنز بتادي  هنه عزيزي  نرجع عزيزي  هنه تكني نشوف كل تلعى  تحليلهم اجابي  مخضل النصف  كما كانوا دائره  ولا زائد  بس المهم لنهم عزره  دون عزيزي في الرسمه  سبعه وتمانيه على مزاره  هنشوف بها منهم  كم واحد  بلس  كم واحد  بوزيطف  يعني عنده اكشل المرض  يعني مريد فعلم  فهم  يعني دول العالم تزائد  ولنو عزره  فهر من فكره  يعني خمي عزيزي  سته و تلتيين  عدهم كده تم سته و تلتي  لوالسناهم  سته و تلتيين  على سبعه وتمانيين  يعني في الوقت  اللي احتماليين  تدني تحليل  التطول عموجب  لو ان تقيد مريد  تسين في الميه  فطرح العقسي  او احتماليي  تنتهي بشكل معاندك المرض  ج debating  ينتهي بتاعك تلعب معاندك  بتسوح في عصه المسل  واحدو الفيديو في المييد  بس ينلح لك ما تجه حالد  يا رسودي بحمد  وذبعه بعمل تحليل  واللستوده تحليل  انا عايز عرفه بحماد  العصف في الحيث مو عمل  عصف الفر  يقول لك على عامل لنا قلتلكنا حضر انا عندي  ذات جاهزا بتجواب لان نزبت البشر العبومان  اللي عنديهم المارض ده في العالم ده  بها ضد النظام عن التحليل  وفي هاله بالرسمه  هما اربعين في الماء من العالم  ده عريزي في العالم اللي عندي ورتورك في الامر  الميت واحد دول بالصفضي  ده عريزي كان عالم  تعلبها روح العالم جديد  بحسبات وارقم مختلفه  لو رحنا لعالم زي الرسمه لو الدماء جيده  فهذا العالم سيتيم في الماء من الناس عنديهم المارض  يعني هنا لو معندكش المارض فهو ناك  احتمالي يتوصل لخام سوطوين في الماء  ان التحليب ده عق يطلع موقع برضه  فهذا معلق انه اساسا اساسا اساسا  التحليل ده مش احسا حاجه في التفريق  من المريد والسليم وارقى اخوط في نفسه  قصول الله بحمات  معلو الله ضبتهم في العيونه  شربت تلته ريد بلي  احسي عملت التحليل دب  اه  شرفت عزيزي  الرغدت حيوه زي  وبتحمك من نفسه  بالسلمه وزوجته  خلصه بحبات الفيامتي  على نشوف الحلات باللفاته  والحيات اللي قد استناء اهوه  وقلصه مخلصتش  يا عزيزي  انت شوفت انا عملتقيه  عشان  نفهم هذا الموضوع  كبنا سوقان  ونزور اونس حوم  وعلمت زائد  وعلمت دائره  خدات تطويل  عشان نحم مقينه  من شرطقه  شرطقه جايه  من انه بيجمع امان  تخلنا يوها  في حيث بتطويله جدا  في القران هذه الحزبه  هي خدوات  ومقوهد  فهراتها  لوهمل لكل ده  فخطوه واحده بس  فلقرات تمنطاشره  هي قد مننا  القيس والفلنسوف  والعالم بضومه سبايس  يا بعمال  تومس بايز  اكيد بقبره التلاقى  يا خويه  بقبره مرتما العزل  تركز مع this  تومس بايز دائع  عزيزي على محترب  دل حطقه واعده معادله بايز رولي  اللي بتخطصر كل الحكه والده  في حساب الاحتمالات  الحصب مخارب في ذالان سجورنر  بعنوان بايز رولي  ذلكسي افتومس بايز  فقما اعد بايز  حيزيز استغتمها  مع الحرب العالميه  لما بيزيد الليحتياج  لحسب الليحتمالات  في سبا مخيف  زي زي زمان الحرب  هل العالم انشورن  هي استغد بايز روليز  قوانين بايز  عشان يقدر يفوق شفره انه مش شهير  فكره في الحرب العالميه  فكره الشباب  وهي اقدر يساعد العلفاء  على الفوس في الحرب في شفاء  ما سنه ضد النزيين  في الوقت  اللي كان في العالم الروتي  اندري كل مربوف  هي استغد مواعد لد بايز  عشان يحسن من دقيق بتنهار  بتاعث المتفعيه  مش بس كده  دقوات قويه البرطانيه  كمان  حتى استغد مواعدات بايز  وطق بايز  عشان تحسن من كفاءه  الحجماء بتاعث بتربيض  حرب عزيز من غرب بايز  كتتبى جونا رتانيه  تقل عزيزي مواعد لراضيه واحده  ازباتت كفاءتها في الحسابه احتمالات  الاحتمالات  وائف عليها  حيات ومتناس  بايز عزيزي استغد مواعد لاته  مش هتوفرد الحروب بايز  بعد كده ما شاء الله  هاتروح على كل حاجه  كل شيء  في التامنات  والتغاره  والباحث عن الغوصه الغرانه  بايز استغد مواهه  بدل عن مطل اموايد  تحياني عزيزي بنشوفها  بتستغدها في تحقات بسيطه  زي الليستام فلترز  الليستام فلترز  اللي متماليز بن الاميلاه  المروفيه  والاميلاه اللي مش مروفيه  بايز عزيز مواود في الازرس  بتخلع عزيزي مواعد لا واحده  بتقدم شورت تكت عزيم  يصلح من شورت تكتس الموخ  ارمال عزيزي  انت لما تفهمها  حتى ليها ابصط من ما تتخيلها  بسيطه على كل قض باطخه المعقده دي  وياتي عزيزي عصمت الريوديو  ساتر مكتوب  يقدر يغير العالم  حتى بمخطانه ومتوقع  ان تليومين دون  من مستقل 14 ابالهم  واحد فيه  تاتي بان عندو البرد  تاتي عزيزي  اللي فترض الموزبق  او الفرائر بتاع  خمس عشي في الميين من الناس  عندو البرد  وصيفت داع عزيزي  تحيط طبي انه يعمل عبديه لعزه الفرائر  لو تحيط بتاعك  كل عدقيه قوى بنناس  و تاع بوزتف  فهنا  اللي احتمالي لنتعمل تاعك  اللي احتمالي ابتاعت انه فران مريد  افدنس  افدنس داع  هاي خليك تعمل تعديل  عبديه  زي ما سنه انت تلاقي الرغل بيكوح  او سوخ  افدنس ورى افدنس  هنا تيضى التعمل عبديه تاني  ودنس بالسغطك  تزيد لخمسه وصبعين في الميه  كل عبديه ورى تاني  بياكيد لك انه فرديه تقسخيحه  يعني تحلكن افدنس  كسخنيه افدنس  وكوح افدنس  كل خطم دون عزيزي  بتبدا بترعيور  فحتملات هينا ان يكون عمد برد  لو شدت بيكوح  هتكون ائل من لو كنت شفت واحد  مع اندش خسيحه غمد  لعبدها السيح  انت متوقع نوضع من بكوح  شولانت  في الافدنس هنا  كل مكان  ولاي الحدوس  كل مكان تاسيرو  في فهما كنت مهاي  بحنامه  لو كنت بياسر عمل على رطال  فتاسيرو ائل  حالت عزيزي  صاحبك لعندها السيحه  دمج دعليل قليل الحدوس  بحنامه  دعليل نادر  وقدريته انه يزاوه  ودعتم الفرديه تك  اقبر  دعليل يديت في العضيه  خرصه بحمد فيهمت  انا عندي فرديه  كل شعب افضال عمي فيها بدت  ابدت ابدت  زل ايوالس  بس تقدم زمتعوالتك دمجر مصرحه  ما يعرف بدعليل  الافدنس  بعد كده  بحصد دعلي  اشوف ان ندر الحدوس  ولا مش ندر الحدوس  اشعى الله طبره كما  محمد بن المسلخوريز من فرق عليها  وقد تبقى تحسبيه  وقد تنسى قولك دمجر بشعب حاجه  هرش رحل  ابل عزيزي مشحله بالتفسيل  خلن استضى مصطلحات  اللي نسمع لبهاله  القراري والفستراري والحاجه  تحاله ندخلهم قول معدلي  شخص المعدله بالمصطلحات بتعطه  هل بشخص لكد  البسترير بيوسيوي  احتماليه الدليل  بموعه الفرديه  به ما اسوم  علاحتماليه الدليل  كل دول  مدروبيم في القر افضال  رحل  هنا على القربي للفسترير  او اللي احتماليه لنعزل صلى الله  مبنيه على الادل  اللي بعمل لا ابديته وبغماءها  والفرير اللي فترد المبدايه بتاعي  اللي المصبق  اللي نسمى ما اترش ادل  دول عزيزي بيحكمه بالنسبه اللي فنص  يعني الحده اللي فنص دي  هي اللي ما تدرف في the priority  فعمك بسترير  فهي هذه العنس اهدد الشئه  لو النسبه اللي هاتن تكانه  اقبر من واحد  فهن البسترير بتاعك  هي باقبر من البسترير  فبالتالي اللي احتمال اللحق  اقبر من اللي فترد الصبق  وكل من نسبه زيد  البسترير عيزيد  طب لو النسبه اللي هاتن تقدي  اقال من واحد كده  البسترير هي باقال من البسترير  وكل من نسبه اللي  البسترير هي اللي  بحمد  انا البرور بتاعي اني فيهم  وحزا بالابدات  وثالك سؤال  يدني دليل  عسى ان يحول لبسترير  لو هذه النسبه تلعت واحد  ال صرف زي  سحتها عزيزي  عزه الدليل ملهش اي ايما  لا بيزاوت فرسك  ولا بيقل للحق  دليل ساكك  زمسا للمقول لك  اي احتماليه نوعا دي برد  جي فن يعني بمعطه الدليل  ان رائيز بوتن  زر مصر نهارضه  حتى اولي  تلد نفسه احتماليه  بحمدنا عندك برد  من غير معرف ان رائيز بوتن  زر مصر نهارض  رائيز بوتن  ما بيجاب شبرد  مش بيكور حتى لكم الطيار  دول حاكتين  ملهمش ايها لقب بعض  حبا  نتبق اهازي المواد لبقوانينها  عالي سال بتعن  احتماليه المرد  العالمين دي  ليه  بيزيز  ديهي  البرد بتاعك  افترضك المزبق  في نفسه  هم سعوشي في المام الناس  عند حبارد  من غير متمترك لشعي دريل  لا تحليل ولا كحه ولا حد رفى بس مطول اي حاجه  اما لعش ملده  بيزيز  جي فن تستيف  بفترض  انتست اجابي  ماذا نوضرت ان التحليل ده  يطلع موغب  هل نتكلي التحليل ده  بتطلع موغب عمال عوى بطال  والله  نسبه العياله  اللي حلاؤ قبن اللي تندول  حد حدث  اذا كان البستير من بتاعنا  هيكون اجمه  والله عالي  تعالي عزيزي نعوض مصر  لولنا ان التحليل ده تحليل مهزه  نتكتو نوغب طول الوقت  بغط النظن تواند ولا نسبه  ثميه في الميه  بيحفزك  كفعنا ان نسبه تبقى  يعني عارفين اردين  ان التحليل بزتف  او معنى اخر  من دم للناس  اللي تحليل هم تلع موغب  كم واحد فيهم  عندوا بارد ده قد  تا عزيز  ان تلشاكك في مردق  مش هدار عالي سب  لكن هتروح تسئل احتماليه  ان يطلع عندك المرد  لكن هي نهر  احنا من تعمل بنسب  عشد هي رياضي ين  ابصد في الفيه  من الحتماليه  احنا في نهايه  السؤالين اهم موكهين  لهم لوحده  لو كلمنا برياضيات في الناس بدي  هي نسبه بالدرقمي  عدد الناس  اللي عندى المرض  والتحليل بتاعها تلع موغب  على العدد كل  للناس التي تحليل هم  تلع موغب  اسماء تلع موغب  يعني تفكي  هنعوه عن كل موطه  بسيغه ابصد  بصباه البسط الواحد  او عدد الناس المريضه  التي تحليلها تلع موغب  هتلع عزيزي ممكن يتفكي  ده بيساوي عدد الناس لعندوم المرض  فيو الناس  فيو الناس  فيو الناس  فيو الناس  عليها ان ينفوط بلحست  ان يعني نعم بر  بي  عدد وحتم علي  تهزيز معنا انه معددتنا اللي فوق بايت كده  نعم التشاهيف  نقدم نطيير  الامنه توطل من البست و المقام  انه ان البيدي زيز  جيبن  البوزي تفتست بي تشاهي  البيدي زيز  في البيي  بوزي تفتست  جيبن ان زيز  على بي بوزي تفتست  وديها عزيزي  هي هي البيسرور  اللي كلمنا عنها من شويه  بيز بيز عده تعرفي لدار قمك بيير  دارخه مكبير  لي انه متاصر بالبرائره تاني  راربي اللي  يوزتازه  يا عالى  يا متعلمه  ان الناس اللي سمهها احمد  قررت في البلد كتير  يعني بصاط to  لو البلد كلها سمهها احمد  ونت تسمعي  ان كل خييني  اسمههم احمد  دعيا يعني  ان كل الاسمههم احمد  خييني  لان البلد كلها سمهها احمد  فلاثر عقم سه خييني  كل Wam اسمهم احمد  في احماد  دي فين  النخين على احتماليه احماد مدروب في نسب الخيان  كرلود عزيزي حبنا تغزف المعادل  تلايه اللي اسمهم احماد  يعني انظايكه  عشان عزيزي برغبنا البستك بير  بدليني لغتصص لحظه بيسمعيها  وكلها لا تزلق قصص لامتوزمت بالادله  عمر بكانت رسال وانتساب وانتلجرام  دليل داملخ  لا تزل مجارد احتماليات  فهنا  البست هي كمكبير  وورد با عزيزتي  هل المقامه يكون كبير  عشان عزيزي لسمهم احماد اصلا كتير  واللتنين مقسمين على بعض  في الزروف التبعيه  هي سواب عض  وهنا في الاخر  ان المعادل بطارب عضا  وهي يصبح لتين  متى شاويتين  احتماليه الخيان  وهو اسمه احماد  بتساوي احتماليه الخيانه عوومه  ايا كان اسمه  المشكله لاست في خنت الاس  المشكله في خنت الصنف  موسط للمسيخ  يا احماد محمد ميكل  هي خنت الزكر  فناء عزيزي  ممكن للاخص هذه الحالقه  بيجوم لتارياضي الفرنسي  يرسي من لبلس  لبقال  ان الفروبيزه فيه  اذناثن  بتكومون سنس  رديوس توكى الكليشان  نظريت اللي احتمالات  ما هي الا المنطق  والحسي السليم  بعد مس  مختلف يحسبت وارقام  حناء عزيزي المنطق  اللي بعملو علينا  ممكن يغدان  بس الارقام  نبقى جميل شو بتخداش  فهمها  ممكن بغالط  بس سهيه بنفسها  وقعيه  بترمالك فوش شخصائمه  وده عظم نظم امان  لحميت عائله من الالعيب  والانموت اللي بعملها  وشورت قادث التعطر  بس عزيزي  نظريت لحتمالات من اهم  النظريات  معناها بتده يحتمالات  ما التحسمش  تولواه عزيزي  رفع كتفه  بس رفعان كتفاده  وشتكها  وتحللها  انديه احتماليه  احتماليات بفرضيات  بتعالل عن نفسها  بالادله بيقالها متكامله  فهي عزيزي  هزيين نظريه  لا يستنظريه كامله  دكشي جبط قطاع  ولكنها تم احتماليه  بتعامل معناها  ممكن تبغالط  تعامل معناها  بتصلح من نفسها  بالادله  فبيا بلنا عزيز نموزك عزيين  يخلينا  قولنا نقدر هذا البرنامك  ونحيه  ونشوف باحلاته  اللي فايتش مشفحاته بايه  انزبوص على مصدر  لحنا اللي تشوف نشرك على القناه  يزيين مشاكلنا معرفن  حلاته رضبكم بتعيبه  اعرف  فاستعلبنا نخود احتماليه  حلاته رياضه  جذن النهه متعيبه  وستحلات بحيكه وتوطل  دربطوم مع بييتش  بتحمد الاساتك  اسمطوم على اللقم ابقادر  مضروا فيه مرفواف  والسبايه  هل تلعل خرخم  ما يشعي عميهم  سلام عليكم  والله مخييني,,0.0,,,"[0.27555134892463684, 0.5830913782119751, 0.11805081367492676, -0.045152802020311356, -0.2833302617073059, -0.0386761911213398, 0.6065825819969177, 0.054694533348083496, -0.06971268355846405, 0.08510462194681168, 0.012536481954157352, -0.5594366788864136, 0.5126190185546875, -0.09570157527923584, 0.1551549732685089, 0.014502888545393944, 0.06265483051538467, 0.0709347128868103, -0.4023503065109253, -0.6190757155418396, -0.3177615702152252, -0.07166308164596558, 0.1986783891916275, -0.1784677803516388, 0.09054577350616455, -0.2037954032421112, 0.15057499706745148, 0.10828322172164917, 0.026401689276099205, 0.7795759439468384, 0.12734557688236237, -0.14395219087600708, 0.36566439270973206, 0.06342096626758575, -0.08985564112663269, 0.36229240894317627, -0.07811875641345978, 0.10510344803333282, -0.1264636218547821, 0.4814651608467102, -0.10187401622533798, -0.06067146733403206, 0.06600192189216614, 0.29235735535621643, -0.08687939494848251, 0.12235052138566971, -0.010558820329606533, -0.031802110373973846, -0.4694409966468811, -0.08919062465429306, -0.047711387276649475, -0.17893365025520325, -0.27266281843185425, -0.05806977301836014, 0.1598200500011444, -0.19145023822784424, 0.5622018575668335, 0.03203199803829193, -0.2895679771900177, 0.11123533546924591, 0.08784806728363037, 0.020614996552467346, -0.3668816089630127, 0.0508895069360733, -0.8303261995315552, 0.13647674024105072, 0.3458497226238251, 0.17844602465629578, 0.007755431346595287, -0.2270938754081726, -0.1303543895483017, 0.13083802163600922, -0.15761233866214752, 0.1030561774969101, -0.15199469029903412, -0.33434146642684937, -0.0961976945400238, 0.03821752965450287, 0.008120466023683548, 0.2900964021682739, 0.37015601992607117, -0.04913493990898132, 0.22783851623535156, -0.32760101556777954, -0.06026998534798622, 0.13619409501552582, -0.013930669985711575, 0.1287112832069397, 0.19992904365062714, 0.13504867255687714, -0.22688524425029755, -0.14033177495002747, 0.058581966906785965, 0.08394431322813034, -0.623173713684082, -0.13055923581123352, -0.27976006269454956, 0.025503575801849365, -0.012343724258244038, 0.2134718894958496, 0.10695657134056091, -0.004767784383147955, 0.044809579849243164, 0.15209358930587769, -0.02714609168469906, 0.3138677179813385, -0.08332780748605728, 0.06488502025604248, -0.049531660974025726, 0.11487314105033875, -0.6999115943908691, -0.23956410586833954, 0.027059683576226234, -0.014883913099765778, -0.18095336854457855, 0.17854610085487366, 0.08679415285587311, -0.24188724160194397, -0.2509845197200775, 0.05347183719277382, -0.1983521282672882, -0.05700477585196495, -0.2316482812166214, 0.35012325644493103, 0.2864173650741577, -0.5892533659934998, 0.12966100871562958, 0.2190953493118286, 0.30707311630249023, 0.09145946055650711, 0.09889377653598785, 0.04740586131811142, -0.2028379738330841, 0.30253639817237854, 0.17230357229709625, -0.35369208455085754, 0.015990206971764565, 0.07153274863958359, 0.11579779535531998, -0.6949245929718018, -0.07800152152776718, -0.07639385014772415, -0.43523699045181274, -0.10621241480112076, 0.11070245504379272, 0.12795798480510712, -0.27019742131233215, 0.14159658551216125, 0.2725948691368103, -0.16595786809921265, 0.3129802346229553, -0.23178575932979584, -0.04974183440208435, -0.024584252387285233, 0.31717199087142944, 0.2757723927497864, 0.6008380055427551, -0.2541922330856323, 0.2197585254907608, -0.15095430612564087, -0.4044046700000763, -0.12103459984064102, -0.37114977836608887, -0.1345333755016327, 0.08014842867851257, 0.32357722520828247, -0.12025909870862961, -0.14122793078422546, -0.3244260847568512, 0.051384009420871735, -0.10292764008045197, 0.03806876018643379, 0.6037891507148743, 0.30207404494285583, -0.03075486421585083, -0.2164115309715271, -0.010824513621628284, -0.41654524207115173, -0.25168082118034363, -0.06740139424800873, -0.038676667958498, 0.11743607372045517, -0.20099130272865295, -0.07802221924066544, -0.13414821028709412, 0.12585918605327606, -0.12530682981014252, 0.09277719259262085, 0.13073229789733887, -0.27049580216407776, -0.4788837730884552, -0.08791535347700119, -0.018314341083168983, -0.6488226652145386, 0.020409945398569107, -0.19927360117435455, 0.007009657099843025, 0.16418185830116272, 0.5072005987167358, 0.17641419172286987, 0.2019413709640503, 0.4053492248058319, -0.13573771715164185, 0.22986409068107605, -0.05941300839185715, 0.10350023210048676, 0.1038488820195198, 0.09782150387763977, -0.2903873026371002, 0.19319124519824982, 0.2534162402153015, 0.11780142784118652, -0.3653256297111511, 0.18848282098770142, 0.036430325359106064, -0.028230411931872368, -0.0044213589280843735, 0.472042053937912, -0.5331274271011353, 0.056261345744132996, 0.19352854788303375, -0.5658186078071594, 0.08643445372581482, -0.2583243250846863, 0.585075318813324, 0.3872309923171997, -0.4727504551410675, -0.15885956585407257, 0.045802924782037735, 0.016533374786376953, -0.2439846396446228, 0.3090987205505371, -0.3079882860183716, 0.04579905793070793, 0.14218367636203766, -0.028086431324481964, -0.0027280603535473347, 0.005511665251106024, -0.12071262300014496, -0.21562029421329498, 0.49118614196777344, -0.033823162317276, -0.21404795348644257, 0.18261289596557617, -0.06469520181417465, -0.37635573744773865, -0.39430510997772217, 0.459678590297699, -0.06773518025875092, 0.38099485635757446, 0.17595329880714417, -0.06839555501937866, 0.21887026727199554, 0.1775030493736267, 0.38813066482543945, 0.37929221987724304, -0.5100014805793762, -0.026524070650339127, 0.16356663405895233, -0.431041955947876, -0.28787168860435486, 0.19587481021881104, -0.2986433506011963, 0.3826372027397156, 0.18764474987983704, 0.14285767078399658, 0.04708108305931091, -0.4757431149482727, 0.17452384531497955, -0.3019700050354004, 0.09513185918331146, 0.053805846720933914, 0.06124993413686752, -0.37101107835769653, 0.23584644496440887, -0.08847589045763016, 0.3001556694507599, 0.06577350199222565, 0.370537132024765, 0.3172983229160309, -0.22820565104484558, -0.22109636664390564, 0.30059489607810974, -0.38851070404052734, -0.2540050148963928, -0.03458220511674881, 0.5653429627418518, 0.2356438934803009, -0.18029966950416565, 0.1429845541715622, 0.18057596683502197, 0.059482794255018234, 0.5389278531074524, -0.09286260604858398, 0.352317214012146, -0.12469559162855148, -0.1152605190873146, 0.13004013895988464, 0.015064157545566559, 0.30061155557632446, -0.21245044469833374, 0.14571724832057953, 0.07661563158035278, -0.0027271248400211334, 0.4536401629447937, 0.04223119467496872, -0.10544651746749878, -0.13395236432552338, 0.21006406843662262, -0.38218972086906433, 0.05176197364926338, -0.23083654046058655, 0.1866883635520935, -0.3063620328903198, -0.17389972507953644, 0.5594066381454468, 0.10033933818340302, 0.20606006681919098, 0.08854252845048904, -0.5422497987747192, -0.20885755121707916, -0.5057913661003113, -0.21157649159431458, -0.0595363974571228, 0.04411107301712036, 0.22442956268787384, 0.2872256934642792, -0.5883558988571167, 0.09262873232364655, -0.28181368112564087, -0.5821501016616821, 0.09703546017408371, -0.37603652477264404, -0.1703738570213318, -0.16493861377239227, 0.10584688186645508, -0.07375486195087433, -0.18521375954151154, -0.14891724288463593, 0.07830427587032318, -0.16046567261219025, -0.20285676419734955, -0.2785319983959198, 0.2955581843852997, -0.07547052949666977, 0.09310054033994675, -0.29212620854377747, -0.32655709981918335, -0.023945879191160202, -0.0053736185654997826, 0.3326072692871094, 0.36052370071411133, 0.058071501553058624, -0.1586616039276123, -0.5082867741584778, 0.1794791966676712, 0.15586751699447632, -0.1564403772354126, 0.23451681435108185, 0.12610960006713867, 0.258052796125412, -0.04294890910387039, 0.1733788400888443, 0.7269508242607117, 0.34120306372642517, -0.20551833510398865, 0.03488016501069069, 0.0047425078228116035, -0.03511995077133179, 0.09256161749362946, -0.17280416190624237, 0.13644908368587494, 0.10790975391864777, 0.08855203539133072, -0.10257162153720856, 0.1155034527182579, 0.004963301587849855, -0.03621380776166916, -0.130644753575325, 0.2713915705680847, 0.2812124788761139, -0.26943299174308777, 0.10734337568283081, -0.09280533343553543]","الرياضيات مش مجرد أرقام

فيه أنماط بتحكم العالم

الاحتمالات تؤثر على قراراتنا اليومية

معادلات بسيطة قد تفسر ظواهر معقدة

طريقة التفكير أهم من المعادلة نفسها",إيجابي/تعليمي 
EmbMuwOK92c,https://youtu.be/EmbMuwOK92c?si=M0-G_dDufbckkjic,ما معنى المعاني في اللغة العربية؟ | الدحيح,New Media Academy Life ,1486,20251007,1843835,transcribed, أهلا أهلا كل اللي اللي أخدرات أه أنا سمتة أخدرات وليس سمتة أخدرات حما نمك أن يسميها أي حاجة أنه أهلا أنا لا يتلونها أخدر فعولت أخدر أخدر أخدر أخدر أولا نحن نفسنا نتفع ناشع على تسمي تلقل وين أن صحاب عش certain أ password يقول أن ن Portugal ن serversOϊ يي Paper إ emo أصوعة يغضر بتاني آه آه بطني بطني البتعالة لك التاجف يا أين فيه فيه سم ايض ما انت مقوج موقول لما سمين السم داننا فهم اللي بنستردمو لما نحبن خون السضاقة ولا اخضل معنوى اللي بيننا وبين صحابنا غطر الصحاب حسني ما احتاج لما ناس ونيل بسيس و تفيس و تفيس و تفيس و تفيس و تفيس و تفيس و نزع على سيد فبات الأتيل و ما شف ما شف ما شف كرستو أسميها مرستو هذا مشكلة ساحل و ركاته أهلا ميكم في حالقة جديدة من برنامج التحيه فريه عزيز أخذك و نروح لوحدة من أشهر القصص في صفل التكوين القصة قصة بورج بابل بحيات التفون العظيم بابد اكناس للنوح لسلام في بناه بورج عملات بابن هذا البورج في صفل فارد اسمها شنعار عالفزة القصة الابناد والكن حدف من بعد التفون إنه يجمعه في مكان واحد على الأرض يتوحده و يخلل على مكل ملكة واحدة وهي بألمام لده بمجد عضورهم و بيخلت وحداتهم بورج راصو وستة للسنة كل عجيزي على حالة القصة إن البورج ده كان بيعرض راضة رب والأرض للهي قامرت إن البشر بعد التفون يتفراه في الأرض و يتقصروا و يعمرواها وما مختلفة وبالتالي البورج ده كان رامز للكبرياء وتحادل الأرض للهي و نتالي البورج عقبهم رب أرقاب فريد بالنوع انتهى فمكان واحد متوحديين و الجمعين طبا خليكم ما تفع مجبعة خلع زيزي لو انت فمدين تكبت كل مولوغى وحدة فهجه صحيط لايات كل واحد جنبك بكل مولوغى بحد جشفين حد ولايظم كله و جشتنغه و رين ناس حل عليهم غزل عقاب و مش فهانين بعض ما هدش ادين يبنوا هذا البورج و من هنا يتسهمت هزي القصة بقصة بورج بابل فهمة باسكت فصف التكوين لذلك دوع يا اسمها بابل لان رب هناء بل بل اللي سان كل الأرض بورت البورج بعد فشالهم يتفرقوا في الأرض و بتفرقوا هم ده تحقق قت راضة رب و تكون تلقناس والأم من المختلفة حوال العالم عزيز يعني مجيقا لما قلق قصة وتفسرت الدنيا إذا هذا أنا قلق لما قلق للايظة حقاعت نازي قل بدا للايظة وستنبطات واس قطات واس تقراء أي حاجة في رزالتة بمعرفة أنا بيخلفية بوش عصب المنصوحة البرطانية بريتانكة للايظة بخليان فقر إزاي نشاية اللغات المختلفة حوال الأرض عرض عزيز ونقم اللغة حوال العالم عرض قم سبعة تلف اللغة اللغة من كتر موانه شد بديه إحنا الفقرش إزاي اللغة وليف كم هازيل اللغات فهما نشف فقرش تليل بشعر من كل مشلغة وحده لها بعد ما تقضى النهو عمان التكنولوجي للمشكل لنا دلواتي من كل مشلغة فعصل انت نتوز الشلمده والتواصم تمارك فقرش اللغة تاتك انت لتنين هل انت فاهم علاقة كل اللغة تؤونه بالواصقع الحيال حواليك يعني مثلاً الشيء اللي بتأبل في الجنين بكليئ جزتاً لعمله أخصاء وورة حاني با في مثلاً تفاحة أو صمرة جنرى الشيء اللي احنات علينا في مدائلس إنه اسم شغر دي من أول شعلي مركب أو فيل وحن يسؤال هل بونيك علاقة حصري يتجمع بن اسم الشغر ومعنا الشغر وشغر لي يكسك لوس في الشيء دم ينفاش تسمع إلا شغر بحما دن عرف الحركة دي انت تعمل عملية اسمها فزلكة يحن نطلعنا لانها شغر عايز اه انت عايز اسمها جتاني اسمها جتاني يخيه يهازي زي عديم لا يستفزلكة يطبع مفزلكة بسي مش فزلكة فرق تقوس إمن أسيئة أجبر شغرة العلماء لعقود ماء هي أصلاً اللقاء ماء هي حقيقة كلمة شغر إهي الاسم دوء يعلقت بمسماء أو بتعبير علماء اللي سنيات فعصر الحديث هل بونيك علاقة شبه بن الاسم والمسمة بن الدال والمدلون الدالف الحالدي هو كلمة شغر ولمدلون هو الشغر نفسها في الكتاب في صغبة العربية يقول أن تقتر أحباً بلدون إن السؤال على أصلاً اللقاء سؤال أجي مجدًا ويجدل بتاعه ممكن لو رجانة بالزمان نحن حد زاء فلطون الادم في محورة كراتورس نظر جيتيين عن أصلاً اللقاء نظر هل أولى بتقول إنك كلمات ماء هي إلا صورة صوتية للموجودات يعني أبحمات بمعني إن هناك شبه بينك كلمة ومدلولها يعني مسلع عزيزي التسماء التائف إبديب أو الهول والأفيد لها علاقة أولى أولى فما سنفى الإنجليزية اسموف عشان وبيموف مسلع مشلتة بصوتة متربحة جامن شاكل أو طاليط حركتة أفلطون نفسه كان منص حبر رائدة كان بيشوف أن الشباب يبقى بيبقى بيبقى كلمة ومهيط الشيء أو حيطة دي؟ نظره نظرهت أن يبقى تقول لها ما فيشك كلم دخلص علاقت الاسم بالمسمى هي نتيجة التفاق أو طواطه مابين إبدا مع اللغوي يعني نتفاقنا إن الحيوني اللي بينا بنص عين وصوتة مرعبدا أن سميزي بونك اللغار نتفاقنا نسمي بقى اللغي بشمهم بقى ان يحلق قبل الحيون والاس المهم إن نتفاقنا كلنا على الكلمة لو فقط عزيسها تلين يكون لغة مطرنات واجهة أسئلة زيدي أسئل حول الأصلاحة علاقت الاسماء بالمسماء بس أعكيد صابق وزيلا حالنا نحن نتبع أسئلة كل لغة لغة أنا بتميز فيها وفنطقة وفنحوها بسلاحة بحمدن مشلاع عدع سمينك كنفى زموضرة أربوك بحمد إتحفنا بلغة لكل عرب الفصحة عزيسي أنا لو كنت الأخير وزمانو لا تم بما لا استطيع به للمنس لكم في الأول رأة بحمد خشالة بالحلقة خباك فراضة قد أعجايد بيبعد من ويشش السعادة أجرير فلغتنا عربية لم يكن بونك نظريتين ونقن نظريتين زي أفلطون كده إنما هناك فكرة تين التوقيف والإستلاح كل فكرة بتترح نظري معينا لتشكير اللغة أولا التوقيف معنا في الأموم إنه حاجة الشارع نصعليها الشارع ده مشلاع الشارع لم نار في قورة لا الشارع هنا المشارع و الشارع فلوات العلم الإسلامية و الله سبحانه وتعالى والنبي محمد صلى الله عليه وسلم وبنع مني نحن بنكلم عن اللغة فلم عني إنه على حسب كلم الأصحاب الرائدة اللغة بكد جوعة واحد من الله الذي عالم آدم الأثماء كلها دي فيكرة التانية هي الأستلاح حجي فيكرة بتقول إنه اللغة هي مصفلة عليه الناس والتفقو ده ملتلك ده إنه حاوام سوتك ده اتفعنا نانسمي في كل كلمة لموجودة هي تركيم اتفع عليها البشف ورابطوها بالحاجات عشان الظماحيات و تعملت مليومية فنظرتي بطوعة فلطون والفكرة تين الحكات لك عنهم و عندنا هنا في الله عربية قرررنا ننحن نسمي حجد بياس للموغارة تنننة التفقرنا على ده يعني تخير لو اكتمعى بشوة من قديم الزمن اعمل السويتش و أمو عقسيني كلمة دي فباية الفق اسمع حصان والحصان باس مداجاجا الحصب النظراتي ده كان شي ورقد ما بالانتفقى لو ناس غرت تفقاتها المفروض مغير اللغة ولكن عزيزي نظريت اللغة اتوغهلا اتتعمت كسيرة و اننا عرض لك ما يسرن و انه يجب مظر مهم و دي مش من عالم اللغة دي من أدي بزك وهو ابرهم عبد القادر المازن في كتابه حصوض الهشيم المنزن بيتريع الفكرة الاسطلاح بيقول إن القوة بأننا ناس استلحه على الفض معينا ينقوا نفس وحسبك ان تسأل كيف الصطاع أن يقف على هذه الألفاض والتركيب و بأي اللغة تفاهم قبل أن تكون لهم اللغة ليس من الواضح أن نتفقى قوة يتفاهمون بها يعني ان نسلبت لهم إن اللغة و تكلمات جايب اللي التفاق طب التفاق تبعني اللغة عشان تتفو و بحمد رجد مكبر ماضوة عاد ديب معاد ديك دوام ناس عمائلة فا منا سمالين فا مواحد شفوه هبيقول ديب ام ايه ديب برض اتفاق كل الناس العديين هظراصهم ومالو ديب فبعاد ديب لحاجه نماز ديب ما برفتش فيكت اللي صلاح دي كل يم لو هنحسم أسماء كل شيء ما احتاجين أسطل بأسطل بلوها بلا عشان ندر نتفاهمونه نتفاوه ونفاضل أسطل من الألفاز لو هدنا عجيز بالنطقة دي و حطن الى استلاحك دعى لجب حنلي نظرات كتير عمد العرب بتقول إن فيعى لقى ومنطق بين الدال والمدلون يكلمة وشي اللي بتوصف وده الاختيار من العام العربية حاوله يزبتو بأكثر من طريق حلينه عجيزي أختيت فرح لكتة من النظاريات والمحاولة إتحاول تأديم هذا المنطق وهيزي الصلاح طبعنا عجيزي من كتولة لايدا يكلم ومن كتولة الله ده حلو أوي بس الأكيد أنه عجيز الفرديات و النظاريات مصيراً الاهتمام مثلا في النفارس فقر رابع أخيج ريان كان بأدم إجزر اللغة ولكلما لو كان من طلط حروف بنغير تكويم مصدر أو فعلمين مغررة تكروف جمب بعض ويون هتتها والدمكة فتلي من المدل الغويل بسيطة دي فيما هم يجمع كل المشتقاء فهما مكلم نظر دن أمسلة تازبوا صعجز ده لا معين به هتكون مشتقاته زي ليعب ولاعب وملاب ولاعب در كله بيجمعهم معاني مطربت قددك بيجمعهم معنوى one ده كم نفارس بيجي من بعد بنفارس فنفس القرم يبنجني رجد بيقدم في كتاب أول خصائص ويحدهم اول ألتفاتت أزكي اللي بتحلتر سمع لوقت بين النظر ومحنان في اللغة العربية بيقول لك برساطة ان يجل السلاسي في اللغة العربية كل تقليب واشتقاء قاطه بيجمعهم معنعام ويجمعنا مسال بكلمة كلمة اللي دزرها السلاسي كيف ويلام وميم لو اللي بنى الحروف دي مع بعضها هتدين ستشتقخل كلم كمولا لكما ملاكا نوك ولمك إبجي الني لك جايست حسي كلمة دي ما لها شلقى با بكلم لو ركستها تي بيجمعهم كن لو معنعام وهو القوة والشد تعلنها خط كل كل معلحدة كلمة نشو كلمة هو جرح ودي قوة الكلمة احيانا بيجرح الكلمة وذي ما بول الشاعر جرح اللي ساني كجرح لاد لكما مفهوم حدد لبنية وملاكا دي مراضف ل القوة وكاملة من الكامال والكامال قوة برض ناست دائا مك ودي بيجي منها تعبير زي بيجي رمي كول يعني بيجي رقلما أه بلكازيز البيجي رمي أنه شان تخدعت فيه ودي فكرة هاي زي بيجي إنجيني جيحا دي ما كلمة يجيب أن تجيب بيجي مجد أصل ولكن محاقك كتاب تاعه الدكتور محمد على الندار بيجيف إن التلامك هو تحرق اللي حيان بالكلم أو طع واللحان دول الفكام فبار دوني ادرنوني لأن هذا خلف معنا قوة فكدة على حسب كلمة بنجني معاني الكلمات في العربية ليست معاني عتباطية ده هناك جزر مشتارب بيليف في ويدور لمعاني أرى يبقى وحتى لو منطقة بنجني مش بالتبق بتعبير على كل جزر السرسية فهو أمر يقصر في العربية لدارة جاتي خلصي نظريتي بنجني نظري متمسكة جدا ولا تنيين إبتته يعملو عملية زومئن دول الفضل لغة أكثر من كدى بحمد ده نخلوة سجزر كل ما باعذيز ولماء دول آلو احنا هروحنا دول على معنا ومنطقة بستخب بفي الوحة اللي بتصنع كلمات نفسها الحروف حلو عزياد دينك الشيخ حبد الله العلي ده أالي بلبناني اتعلم في الأزار في تلتنا تقرلع الشيخ برغل ده طرف في كتابه مخدامها لدرس الارب وعمل سورة بيرف عالمنا المحاصر حوالين علاقة اللفزة بمعناء في اللوان عربية بول علي العلاقة الشيخ باسم علاقة منطقيق جدا وإنك تمام شين وجيم وره ويته مربوتة شغرة بالحروف دي تحديدا هو اللي بيكاوين معنا شغرة بلوخد عندك مكان شيخ فعل الشغرة إلا إنها تكون بهذا الأس بحمدة داخطي رجاء ممعت فنيقي انت عزيادة عملة المشاكل في برنم داوزكت إنها لقبرك اللعملها الشيخ العلاقي إنه حطل كل حرف من حروف الوارع ربية ده عام مغرّة ميساتي أي حدد الارس مقدمت ألمام أجزري في التجويد حيارة والتفاشي أشيين بمعنى إن حرف دا حرف الشيين دا عادة بيوفيب التفاشي والانتشار فقك ده مع عزيزي فقلمات فيها حرف الشيين الشمسي الشيعى شريع ده هزم عاكده إن المعنى العام اللي بيجمها هزيك كلمة المتنوعة وفقكت زيوع والانتشار و العمومية كل ما تشوه عنف ساة تربع بحرف الشيين عنى نفس الطريقتي الحليل حقت معنا أو عيدت معاني للحرف والحرف ده لما تجمع مع بعضها تهمي اللي معاني كل مجريدة تعنى ناخد كل من شغر مسه اتهم المربوت خلالها لجمه يعلمة الغوية للتعنيس نخوش على شيين جيم ره حتى هزيزي معنا الحرف كتيف الشيين تدول على التفاشي بغير نظاب حين فقر في الفروع والأخصام الجيم بتدول على العلم و here is the rums لجزع الشغر الرهة تدول على الملكة و دي معناها تمكو نشيء في النفس زمن أول الملكة الإبعان دفلان لأن الموهبة تمكنك من النفس و رائع هنا أو الملكة ممكن نحلها في كل من شغر لتمكو نجزور في الأرض بكرة على حسق المرغل ده كل الحرف لهم معنا وبيخلق صورة في دهنا شيين أخصام بتدفاشة جيم عظم الدجزع سابق الرهة تمكو نجزور من الأرض حدوة بتتحكع عشان نحصر على صورة الشغرة كاملة يرى كنا نزوم إن أكثر زمن ركزنا عرم عنى الحروف نركز على الأصوات التي تصدرها و نحو المحكي حدوت الشغر مفسه بالأصواء في كتاب كلمن من مفردات اللغة إلى مركرة الصقافة يقول أن تكتو أحمد بيضون إن الصور الحركية الحسية للحرف والأحساس بيصدر صوتو أو زمن بثميح عالمات تجويد مخرى للحرف واصفاتو دكمان بيوساهم أيضا في تشكيل معنا خلال عزيزي نرجع الغافز الشغر نرجع المراضي بشكل مختلف شوي خلالهم شيء على صوت الحرف واصفات لو ركزها تليه بيراضف نفس المعاني الحطال عليه شيء من الحروف المهموس في اللغة والهمس هو غران النفس لما تنتى الحرف ولكذى عجي معي بصحر نفسك ونت بتقول ششش فيها واخير بقصرة كأنه هو ده معنا التفاشي فاي من فكرة فنتبت بصحر نفسك التفتعمل آي و بتحول تستمبت معنا تعالى روه للجمع ده الجيم هو حرف من الحروف الشدى إن حباز جل يسوت عند نطل الحرف لو حويته يجب يجب مش هتكام المحق زيشين والشدى والقوة ده هي نفس العظمة اللي بكل معيش شخص العلي أخيرها بقصرة حرف الرئة و ده من صفاته اتكرور اللهوة ارتعاد رأس اللي سان لما تنتى الحرف مرة بعد مرة و ده تضطوا بشكل عباخر نم لن نسمى معنا الملكة عند العال وهي الملكة يين وتمكونها من الإنسان إلا محولات بتكرر مرة و رباب زي ريه كد مشكل عباخر الشجر اللي في الجنينة هو كان شايف إن نحن لزن عبر عنها بالحروف دي بساب معيش الحروف و حسات الحروف مع بعض تكتر بايدون كمان بديف إنكتمال حروف مع بعضها مش ماء السبب ديها معنا زي ما شوفنا بل احن بدينا صورة قسمانية لحرقك والتجاه الفان و مسرل الأبصة على فكة دي هو فالبلعى املا عديك عزيز و خلف الصص البيه مخرجها من الشفةين وتحديد من فتعى الشفةين بق والله مخرجوا من الإنسان و العين مخرجوا من أقصى الحلق فيتشكل لنا بالمجموعة تتالت حروف دول استوري عزيزي قصة مصار الأك وات البلع بناء خود بشفة وبعدين بنمده وبعدك ده بلعن مشفع زي فرحل دي عزي تأحنا من شف محاولة وانظرية بتصرد لغة دي شفع فعلي استقارت وستاوت وغزرها اترسخت في الأد وأخصنها تشهبكت لحد مبائب غابك سيفة ولكن لا يستعشوائي كل عنصر فيها بيتشابه ويتعشت بيبامعة تاني من أول سوط الحرف مخرج لمعناء المفرد وصولا لكتماع مع غير عشان يخد في النهية على المعاني وتكونها لا جزب قد رواصة احر وبي أد من تصورات لمن تقيوحكم الدالو والمدلول ولكن عزي بفرد عالنا سؤال مهم مجددا بحمت كل المرفض مفرود كل المعروض مرفود كل المرفض مفرد مفرد كامل بحمت السؤال التي طبحنا نمبداي الحلق كيف بدأت اللغة يعني الغابة الكسيفة لنحكت لكناهدي اي اول بزرخ ونيتها شخص علي لي بتصور إنه منشة العربية وكل اللغة عمومت هو لما قل انسل قديم بيسمى أصوات الطبيعة وكاملت لما بدفيها ويحاول يحاكي هذه الأصوات مش شاني تسل وينا ما عشاني أده وزيف وهم زي تنبيه وتحزير مثلا يسمع زق فيقول محاكي العواء بتاعه بحوى هنا خزر جمعته نجمع الزبارة فيقول عو دخل محاكيته غليباً أهبارة عن مقاطة صوتية صغيرة مقاطة من حرفة وحرفين ومحادي ان زي ما تقول كنا يدفل انسان لازم تتكرور وو ألف ده بأنافس الصوت اللي بنسمع وبشكل متكارر لن تف بعيط وح فالإنسان بستعدمو ويوصل لما رحال أعلى من محاكات صوت الزق فيقول العوة وح وبالذبان الطبيبات تتعاقق هذه الأصواء وبتعاقى معها أفقور الإنسان والمعاني اللي بدر فراص منطق العليل بالليل وشابه في مقدميك كتاب سرلل في القلب والإبدال للكاتب أنه two أحمك فارس الشديو راجتك بقول إنه اللون عربية بحكيات الأصوات والصفات في أفعال أفعال زي دققة هذا دبا وغير هواغير شنك لا يخلفها لسنال مضاعف ده هو الأس اللي تفررات منه شغرت اللوها العربية فقال أزي المزني الحكد لكراع والفلسط اللح سمو تله المزني لم يكن علم لهم بس وإدر بما يبتوا وبعض نظر وكعديب يتصوير مرحة المرد بها اللغ بحضة موصلت لنه أكشي عاديسي وقال مفرقة تصوير مشهبا بين عن العليل ممكن ناخص كلم المزني في تلط مرحة أول مرحلة الانسان بحول يتور أنصفك كلمات والأصوات المفرضة اللي بنتقى عشان يقدر يحبر بها وستجمعت بشريس غير دي كتأول مرحلة المحل بعد كده الانسان بالأفضل بسيطتي هيبدأ شوية يعبب في الأول هيحبر عن المحسسات زي الحكد المدال حولي بعد كده يبدأ يروح الحكد معنا ويأكتك زي مسان تعبير عن مشار المحات التراه في الانسان بالتفتل شوية تقل في الزلم عادون ويبدأ يتبعهم على زوائل الحال أضب يبتدي يحطبا كده زي السوص اسمه وافعال من عالم الشخص عشان ينديها صفوت وكفارض ممكن يخلي منها وزكروا منها زي الشمس والأمام ويخلي مسلاة الربيع بيط وهكذا وهكذا أنا عرف عزينا انت بتلغبت فخلينا اني لبن كله والندا بأبس الطريق ممكن وننتفت في الأجملة زهب الليلة طلع الفدر وولع صفر صوصة شاف الأطة الليها بيسبس ألتل نونه نونه لونه دي لو عقسنا تتم فرضطة الليها بتصوير لنا صطور اللغة زي لأله المزني والعليل وشديوة يعني مسلاة صوصة وبيسبس ونونه هي حكيت الصطة عن الشديوة وهي برضو نفسها المقاطع السنائية الصوتية عندي العليل وانصافك كلمات عندي المزني وكله عندي التلاتة هي الطور الأول في نشو اللغة عم ذهب الليلة بأقى وطلع الفدر بتخليل نسأل الليل بيسبه فين والفجر بيطلع مني دوان عزيزة نعرفين كواليس ندل بيسبه وربيطلع إنما ده المجاز اللي استعاروا الإنسان من حياته عشان يقدر يفصر زواهر كنحولي إلي إنسان هو اللي بيسبه إلي إنسان هو اللي بيطلع ده ربال دور بيوصة فكرة المجازد المستالح عزيز يثم ووه من المشهبة وفي الخيال بيثدخل عشان يعمل على القاة بين اللظو والصورة مثل كل متعين كل ما المنكى انتولها على حاسة الابسار ممكن برضو تولها حلبيئر ميهجا وفية دعلى خازيز مشهاف الصرحة إلى المجاز عين الماء هنا اتشبهد بالعنى المشارية لنقاءها وصفاء زي ما بيقول من فارس في المواجم بتاعو وحتى العينك حرف مكتوب شابه رسم تلعين الخططين بيسمم بجوزي العالمين حاجب العين بعد المعينك لو بصيطها تلافها خمسين معنا مختلف العين وكلها قائمة مش على أصوات لا على المجاز على المشابهة بين المعنى الأول والمعاني المتول لدامين فلو خلنا مسلاً بالمجاز حلاني بسها لن نطصور تلاشي الليل والدمعينكي بأزهابة ون بساقي فجر من عزد ضل ما تلوع المحالات عزيزي لك لن نعنها بتخلينا نقدر نفسر تطور اللغ وكام المعامي اللي مكلش حسين أنها مووده جوه وتخلينا تأكد إن كل حرف وكل كلمة ووهطة طور و تاريخ طويل من التفسرد تعلم بسها نتخيل إنسان كهف بداقي إنسان بيتحك فكافو وهو شايف نهر جال ومتأكد إنها زنه بس صلع نبي هير وعطش ونشو بعده بالف السنين يبحتر بيقول اتاك الربيع الطلقو يختال وضح حقا من الحوث نحتها كادة أن يتكلمة ودحكده إنسان بيقول هو بعدين يشاعر أصقط هذه الدهة على العالم بتاعه فشبه إنتعى شطبيع عبر الربيع وزهور السمار كامل هتتحك زيما الإنسان بيتحك فتزهار سنان انتلوت عزيزي بتعلم كويش عرف موضوع مشكلة بس عرف إن اللغة طور حكا زي الدهة مع الوقت مع وروس سنين لما عاني اعقدت لفتحنا لسن العرب عالمد الدهة بضع وحكف هنال الدهة معاني أكتل بكتي مثلا يعني حاضة وده فصر بي مفسلين الأيال قرآنية فضحكت فبشرناها بسحاط وضحوك من طرق مواضحة وستبان وضحوك برضو هو الطريل وعسان إيه تكد بحمد لاخم التيني أنهم من معاني دهة صلال الدهة الكتب اللي بناني فايد العبد اللى هيا تقصة هازي المسألة بناي عنا مطريق تشيخ العلي في معاني الحروف طبعا نتعارف هيا سكتل لهم نعنف لعوى بقول لنا كتب ده فما قالوا الدهة برضي يفضد تدول على الغلبة تحت الثوق يعني أصلا راسخين الحب تدول على التماسك البالف وتدول الأيضا على المائية يعني شي في سيولة الكاف بتدول على شي ينتج عن الشي فيهتكك بيقول لك توركيس تهينة كان ممكن نكتفي بالدود وكاف للتعبير عن الدهة يعني لو الدهة هو تكشو في شيء عن آخر فالحرفين دول مفروضي مكفيين للتعبير عن حركة الفككين أسنا الدهة إبه اللي غب حرف الحاضي وكاله معرفت أصلا الدهة هنالي معني الدهة بتديت ترتب ما سلن هيا استعباد معني زي الطريل واسح بي بصطة شديدة لأنه أكيد إنسان اكتشف أسنانه والمرة أكتشفت الحيض أبل تمهيد الطر هيا استعباد كمان الزهار الأرض الأبات هيا إليها الفض مخصوصة ورى يبنى جزل الدهة وهو أضبقى أقد أقد غير كمان إنظور النبات مجدائمًا وفاج الغالف وحات الصحر إيه هل قد تدحك بدا ملحيد أرغوك يا بحمد لا يمكن عزيزي خلال انتبع مع رجل حد الاخيض ما نعرف في الأسنان لو فقرت فيها مش بتظهر وقت الدهة كمس وإن ناما من شوفها في حالة زي الائكل واتكشير لكي ممكن مثل المسلن تظهر صوراً في حالة حيد المرأة أكع لامة إنه إذا بسم الله مش ألا اللي بين تبالغي أو إن قطاداً ملحيد مفسه ممكن يبقى على معل الحم بانته البحث إن المعنى الأول والمعنى الأسنة للدهك شف شوف أكشلي دعم الحيض مش دهكد إنسان أو زور أسنان وزايماً وطصاور إنما بقى المعندي قد بعد كتب الخيام على سبيل الاستعارة من الأسك مش مسادة خلينة ضرب لك مسل من قوم لامجازي واتمن واحد إيه بابيات حكو مش أادر بيول الدهكي كان للروكب تقدر تفصرها إيه زي حد يتحك لحد روكب ويستطبد فقط ويش مفوب ولكن على حسب تفصير نقدر نفسرها بصاطة إن دم المرأة لم يسيل بكسافة ومي ليش حاجة وأفو هيوم سنة للروكب ومن معنا إكثر دي استعارنا هذه الجملة عشان نعبر عندهك الإنسان سحت الفرح الشمين قست عزيزي الدهكي لحكت حلك دي فهتحو بهم هو انتقال دلتكيلمة من نحنها الأول لما نحنها المستعار ومعدي كده بيغلب المعن المستعار ويكشي لي بيستقر كأن المعن الأصلي كل حكت كل حكت لقد عزيز ندى من سمي شغار مفهيمي استعملت فيه كل من شغر وخطديها رحل طويلة في الألفاز والمعاني وتبعاً دلواتي سهلت لحزل على الأقى بين الشغر المتشابك بأخصانه والشغار المتشابك بوجهات النزل المختلفة لما النسية تشاجر فنعجيز دي كلها نظر يضحول التضوار على أبينية منطقيه أكتب عن صاحب نهر كل النظرات المتظار بحرن اللغة لكن سأل مهم مهنى بعد عرض كل أصقار والنظرات دي لازم تكل ده رحلت عزيز في اللغة العربية بمهنها لغتنا هي المسهل آراب عن اللغة عمومن لكل كماعين سنة فكت طلسة مده كلها مشرفة يغلص الحسب اللغة والأبريكي بنجم الدليور في اللغة بشكل الطريقة لبنفقر بها ويكشي لي ممكن تحدد إيلة بنفقر فيه اللغة هي طريقة في التواصل والتعبير وستقبال المعين من غيرها وصفها في الاسوب خليجر أنها مسكن المبود عمرك معتارة في تعببة لو مسكنة قدية أو مشفاهم حندس وشنكد عرضه فقصد بورج بابل فقدان اللغة المشتركة كان فقدان لكل شيء وعقاب خلال البشر يروح دوارعا مكان جديد فسك ده عزيز في النهاية أخيرا ولا سأخيراً نسش في الحالة اللي فايتتش في الحالة الجية تنسبوصها مصادر لحنة اللي نشتركة انا بحبات ممكن تبالتحل المنفى زي الحلاء أعلى كلمة الدحية ونعرف معناها لها زي كلمة الدحية جزلها دحة ودحة تبى معناها الإحاح والدس يه يعني دفئ اسمك اللي بتعمله في اسمك عزيز نشاهد في النهان نلجة اللي فكرة اللي فكرة اللي نحن نشوف الحروف معناها يهو نحو الناس تنتج المعنة بلاشة الدحة دي اده للولوم الحكما والحاة بتعني التحويل فنا محوم الحكما زي كنزل انستبي بس بدل فلوز بحاوي معرفة حكما اتظل عندي بتولهه وبدس,اهلا اهلا كل اللي اللي اخدرات اه انا سمته اخدرات وليس سمته اخدرات حما نمك ان يسميها اي حاجه انه اهلا انا لا يتلونها اخدر فعولت اخدر اخدر اخدر اخدر اولا نحن نفسنا نتفع ناشع على تسمي تلقل وين ان صحاب عش certain ا password يقول ان ن Portugal ن serversOϊ يي Paper ا emo اصوعه يغضر بتاني اه اه بطني بطني البتعاله لك التاجف يا اين فيه فيه سم ايض ما انت مقوج موقول لما سمين السم داننا فهم اللي بنستردمو لما نحبن خون السضاقه ولا اخضل معنوى اللي بيننا وبين صحابنا غطر الصحاب حسني ما احتاج لما ناس ونيل بسيس و تفيس و تفيس و تفيس و تفيس و تفيس و تفيس و نزع على سيد فبات الاتيل و ما شف ما شف ما شف كرستو اسميها مرستو هذا مشكله ساحل و ركاته اهلا ميكم في حالقه جديده من برنامج التحيه فريه عزيز اخذك و نروح لوحده من اشهر القصص في صفل التكوين القصه قصه بورج بابل بحيات التفون العظيم بابد اكناس للنوح لسلام في بناه بورج عملات بابن هذا البورج في صفل فارد اسمها شنعار عالفزه القصه الابناد والكن حدف من بعد التفون انه يجمعه في مكان واحد على الارض يتوحده و يخلل على مكل ملكه واحده وهي بالمام لده بمجد عضورهم و بيخلت وحداتهم بورج راصو وسته للسنه كل عجيزي على حاله القصه ان البورج ده كان بيعرض راضه رب والارض للهي قامرت ان البشر بعد التفون يتفراه في الارض و يتقصروا و يعمرواها وما مختلفه وبالتالي البورج ده كان رامز للكبرياء وتحادل الارض للهي و نتالي البورج عقبهم رب ارقاب فريد بالنوع انتهى فمكان واحد متوحديين و الجمعين طبا خليكم ما تفع مجبعه خلع زيزي لو انت فمدين تكبت كل مولوغى وحده فهجه صحيط لايات كل واحد جنبك بكل مولوغى بحد جشفين حد ولايظم كله و جشتنغه و رين ناس حل عليهم غزل عقاب و مش فهانين بعض ما هدش ادين يبنوا هذا البورج و من هنا يتسهمت هزي القصه بقصه بورج بابل فهمه باسكت فصف التكوين لذلك دوع يا اسمها بابل لان رب هناء بل بل اللي سان كل الارض بورت البورج بعد فشالهم يتفرقوا في الارض و بتفرقوا هم ده تحقق قت راضه رب و تكون تلقناس والام من المختلفه حوال العالم عزيز يعني مجيقا لما قلق قصه وتفسرت الدنيا اذا هذا انا قلق لما قلق للايظه حقاعت نازي قل بدا للايظه وستنبطات واس قطات واس تقراء اي حاجه في رزالته بمعرفه انا بيخلفيه بوش عصب المنصوحه البرطانيه بريتانكه للايظه بخليان فقر ازاي نشايه اللغات المختلفه حوال الارض عرض عزيز ونقم اللغه حوال العالم عرض قم سبعه تلف اللغه اللغه من كتر موانه شد بديه احنا الفقرش ازاي اللغه وليف كم هازيل اللغات فهما نشف فقرش تليل بشعر من كل مشلغه وحده لها بعد ما تقضى النهو عمان التكنولوجي للمشكل لنا دلواتي من كل مشلغه فعصل انت نتوز الشلمده والتواصم تمارك فقرش اللغه تاتك انت لتنين هل انت فاهم علاقه كل اللغه تؤونه بالواصقع الحيال حواليك يعني مثلا الشيء اللي بتابل في الجنين بكليئ جزتا لعمله اخصاء ووره حاني با في مثلا تفاحه او صمره جنرى الشيء اللي احنات علينا في مدائلس انه اسم شغر دي من اول شعلي مركب او فيل وحن يسؤال هل بونيك علاقه حصري يتجمع بن اسم الشغر ومعنا الشغر وشغر لي يكسك لوس في الشيء دم ينفاش تسمع الا شغر بحما دن عرف الحركه دي انت تعمل عمليه اسمها فزلكه يحن نطلعنا لانها شغر عايز اه انت عايز اسمها جتاني اسمها جتاني يخيه يهازي زي عديم لا يستفزلكه يطبع مفزلكه بسي مش فزلكه فرق تقوس امن اسيئه اجبر شغره العلماء لعقود ماء هي اصلا اللقاء ماء هي حقيقه كلمه شغر اهي الاسم دوء يعلقت بمسماء او بتعبير علماء اللي سنيات فعصر الحديث هل بونيك علاقه شبه بن الاسم والمسمه بن الدال والمدلون الدالف الحالدي هو كلمه شغر ولمدلون هو الشغر نفسها في الكتاب في صغبه العربيه يقول ان تقتر احبا بلدون ان السؤال على اصلا اللقاء سؤال اجي مجدا ويجدل بتاعه ممكن لو رجانه بالزمان نحن حد زاء فلطون الادم في محوره كراتورس نظر جيتيين عن اصلا اللقاء نظر هل اولى بتقول انك كلمات ماء هي الا صوره صوتيه للموجودات يعني ابحمات بمعني ان هناك شبه بينك كلمه ومدلولها يعني مسلع عزيزي التسماء التائف ابديب او الهول والافيد لها علاقه اولى اولى فما سنفى الانجليزيه اسموف عشان وبيموف مسلع مشلته بصوته متربحه جامن شاكل او طاليط حركته افلطون نفسه كان منص حبر رائده كان بيشوف ان الشباب يبقى بيبقى بيبقى كلمه ومهيط الشيء او حيطه دي نظره نظرهت ان يبقى تقول لها ما فيشك كلم دخلص علاقت الاسم بالمسمى هي نتيجه التفاق او طواطه مابين ابدا مع اللغوي يعني نتفاقنا ان الحيوني اللي بينا بنص عين وصوته مرعبدا ان سميزي بونك اللغار نتفاقنا نسمي بقى اللغي بشمهم بقى ان يحلق قبل الحيون والاس المهم ان نتفاقنا كلنا على الكلمه لو فقط عزيسها تلين يكون لغه مطرنات واجهه اسئله زيدي اسئل حول الاصلاحه علاقت الاسماء بالمسماء بس اعكيد صابق وزيلا حالنا نحن نتبع اسئله كل لغه لغه انا بتميز فيها وفنطقه وفنحوها بسلاحه بحمدن مشلاع عدع سمينك كنفى زموضره اربوك بحمد اتحفنا بلغه لكل عرب الفصحه عزيسي انا لو كنت الاخير وزمانو لا تم بما لا استطيع به للمنس لكم في الاول راه بحمد خشاله بالحلقه خباك فراضه قد اعجايد بيبعد من ويشش السعاده اجرير فلغتنا عربيه لم يكن بونك نظريتين ونقن نظريتين زي افلطون كده انما هناك فكره تين التوقيف والاستلاح كل فكره بتترح نظري معينا لتشكير اللغه اولا التوقيف معنا في الاموم انه حاجه الشارع نصعليها الشارع ده مشلاع الشارع لم نار في قوره لا الشارع هنا المشارع و الشارع فلوات العلم الاسلاميه و الله سبحانه وتعالى والنبي محمد صلى الله عليه وسلم وبنع مني نحن بنكلم عن اللغه فلم عني انه على حسب كلم الاصحاب الرائده اللغه بكد جوعه واحد من الله الذي عالم ادم الاثماء كلها دي فيكره التانيه هي الاستلاح حجي فيكره بتقول انه اللغه هي مصفله عليه الناس والتفقو ده ملتلك ده انه حاوام سوتك ده اتفعنا نانسمي في كل كلمه لموجوده هي تركيم اتفع عليها البشف ورابطوها بالحاجات عشان الظماحيات و تعملت مليوميه فنظرتي بطوعه فلطون والفكره تين الحكات لك عنهم و عندنا هنا في الله عربيه قرررنا ننحن نسمي حجد بياس للموغاره تنننه التفقرنا على ده يعني تخير لو اكتمعى بشوه من قديم الزمن اعمل السويتش و امو عقسيني كلمه دي فبايه الفق اسمع حصان والحصان باس مداجاجا الحصب النظراتي ده كان شي ورقد ما بالانتفقى لو ناس غرت تفقاتها المفروض مغير اللغه ولكن عزيزي نظريت اللغه اتوغهلا اتتعمت كسيره و اننا عرض لك ما يسرن و انه يجب مظر مهم و دي مش من عالم اللغه دي من ادي بزك وهو ابرهم عبد القادر المازن في كتابه حصوض الهشيم المنزن بيتريع الفكره الاسطلاح بيقول ان القوه باننا ناس استلحه على الفض معينا ينقوا نفس وحسبك ان تسال كيف الصطاع ان يقف على هذه الالفاض والتركيب و باي اللغه تفاهم قبل ان تكون لهم اللغه ليس من الواضح ان نتفقى قوه يتفاهمون بها يعني ان نسلبت لهم ان اللغه و تكلمات جايب اللي التفاق طب التفاق تبعني اللغه عشان تتفو و بحمد رجد مكبر ماضوه عاد ديب معاد ديك دوام ناس عمائله فا منا سمالين فا مواحد شفوه هبيقول ديب ام ايه ديب برض اتفاق كل الناس العديين هظراصهم ومالو ديب فبعاد ديب لحاجه نماز ديب ما برفتش فيكت اللي صلاح دي كل يم لو هنحسم اسماء كل شيء ما احتاجين اسطل باسطل بلوها بلا عشان ندر نتفاهمونه نتفاوه ونفاضل اسطل من الالفاز لو هدنا عجيز بالنطقه دي و حطن الى استلاحك دعى لجب حنلي نظرات كتير عمد العرب بتقول ان فيعى لقى ومنطق بين الدال والمدلون يكلمه وشي اللي بتوصف وده الاختيار من العام العربيه حاوله يزبتو باكثر من طريق حلينه عجيزي اختيت فرح لكته من النظاريات والمحاوله اتحاول تاديم هذا المنطق وهيزي الصلاح طبعنا عجيزي من كتوله لايدا يكلم ومن كتوله الله ده حلو اوي بس الاكيد انه عجيز الفرديات و النظاريات مصيرا الاهتمام مثلا في النفارس فقر رابع اخيج ريان كان بادم اجزر اللغه ولكلما لو كان من طلط حروف بنغير تكويم مصدر او فعلمين مغرره تكروف جمب بعض ويون هتتها والدمكه فتلي من المدل الغويل بسيطه دي فيما هم يجمع كل المشتقاء فهما مكلم نظر دن امسله تازبوا صعجز ده لا معين به هتكون مشتقاته زي ليعب ولاعب وملاب ولاعب در كله بيجمعهم معاني مطربت قددك بيجمعهم معنوى one ده كم نفارس بيجي من بعد بنفارس فنفس القرم يبنجني رجد بيقدم في كتاب اول خصائص ويحدهم اول التفاتت ازكي اللي بتحلتر سمع لوقت بين النظر ومحنان في اللغه العربيه بيقول لك برساطه ان يجل السلاسي في اللغه العربيه كل تقليب واشتقاء قاطه بيجمعهم معنعام ويجمعنا مسال بكلمه كلمه اللي دزرها السلاسي كيف ويلام وميم لو اللي بنى الحروف دي مع بعضها هتدين ستشتقخل كلم كمولا لكما ملاكا نوك ولمك ابجي الني لك جايست حسي كلمه دي ما لها شلقى با بكلم لو ركستها تي بيجمعهم كن لو معنعام وهو القوه والشد تعلنها خط كل كل معلحده كلمه نشو كلمه هو جرح ودي قوه الكلمه احيانا بيجرح الكلمه وذي ما بول الشاعر جرح اللي ساني كجرح لاد لكما مفهوم حدد لبنيه وملاكا دي مراضف ل القوه وكامله من الكامال والكامال قوه برض ناست دائا مك ودي بيجي منها تعبير زي بيجي رمي كول يعني بيجي رقلما اه بلكازيز البيجي رمي انه شان تخدعت فيه ودي فكره هاي زي بيجي انجيني جيحا دي ما كلمه يجيب ان تجيب بيجي مجد اصل ولكن محاقك كتاب تاعه الدكتور محمد على الندار بيجيف ان التلامك هو تحرق اللي حيان بالكلم او طع واللحان دول الفكام فبار دوني ادرنوني لان هذا خلف معنا قوه فكده على حسب كلمه بنجني معاني الكلمات في العربيه ليست معاني عتباطيه ده هناك جزر مشتارب بيليف في ويدور لمعاني ارى يبقى وحتى لو منطقه بنجني مش بالتبق بتعبير على كل جزر السرسيه فهو امر يقصر في العربيه لداره جاتي خلصي نظريتي بنجني نظري متمسكه جدا ولا تنيين ابتته يعملو عمليه زومئن دول الفضل لغه اكثر من كدى بحمد ده نخلوه سجزر كل ما باعذيز ولماء دول الو احنا هروحنا دول على معنا ومنطقه بستخب بفي الوحه اللي بتصنع كلمات نفسها الحروف حلو عزياد دينك الشيخ حبد الله العلي ده االي بلبناني اتعلم في الازار في تلتنا تقرلع الشيخ برغل ده طرف في كتابه مخدامها لدرس الارب وعمل سوره بيرف عالمنا المحاصر حوالين علاقه اللفزه بمعناء في اللوان عربيه بول علي العلاقه الشيخ باسم علاقه منطقيق جدا وانك تمام شين وجيم وره ويته مربوته شغره بالحروف دي تحديدا هو اللي بيكاوين معنا شغره بلوخد عندك مكان شيخ فعل الشغره الا انها تكون بهذا الاس بحمده داخطي رجاء ممعت فنيقي انت عزياده عمله المشاكل في برنم داوزكت انها لقبرك اللعملها الشيخ العلاقي انه حطل كل حرف من حروف الوارع ربيه ده عام مغره ميساتي اي حدد الارس مقدمت المام اجزري في التجويد حياره والتفاشي اشيين بمعنى ان حرف دا حرف الشيين دا عاده بيوفيب التفاشي والانتشار فقك ده مع عزيزي فقلمات فيها حرف الشيين الشمسي الشيعى شريع ده هزم عاكده ان المعنى العام اللي بيجمها هزيك كلمه المتنوعه وفقكت زيوع والانتشار و العموميه كل ما تشوه عنف ساه تربع بحرف الشيين عنى نفس الطريقتي الحليل حقت معنا او عيدت معاني للحرف والحرف ده لما تجمع مع بعضها تهمي اللي معاني كل مجريده تعنى ناخد كل من شغر مسه اتهم المربوت خلالها لجمه يعلمه الغويه للتعنيس نخوش على شيين جيم ره حتى هزيزي معنا الحرف كتيف الشيين تدول على التفاشي بغير نظاب حين فقر في الفروع والاخصام الجيم بتدول على العلم و here is the rums لجزع الشغر الرهه تدول على الملكه و دي معناها تمكو نشيء في النفس زمن اول الملكه الابعان دفلان لان الموهبه تمكنك من النفس و رائع هنا او الملكه ممكن نحلها في كل من شغر لتمكو نجزور في الارض بكره على حسق المرغل ده كل الحرف لهم معنا وبيخلق صوره في دهنا شيين اخصام بتدفاشه جيم عظم الدجزع سابق الرهه تمكو نجزور من الارض حدوه بتتحكع عشان نحصر على صوره الشغره كامله يرى كنا نزوم ان اكثر زمن ركزنا عرم عنى الحروف نركز على الاصوات التي تصدرها و نحو المحكي حدوت الشغر مفسه بالاصواء في كتاب كلمن من مفردات اللغه الى مركره الصقافه يقول ان تكتو احمد بيضون ان الصور الحركيه الحسيه للحرف والاحساس بيصدر صوتو او زمن بثميح عالمات تجويد مخرى للحرف واصفاتو دكمان بيوساهم ايضا في تشكيل معنا خلال عزيزي نرجع الغافز الشغر نرجع المراضي بشكل مختلف شوي خلالهم شيء على صوت الحرف واصفات لو ركزها تليه بيراضف نفس المعاني الحطال عليه شيء من الحروف المهموس في اللغه والهمس هو غران النفس لما تنتى الحرف ولكذى عجي معي بصحر نفسك ونت بتقول ششش فيها واخير بقصره كانه هو ده معنا التفاشي فاي من فكره فنتبت بصحر نفسك التفتعمل اي و بتحول تستمبت معنا تعالى روه للجمع ده الجيم هو حرف من الحروف الشدى ان حباز جل يسوت عند نطل الحرف لو حويته يجب يجب مش هتكام المحق زيشين والشدى والقوه ده هي نفس العظمه اللي بكل معيش شخص العلي اخيرها بقصره حرف الرئه و ده من صفاته اتكرور اللهوه ارتعاد راس اللي سان لما تنتى الحرف مره بعد مره و ده تضطوا بشكل عباخر نم لن نسمى معنا الملكه عند العال وهي الملكه يين وتمكونها من الانسان الا محولات بتكرر مره و رباب زي ريه كد مشكل عباخر الشجر اللي في الجنينه هو كان شايف ان نحن لزن عبر عنها بالحروف دي بساب معيش الحروف و حسات الحروف مع بعض تكتر بايدون كمان بديف انكتمال حروف مع بعضها مش ماء السبب ديها معنا زي ما شوفنا بل احن بدينا صوره قسمانيه لحرقك والتجاه الفان و مسرل الابصه على فكه دي هو فالبلعى املا عديك عزيز و خلف الصص البيه مخرجها من الشفهين وتحديد من فتعى الشفهين بق والله مخرجوا من الانسان و العين مخرجوا من اقصى الحلق فيتشكل لنا بالمجموعه تتالت حروف دول استوري عزيزي قصه مصار الاك وات البلع بناء خود بشفه وبعدين بنمده وبعدك ده بلعن مشفع زي فرحل دي عزي تاحنا من شف محاوله وانظريه بتصرد لغه دي شفع فعلي استقارت وستاوت وغزرها اترسخت في الاد واخصنها تشهبكت لحد مبائب غابك سيفه ولكن لا يستعشوائي كل عنصر فيها بيتشابه ويتعشت بيبامعه تاني من اول سوط الحرف مخرج لمعناء المفرد وصولا لكتماع مع غير عشان يخد في النهيه على المعاني وتكونها لا جزب قد رواصه احر وبي اد من تصورات لمن تقيوحكم الدالو والمدلول ولكن عزي بفرد عالنا سؤال مهم مجددا بحمت كل المرفض مفرود كل المعروض مرفود كل المرفض مفرد مفرد كامل بحمت السؤال التي طبحنا نمبداي الحلق كيف بدات اللغه يعني الغابه الكسيفه لنحكت لكناهدي اي اول بزرخ ونيتها شخص علي لي بتصور انه منشه العربيه وكل اللغه عمومت هو لما قل انسل قديم بيسمى اصوات الطبيعه وكاملت لما بدفيها ويحاول يحاكي هذه الاصوات مش شاني تسل وينا ما عشاني اده وزيف وهم زي تنبيه وتحزير مثلا يسمع زق فيقول محاكي العواء بتاعه بحوى هنا خزر جمعته نجمع الزباره فيقول عو دخل محاكيته غليبا اهباره عن مقاطه صوتيه صغيره مقاطه من حرفه وحرفين ومحادي ان زي ما تقول كنا يدفل انسان لازم تتكرور وو الف ده بانافس الصوت اللي بنسمع وبشكل متكارر لن تف بعيط وح فالانسان بستعدمو ويوصل لما رحال اعلى من محاكات صوت الزق فيقول العوه وح وبالذبان الطبيبات تتعاقق هذه الاصواء وبتعاقى معها افقور الانسان والمعاني اللي بدر فراص منطق العليل بالليل وشابه في مقدميك كتاب سرلل في القلب والابدال للكاتب انه two احمك فارس الشديو راجتك بقول انه اللون عربيه بحكيات الاصوات والصفات في افعال افعال زي دققه هذا دبا وغير هواغير شنك لا يخلفها لسنال مضاعف ده هو الاس اللي تفررات منه شغرت اللوها العربيه فقال ازي المزني الحكد لكراع والفلسط اللح سمو تله المزني لم يكن علم لهم بس وادر بما يبتوا وبعض نظر وكعديب يتصوير مرحه المرد بها اللغ بحضه موصلت لنه اكشي عاديسي وقال مفرقه تصوير مشهبا بين عن العليل ممكن ناخص كلم المزني في تلط مرحه اول مرحله الانسان بحول يتور انصفك كلمات والاصوات المفرضه اللي بنتقى عشان يقدر يحبر بها وستجمعت بشريس غير دي كتاول مرحله المحل بعد كده الانسان بالافضل بسيطتي هيبدا شويه يعبب في الاول هيحبر عن المحسسات زي الحكد المدال حولي بعد كده يبدا يروح الحكد معنا وياكتك زي مسان تعبير عن مشار المحات التراه في الانسان بالتفتل شويه تقل في الزلم عادون ويبدا يتبعهم على زوائل الحال اضب يبتدي يحطبا كده زي السوص اسمه وافعال من عالم الشخص عشان ينديها صفوت وكفارض ممكن يخلي منها وزكروا منها زي الشمس والامام ويخلي مسلاه الربيع بيط وهكذا وهكذا انا عرف عزينا انت بتلغبت فخلينا اني لبن كله والندا بابس الطريق ممكن وننتفت في الاجمله زهب الليله طلع الفدر وولع صفر صوصه شاف الاطه الليها بيسبس التل نونه نونه لونه دي لو عقسنا تتم فرضطه الليها بتصوير لنا صطور اللغه زي لاله المزني والعليل وشديوه يعني مسلاه صوصه وبيسبس ونونه هي حكيت الصطه عن الشديوه وهي برضو نفسها المقاطع السنائيه الصوتيه عندي العليل وانصافك كلمات عندي المزني وكله عندي التلاته هي الطور الاول في نشو اللغه عم ذهب الليله باقى وطلع الفدر بتخليل نسال الليل بيسبه فين والفجر بيطلع مني دوان عزيزه نعرفين كواليس ندل بيسبه وربيطلع انما ده المجاز اللي استعاروا الانسان من حياته عشان يقدر يفصر زواهر كنحولي الي انسان هو اللي بيسبه الي انسان هو اللي بيطلع ده ربال دور بيوصه فكره المجازد المستالح عزيز يثم ووه من المشهبه وفي الخيال بيثدخل عشان يعمل على القاه بين اللظو والصوره مثل كل متعين كل ما المنكى انتولها على حاسه الابسار ممكن برضو تولها حلبيئر ميهجا وفيه دعلى خازيز مشهاف الصرحه الى المجاز عين الماء هنا اتشبهد بالعنى المشاريه لنقاءها وصفاء زي ما بيقول من فارس في المواجم بتاعو وحتى العينك حرف مكتوب شابه رسم تلعين الخططين بيسمم بجوزي العالمين حاجب العين بعد المعينك لو بصيطها تلافها خمسين معنا مختلف العين وكلها قائمه مش على اصوات لا على المجاز على المشابهه بين المعنى الاول والمعاني المتول لدامين فلو خلنا مسلا بالمجاز حلاني بسها لن نطصور تلاشي الليل والدمعينكي بازهابه ون بساقي فجر من عزد ضل ما تلوع المحالات عزيزي لك لن نعنها بتخلينا نقدر نفسر تطور اللغ وكام المعامي اللي مكلش حسين انها مووده جوه وتخلينا تاكد ان كل حرف وكل كلمه ووهطه طور و تاريخ طويل من التفسرد تعلم بسها نتخيل انسان كهف بداقي انسان بيتحك فكافو وهو شايف نهر جال ومتاكد انها زنه بس صلع نبي هير وعطش ونشو بعده بالف السنين يبحتر بيقول اتاك الربيع الطلقو يختال وضح حقا من الحوث نحتها كاده ان يتكلمه ودحكده انسان بيقول هو بعدين يشاعر اصقط هذه الدهه على العالم بتاعه فشبه انتعى شطبيع عبر الربيع وزهور السمار كامل هتتحك زيما الانسان بيتحك فتزهار سنان انتلوت عزيزي بتعلم كويش عرف موضوع مشكله بس عرف ان اللغه طور حكا زي الدهه مع الوقت مع وروس سنين لما عاني اعقدت لفتحنا لسن العرب عالمد الدهه بضع وحكف هنال الدهه معاني اكتل بكتي مثلا يعني حاضه وده فصر بي مفسلين الايال قرانيه فضحكت فبشرناها بسحاط وضحوك من طرق مواضحه وستبان وضحوك برضو هو الطريل وعسان ايه تكد بحمد لاخم التيني انهم من معاني دهه صلال الدهه الكتب اللي بناني فايد العبد اللى هيا تقصه هازي المساله بناي عنا مطريق تشيخ العلي في معاني الحروف طبعا نتعارف هيا سكتل لهم نعنف لعوى بقول لنا كتب ده فما قالوا الدهه برضي يفضد تدول على الغلبه تحت الثوق يعني اصلا راسخين الحب تدول على التماسك البالف وتدول الايضا على المائيه يعني شي في سيوله الكاف بتدول على شي ينتج عن الشي فيهتكك بيقول لك توركيس تهينه كان ممكن نكتفي بالدود وكاف للتعبير عن الدهه يعني لو الدهه هو تكشو في شيء عن اخر فالحرفين دول مفروضي مكفيين للتعبير عن حركه الفككين اسنا الدهه ابه اللي غب حرف الحاضي وكاله معرفت اصلا الدهه هنالي معني الدهه بتديت ترتب ما سلن هيا استعباد معني زي الطريل واسح بي بصطه شديده لانه اكيد انسان اكتشف اسنانه والمره اكتشفت الحيض ابل تمهيد الطر هيا استعباد كمان الزهار الارض الابات هيا اليها الفض مخصوصه ورى يبنى جزل الدهه وهو اضبقى اقد اقد غير كمان انظور النبات مجدائما وفاج الغالف وحات الصحر ايه هل قد تدحك بدا ملحيد ارغوك يا بحمد لا يمكن عزيزي خلال انتبع مع رجل حد الاخيض ما نعرف في الاسنان لو فقرت فيها مش بتظهر وقت الدهه كمس وان ناما من شوفها في حاله زي الائكل واتكشير لكي ممكن مثل المسلن تظهر صورا في حاله حيد المراه اكع لامه انه اذا بسم الله مش الا اللي بين تبالغي او ان قطادا ملحيد مفسه ممكن يبقى على معل الحم بانته البحث ان المعنى الاول والمعنى الاسنه للدهك شف شوف اكشلي دعم الحيض مش دهكد انسان او زور اسنان وزايما وطصاور انما بقى المعندي قد بعد كتب الخيام على سبيل الاستعاره من الاسك مش مساده خلينه ضرب لك مسل من قوم لامجازي واتمن واحد ايه بابيات حكو مش اادر بيول الدهكي كان للروكب تقدر تفصرها ايه زي حد يتحك لحد روكب ويستطبد فقط ويش مفوب ولكن على حسب تفصير نقدر نفسرها بصاطه ان دم المراه لم يسيل بكسافه ومي ليش حاجه وافو هيوم سنه للروكب ومن معنا اكثر دي استعارنا هذه الجمله عشان نعبر عندهك الانسان سحت الفرح الشمين قست عزيزي الدهكي لحكت حلك دي فهتحو بهم هو انتقال دلتكيلمه من نحنها الاول لما نحنها المستعار ومعدي كده بيغلب المعن المستعار ويكشي لي بيستقر كان المعن الاصلي كل حكت كل حكت لقد عزيز ندى من سمي شغار مفهيمي استعملت فيه كل من شغر وخطديها رحل طويله في الالفاز والمعاني وتبعا دلواتي سهلت لحزل على الاقى بين الشغر المتشابك باخصانه والشغار المتشابك بوجهات النزل المختلفه لما النسيه تشاجر فنعجيز دي كلها نظر يضحول التضوار على ابينيه منطقيه اكتب عن صاحب نهر كل النظرات المتظار بحرن اللغه لكن سال مهم مهنى بعد عرض كل اصقار والنظرات دي لازم تكل ده رحلت عزيز في اللغه العربيه بمهنها لغتنا هي المسهل اراب عن اللغه عمومن لكل كماعين سنه فكت طلسه مده كلها مشرفه يغلص الحسب اللغه والابريكي بنجم الدليور في اللغه بشكل الطريقه لبنفقر بها ويكشي لي ممكن تحدد ايله بنفقر فيه اللغه هي طريقه في التواصل والتعبير وستقبال المعين من غيرها وصفها في الاسوب خليجر انها مسكن المبود عمرك معتاره في تعببه لو مسكنه قديه او مشفاهم حندس وشنكد عرضه فقصد بورج بابل فقدان اللغه المشتركه كان فقدان لكل شيء وعقاب خلال البشر يروح دوارعا مكان جديد فسك ده عزيز في النهايه اخيرا ولا ساخيرا نسش في الحاله اللي فايتتش في الحاله الجيه تنسبوصها مصادر لحنه اللي نشتركه انا بحبات ممكن تبالتحل المنفى زي الحلاء اعلى كلمه الدحيه ونعرف معناها لها زي كلمه الدحيه جزلها دحه ودحه تبى معناها الاحاح والدس يه يعني دفئ اسمك اللي بتعمله في اسمك عزيز نشاهد في النهان نلجه اللي فكره اللي فكره اللي نحن نشوف الحروف معناها يهو نحو الناس تنتج المعنه بلاشه الدحه دي اده للولوم الحكما والحاه بتعني التحويل فنا محوم الحكما زي كنزل انستبي بس بدل فلوز بحاوي معرفه حكما اتظل عندي بتولهه وبدس,,0.0,,,"[0.26325178146362305, 0.651626467704773, 0.13112221658229828, -0.016146445646882057, -0.34118470549583435, -0.0459539033472538, 0.654947817325592, 0.01524474285542965, -0.1584007740020752, 0.10022442787885666, 0.003629334270954132, -0.71449875831604, 0.6214677691459656, -0.11789339780807495, 0.17238202691078186, 0.0018718731589615345, 0.06782519072294235, 0.05467146635055542, -0.35573527216911316, -0.751945436000824, -0.4573977291584015, -0.18997132778167725, 0.2384626716375351, -0.18665216863155365, 0.1540234535932541, -0.15004409849643707, 0.15152888000011444, 0.1434439867734909, -0.01749332994222641, 0.9279017448425293, 0.19332700967788696, -0.08741757273674011, 0.425604909658432, 0.025355450809001923, -0.06677789986133575, 0.29432764649391174, -0.10299914330244064, 0.0879531130194664, -0.09642055630683899, 0.5608989596366882, -0.1164766401052475, -0.04763415455818176, 0.04315302520990372, 0.41266047954559326, -0.16936486959457397, 0.17867834866046906, -0.05188988149166107, -0.118819959461689, -0.5304193496704102, -0.14425954222679138, 0.0241207517683506, -0.19760026037693024, -0.3671688735485077, -0.04112321510910988, 0.15867352485656738, -0.26070404052734375, 0.6466785669326782, 0.04695599898695946, -0.36564043164253235, 0.11803878843784332, 0.16345036029815674, 0.08828141540288925, -0.6352263689041138, 0.12976349890232086, -0.9718090891838074, 0.24266645312309265, 0.39320826530456543, 0.28974276781082153, -0.0332917794585228, -0.2078833281993866, -0.10552635043859482, 0.09569767117500305, -0.19981572031974792, 0.07724988460540771, -0.16158711910247803, -0.43405017256736755, -0.0814032182097435, 0.05751986801624298, -0.027605978772044182, 0.3651656210422516, 0.48124954104423523, -0.08463861793279648, 0.19809013605117798, -0.3038457930088043, -0.05642106384038925, 0.18623751401901245, -0.033746082335710526, 0.19219857454299927, 0.21872468292713165, 0.1145065575838089, -0.17016178369522095, -0.18930339813232422, 0.0249276515096426, 0.13316166400909424, -0.6780686974525452, -0.12674713134765625, -0.31241434812545776, -0.001066105905920267, 0.06289587914943695, 0.35002338886260986, 0.10163740813732147, 0.001268079038709402, 0.03700712323188782, 0.2625391483306885, -0.08919405192136765, 0.37992507219314575, -0.0763998031616211, 0.09714393317699432, 0.006679957266896963, 0.12275893986225128, -0.8256940841674805, -0.2503872215747833, -0.033817604184150696, 0.041029009968042374, -0.19695422053337097, 0.1934349536895752, 0.039642103016376495, -0.24778832495212555, -0.2537388205528259, 0.13286934792995453, -0.15881766378879547, -0.05505308881402016, -0.3372865319252014, 0.3895571231842041, 0.36162254214286804, -0.6536215543746948, 0.09019257873296738, 0.22327397763729095, 0.3785739839076996, 0.12021884322166443, 0.04858345165848732, 0.012787528336048126, -0.2537079155445099, 0.35305485129356384, 0.16652773320674896, -0.41597962379455566, 0.05685829371213913, 0.16187706589698792, 0.16203784942626953, -0.7801429033279419, -0.2077980935573578, -0.02570848912000656, -0.4724269509315491, -0.18894824385643005, 0.1732330620288849, 0.16981257498264313, -0.3775632381439209, 0.19696223735809326, 0.35639870166778564, -0.19439023733139038, 0.34579193592071533, -0.21860885620117188, -0.02004670538008213, -0.002146222162991762, 0.30092257261276245, 0.23073183000087738, 0.6935263872146606, -0.2196764051914215, 0.2134460061788559, -0.16562184691429138, -0.5773935914039612, -0.1230102926492691, -0.4266194701194763, -0.16531439125537872, 0.08353081345558167, 0.2976118326187134, -0.068563312292099, -0.16210784018039703, -0.31606924533843994, 0.014361541718244553, -0.10646362602710724, 0.07553843408823013, 0.8183915615081787, 0.36846205592155457, -0.061467818915843964, -0.2860095798969269, 0.012119347229599953, -0.5465375781059265, -0.3259335160255432, -0.11851324141025543, -0.055465374141931534, 0.26655465364456177, -0.13400724530220032, -0.13065484166145325, -0.15643145143985748, 0.12871244549751282, -0.17644408345222473, 0.04453279450535774, 0.18800197541713715, -0.25811928510665894, -0.6501720547676086, -0.1168893352150917, 0.016656365245580673, -0.7589499354362488, 0.013987529091536999, -0.19722281396389008, 0.04651928320527077, 0.18370302021503448, 0.648470938205719, 0.21371306478977203, 0.24022553861141205, 0.39547520875930786, -0.2084384560585022, 0.22615598142147064, -0.0334114246070385, 0.1795024573802948, 0.1282196342945099, 0.0803491547703743, -0.2973463237285614, 0.09989000856876373, 0.271676629781723, 0.09171251952648163, -0.39423730969429016, 0.2910342216491699, 0.06427507847547531, -0.07367780804634094, -0.013401074334979057, 0.5221744179725647, -0.6161171793937683, 0.13291926681995392, 0.15868306159973145, -0.5993903875350952, 0.12275834381580353, -0.3297693133354187, 0.6235898733139038, 0.43994224071502686, -0.577855110168457, -0.2708300054073334, -0.022273428738117218, 0.03275078535079956, -0.25905776023864746, 0.3328482508659363, -0.3066612184047699, -0.017428431659936905, 0.06672361493110657, 0.05576670542359352, -0.0005200076848268509, 0.014744501560926437, -0.1634773463010788, -0.24473294615745544, 0.6756128072738647, -0.050234679132699966, -0.27922117710113525, 0.1965271532535553, -0.10239642858505249, -0.4139616787433624, -0.5011709928512573, 0.542503833770752, -0.03850305452942848, 0.4953082501888275, 0.1784917414188385, -0.12571710348129272, 0.2334139347076416, 0.237754687666893, 0.43322402238845825, 0.42543065547943115, -0.4592835307121277, -0.009267522022128105, 0.1454804390668869, -0.46353763341903687, -0.2941111922264099, 0.26186349987983704, -0.3691923916339874, 0.4453012943267822, 0.2556489408016205, 0.15382732450962067, 0.14958752691745758, -0.5503861308097839, 0.13495169579982758, -0.28961771726608276, 0.11423875391483307, -0.018003052100539207, 0.03682676702737808, -0.3928460478782654, 0.36158066987991333, -0.08639894425868988, 0.3533228635787964, 0.07588151842355728, 0.38581645488739014, 0.3024880588054657, -0.19621843099594116, -0.33056554198265076, 0.34270957112312317, -0.3698970675468445, -0.33646219968795776, 0.02935553714632988, 0.6250364184379578, 0.2575581669807434, -0.19196145236492157, 0.13665510714054108, 0.13230302929878235, 0.05006229877471924, 0.6304631233215332, -0.10559836775064468, 0.4107806384563446, -0.035830553621053696, -0.09521408379077911, 0.1317223161458969, -0.012928968295454979, 0.37035563588142395, -0.22377607226371765, 0.07812222838401794, -0.005431585945188999, -0.05949452146887779, 0.42080023884773254, 0.07149774581193924, -0.08936673402786255, -0.13145548105239868, 0.1688576489686966, -0.3850102424621582, 0.01773163676261902, -0.31639397144317627, 0.26632967591285706, -0.3438655734062195, -0.16618292033672333, 0.6673775315284729, 0.22566191852092743, 0.2194848209619522, 0.05164657533168793, -0.681469202041626, -0.22030317783355713, -0.6070389151573181, -0.2344851940870285, -0.005243370309472084, 0.040740128606557846, 0.15754379332065582, 0.220316082239151, -0.6879919767379761, 0.2050096094608307, -0.3639478385448456, -0.611410915851593, 0.09111107885837555, -0.4347180426120758, -0.16960835456848145, -0.15524275600910187, 0.13745218515396118, -0.08188607543706894, -0.19371022284030914, -0.15401935577392578, 0.09616807103157043, -0.1326235979795456, -0.2445320338010788, -0.34198349714279175, 0.31947168707847595, -0.12438555061817169, 0.1638597548007965, -0.3636678159236908, -0.37361326813697815, 0.02964520826935768, 0.026442723348736763, 0.3623429536819458, 0.45796453952789307, 0.14724941551685333, -0.13994236290454865, -0.5611444711685181, 0.15708379447460175, 0.13667818903923035, -0.1177792176604271, 0.154888316988945, 0.09517761319875717, 0.2908920347690582, -0.05892554670572281, 0.21406665444374084, 0.8714934587478638, 0.42325925827026367, -0.3182183504104614, -0.004144265316426754, -0.02157251164317131, 0.015791168436408043, 0.11859707534313202, -0.22506824135780334, 0.1976301670074463, 0.07218765467405319, 0.11550255119800568, -0.12691627442836761, 0.14442792534828186, 0.0743098258972168, 0.028421152383089066, -0.04744904115796089, 0.3294452428817749, 0.31824415922164917, -0.3364794850349426, 0.20160631835460663, -0.12533345818519592]","الكلمات لوحدها مش كفاية

اللغة العربية مليانة طبقات معنوية

علم المعاني جزء من البلاغة العربية

الفرق بين المعنى الظاهر والمعنى المقصود

العرب اهتموا باللغة بشكل عميق جدًا",إيجابي/تعليمي
yc7x5jNhXIQ,https://youtu.be/yc7x5jNhXIQ?si=u5p58jCT81Vv6BXj,حلقة مضافة يدويا - سلبي,New Media Academy,0,20240510,0,completed,,,,0.0,,,,"اغتيال جون كيندي كان من أشهر الحوادث السياسية
تم اغتياله سنة 1963 أثناء موكب في دالاس، والحدث صدم العالم كله.

الحكومة الأمريكية أعلنت إن لي هارفي أوزوالد هو القاتل الوحيد.

ظهور نظريات مؤامرة كثيرة

ناس كتير شككت في الرواية الرسمية، الأدلة والتسجيلات سببت جدل كبير

الحدث بقى رمز عالمي لنظريات المؤامرة
",سلبي/غموض
Y6UB2N6T9tk,https://youtu.be/Y6UB2N6T9tk?si=jAt4TxfQQADJ-GFK,حلقة مضافة يدويا 2 - سلبي,New Media Academy,0,20240510,0,completed,,,,0.0,,,,"الناس بتعرض النسخة المثالية من حياتها

المقارنة المستمرة بتأثر نفسيًا

الإنستغرام مصمم لجذب الانتباه

السعادة الظاهرة مش دائمًا حقيقية

التأثير على تقدير الذات
",سلبي/تحذيري
,,,,,,,,,,,,,,,,
,,,,,,,,,,,,,,,,
,,,,,,,,,,,,,,,,
,,,,,,,,,,,,,,,,
,,,,,,,,,,,,,,,,
,,,,,,,,,,,,,,,,
,,,,,,,,,,,,,,,,
,,,,,,,,,,,,,,,,
,,,,,,,,,,,,,,,,
